"번호","개방서비스명","개방서비스아이디","개방자치단체코드","관리번호","인허가일자","인허가취소일자","영업상태구분코드","영업상태명","상세영업상태코드","상세영업상태명","폐업일자","휴업시작일자","휴업종료일자","재개업일자","소재지전화","소재지면적","소재지우편번호","소재지전체주소","도로명전체주소","도로명우편번호","사업장명","최종수정시점","데이터갱신구분","데이터갱신일자","업태구분명","좌표정보x(epsg5174)","좌표정보y(epsg5174)","문화체육업종명","문화사업자구분명","지역구분명","총층수","주변환경명","제작취급품목내용","보험기관명","건물용도명","지상층수","지하층수","객실수","건축연면적","영문상호명","영문상호주소","선박총톤수","선박척수","선박제원","무대면적","좌석수","기념품종류","회의실별동시수용인원","시설면적","놀이기구수내역","놀이시설수","방송시설유무","발전시설유무","의무실유무","안내소유무","기획여행보험시작일자","기획여행보험종료일자","자본금","보험시작일자","보험종료일자","부대시설내역","시설규모","관광숙박업상세명",
"1","관광숙박업","03_11_01_P","5710000","CDFI2260032025000001","2025-12-31","","01","영업/정상","13","영업중","","","","","","","","충청북도 청주시 청원구 내덕동 725-52","충청북도 청주시 청원구 새터로142번길 23 (내덕동)","28344","스테이 올디스","2025-12-31 17:44:09","I","2026-01-03 00:20:02","","242599.0601969","351159.477648016","관광숙박업","","주거지역","2","주택가주변","","","숙박시설","2","0","0","0","","","0","0","","0","0","","0","141.83","","0","","","","","","","0","","","","142","호스텔업",
"2","관광숙박업","03_11_01_P","6520000","CDFI2260032015001016","2015-02-13","","01","영업/정상","13","영업중","","","","","064-733-2001","","","제주특별자치도 서귀포시 토평동 486-3","제주특별자치도 서귀포시 칠십리로 242","","서귀포KAL호텔","2025-12-31 16:10:51","U","2026-01-03 02:40:00","","160909.251922292","-27664.1419499329","관광숙박업","","자연녹지지역","11","기타","","","호텔","9","2","225","22187","","","","","","","","","","22187.14","","","","","","","","","0","","","","22187","관광호텔업",
"3","관광숙박업","03_11_01_P","6520000","CDFI2260032011001014","2011-07-22","","02","휴업","02","휴업","","2025-12-01","2026-11-30","","","","","제주특별자치도 서귀포시 강정동 3789","","","제이하우스","2025-12-31 08:59:30","U","2026-01-03 02:40:00","","","","관광숙박업","","","0","","","","","0","0","21","1562","","","0","0","","0","0","","0","1561.6","","0","","","","","","","0","","","","1562","호스텔업",
"4","관광숙박업","03_11_01_P","3350000","CDFI2260032014000001","2014-10-29","","01","영업/정상","13","영업중","","","","","513-9123~5","","609-853","부산광역시 금정구 구서동 420-40","부산광역시 금정구 금정로 242 (구서동)","46274","(주)덴바스타호텔구서점","2025-12-31 15:56:15","U","2026-01-03 02:40:00","","390347.549734077","195952.674076618","관광숙박업","","일반상업지역","10","기타","","수협","","10","1","51","0","","","0","0","","0","0","","0","2615","","0","","","","","","","0","","","","2615","관광호텔업",
"5","관광숙박업","03_11_01_P","3050000","CDFI2260032025000002","2025-10-02","","01","영업/정상","13","영업중","","","","","","","","서울특별시 동대문구 장안동 372-14","서울특별시 동대문구 장한로21길 8 (장안동)","02624","동대문 시그니처 관광호텔","2025-12-31 11:01:19","U","2026-01-03 02:40:00","","206091.537162593","451990.224278208","관광숙박업","","일반상업지역","15","","","","","14","1","67","320","","","0","0","","0","0","","0","2914.95","","0","","","","","","","19000000","","","","2915","관광호텔업",
"6","관광숙박업","03_11_01_P","3290000","CDFI2260032025000008","2025-04-28","","01","영업/정상","13","영업중","","","","","","","","부산광역시 부산진구 연지동 42-12 연지아담재","부산광역시 부산진구 성지로8번길 10, 301,302,303,401,402호 (연지동, 연지아담재)","47123","아미스테이","2025-12-31 14:54:49","U","2026-01-03 02:40:00","","387287.958896937","187750.931707706","관광숙박업","","","0","","","","","0","0","0","0","","","0","0","","0","0","","0","0","","0","","","","","","","0","","","","0","호스텔업",
"7","관광숙박업","03_11_01_P","3380000","CDFI2260032026000001","2026-01-02","","01","영업/정상","13","영업중","","","","","","","","부산광역시 수영구 민락동 176-29","부산광역시 수영구 광안해변로277번길 3, 2층 (민락동)","48286","하나 여름","2026-01-02 10:14:46","I","2026-01-04 00:20:12","","393469.641387294","186162.120397291","관광숙박업","","준주거지역","0","","","","","2","0","0","0","","","0","0","","0","0","","0","121.94","","0","","","","","","","27500000","","","","122","호스텔업",
"8","관광숙박업","03_11_01_P","3380000","CDFI2260032026000002","2026-01-02","","01","영업/정상","13","영업중","","","","","","","","부산광역시 수영구 민락동 179-3","부산광역시 수영구 광안해변로 235, 4층 (민락동)","48284","컨셉스테이","2026-01-02 10:17:26","I","2026-01-04 00:20:12","","393085.150482681","186011.990468756","관광숙박업","","상업지역","0","","","","","4","0","0","0","","","0","0","","0","0","","0","316.11","","0","","","","","","","320501632","","","","316","호스텔업",
"9","관광숙박업","03_11_01_P","4641000","CDFI2260032026000001","2026-01-02","","01","영업/정상","13","영업중","","","","","","","","전북특별자치도 전주시 덕진구 금암동 761-5 신성파크텔","전북특별자치도 전주시 덕진구 용산1길 5, 4층 (금암동)","54933","전주호텔 스테이 복이 한옥마을점","2026-01-02 13:20:22","I","2026-01-04 00:20:12","","211691.904306946","259523.2069497","관광숙박업","","","0","","","","","0","0","2","0","","","0","0","","0","0","","0","89.04","","0","","","","","","","0","","","","89","호스텔업",
"10","관광숙박업","03_11_01_P","3250000","CDFI2260032025000005","2025-12-24","","01","영업/정상","13","영업중","","","","","","","","부산광역시 중구 동광동5가 47-3","부산광역시 중구 동광길 35 (동광동5가)","48927","메종드노크","2026-01-02 15:19:04","U","2026-01-04 02:40:00","","385430.425497418","180251.86558137","관광숙박업","","일반상업지역","3","","","","","0","0","0","0","","","0","0","","0","0","","0","243.95","","0","","","","","","","0","","","","244","호스텔업",
"11","관광숙박업","03_11_01_P","3220000","CDFI2260032026000002","2026-01-05","","01","영업/정상","13","영업중","","","","","","","","서울특별시 강남구 논현동 199-4","서울특별시 강남구 강남대로 482, 3층 (논현동)","06120","레이지타이거 HOSTEL","2026-01-05 13:24:14","I","2026-01-07 00:20:36","","202098.026747912","444801.432607191","관광숙박업","","주거지역","4","주택가주변","","","숙박시설","3","1","0","0","","","0","0","","0","0","","0","233.49","","0","","","","","","","104500000","","","","233","호스텔업",
"12","관광숙박업","03_11_01_P","3010000","CDFI2260032026000001","2026-01-05","","01","영업/정상","13","영업중","","","","","","","","서울특별시 중구 남산동2가 18-9","서울특별시 중구 퇴계로20길 31 (남산동2가)","04629","더큐브 호텔","2026-01-05 10:18:20","I","2026-01-07 00:20:36","","198711.004408276","450729.70372038","관광숙박업","","","0","","","","","0","0","0","0","","","0","0","","0","0","","0","0","","0","","","","","","","0","","","","0","호스텔업",
"13","관광숙박업","03_11_01_P","3010000","CDFI2260032026000002","2026-01-05","","01","영업/정상","13","영업중","","","","","","","","서울특별시 중구 황학동 731-1","서울특별시 중구 퇴계로83길 10-22 (황학동)","04576","SINDANG GRAND JOY 호스텔","2026-01-05 11:21:58","I","2026-01-07 00:20:36","","201643.411062205","451532.973367955","관광숙박업","","","0","","","","","0","0","0","0","","","0","0","","0","0","","0","0","","0","","","","","","","0","","","","0","호스텔업",
"14","관광숙박업","03_11_01_P","3700000","CDFI2260032019000001","2019-02-26","","01","영업/정상","13","영업중","","","","","052-277-2700","","","울산광역시 남구 삼산동 216-12","울산광역시 남구 삼산로383번길 6-17 (삼산동)","44712","브라운도트","2026-01-05 11:13:42","U","2026-01-07 02:40:00","","413056.400861217","229303.051361999","관광숙박업","","일반상업지역","10","","","","숙박시설","10","0","50","0","","","0","0","","0","0","","0","2892.05","","0","","","","","","","0","","","","2892","관광호텔업",
"15","관광숙박업","03_11_01_P","3290000","CDFI2260032023000001","2023-08-14","","01","영업/정상","13","영업중","","","","","051-815-5050","","","부산광역시 부산진구 부전동 524-48","부산광역시 부산진구 부전로 28 (부전동)","47288","H AVENUE","2026-01-05 17:44:34","U","2026-01-07 02:40:00","","387324.936691713","185693.767866322","관광숙박업","","","9","","","","","8","1","43","0","","","0","0","","0","0","","0","1957.16","","0","","","","","","","0","","","","1957","관광호텔업",
"16","관광숙박업","03_11_01_P","3420000","CDFI2260032025000002","2025-12-24","","01","영업/정상","13","영업중","","","","","","","","대구광역시 동구 효목동 284-9","대구광역시 동구 효신로16길 47 (효목동)","41230","거복스테이","2026-01-05 16:11:29","U","2026-01-07 02:40:00","","347442.799741651","265549.782401853","관광숙박업","","중심상업지역","2","","","","숙박시설","2","0","2","134","","","0","0","","0","0","","0","134.32","","0","","","","","","","720000000","","","","134","호스텔업",
"17","관광숙박업","03_11_01_P","4400000","CDFI2260032011000002","2011-10-20","","01","영업/정상","13","영업중","","","","","043-649-6022","","","충청북도 제천시 백운면 평동리 707","충청북도 제천시 백운면 금봉로 365","27105","포레스트리솜","2026-01-05 10:40:42","U","2026-01-07 02:40:00","","292837.458535471","406867.552237621","관광숙박업","","전용주거지역","7","기타","","","숙박시설","7","5","0","0","","","0","0","","0","0","","0","193784","","0","","","","","","","100000000","","","","193784","휴양콘도미니엄업",
"18","관광숙박업","03_11_01_P","3010000","CDFI2260032026000003","2026-01-07","","01","영업/정상","13","영업중","","","","","","","","서울특별시 중구 명동2가 54-2","서울특별시 중구 명동8길 8-11, 3층 (명동2가)","04536","무드온서울","2026-01-07 11:15:29","I","2026-01-09 00:20:01","","198513.571993372","451211.103380431","관광숙박업","","","0","","","","","0","0","0","0","","","0","0","","0","0","","0","0","","0","","","","","","","0","","","","0","호스텔업",
"19","관광숙박업","03_11_01_P","3000000","CDFI2260032026000001","2026-01-06","","01","영업/정상","13","영업중","","","","","","","","서울특별시 종로구 종로5가 257-1","서울특별시 종로구 종로 248-1, 5층 (종로5가)","03197","편안정 종로5가점","2026-01-06 13:27:36","I","2026-01-09 00:20:01","","200401.722939568","452062.956830205","관광숙박업","","상업지역","7","기타","","","숙박시설","6","1","0","0","Pyeon an jeong Jongno 5-ga","Tourist Accommodation Business(Hostel)","0","0","","0","0","","0","90.55","","0","","","","","","","0","","","","91","호스텔업",
"20","관광숙박업","03_11_01_P","3000000","CDFI2260032026000002","2026-01-06","","01","영업/정상","13","영업중","","","","","","","","서울특별시 종로구 종로5가 257-1","서울특별시 종로구 종로 248-1, 2층 (종로5가)","03197","스테이 도손 동대문점","2026-01-06 13:30:30","I","2026-01-09 00:20:01","","200401.722939568","452062.956830205","관광숙박업","","상업지역","7","기타","","","숙박시설","6","1","0","0","Stay doson Dongdaemun","Tourist Accommodation Business(Hostel)","0","0","","0","0","","0","90.55","","0","","","","","","","0","","","","91","호스텔업",
"21","관광숙박업","03_11_01_P","3380000","CDFI2260032026000003","2026-01-06","","01","영업/정상","13","영업중","","","","","","","","부산광역시 수영구 광안동 183-16","부산광역시 수영구 광남로 103-3, 7층 (광안동)","48302","로프트 부산","2026-01-06 09:21:41","I","2026-01-09 00:20:01","","392639.545533527","185609.907098712","관광숙박업","","준주거지역","0","","","","","7","0","0","0","","","0","0","","0","0","","0","150.12","","0","","","","","","","20000000","","","","150","호스텔업",
"22","관광숙박업","03_11_01_P","3460000","CDFI2260031990000002","1990-05-30","","01","영업/정상","13","영업중","","","","","765-7776","","706-801","대구광역시 수성구 두산동 199-1","대구광역시 수성구 동대구로 27 (두산동)","42175","호텔아리아나","2026-01-07 16:37:39","U","2026-01-09 02:40:00","","346576.826066994","260428.966309755","관광숙박업","관광사업","","10","","","DB손해보험","호텔","9","1","53","8183","","","0","0","","0","0","","0","7745.26","","0","","","","","","","0","","","","7745","관광호텔업",
"23","관광숙박업","03_11_01_P","6520000","CDFI2260032013001088","2013-11-11","","02","휴업","02","휴업","","2025-12-24","2027-12-23","","0647847337","","","제주특별자치도 서귀포시 성산읍 수산리 2579","제주특별자치도 서귀포시 성산읍 서성일로 726-33","","아이피로드","2026-01-06 09:16:37","U","2026-01-09 02:40:00","","187152.443263264","-7523.73824844413","관광숙박업","","","0","","","","","0","0","20","","","","","","","","","","","713.63","","","","","","","","","1657000000","","","","714","호스텔업",
"24","관광숙박업","03_11_01_P","5330000","CDFI2260032019000005","2019-11-28","","01","영업/정상","13","영업중","","","","","","","","경상남도 통영시 용남면 동달리 164-6","경상남도 통영시 용남면 동암길 147-4, 해오름","53028","해오름 키즈","2026-01-06 15:43:11","U","2026-01-09 02:40:00","","332639.844708737","153305.645611975","관광숙박업","","자연녹지지역","3","기타","","","숙박시설","3","0","9","0","","","0","0","","0","0","","0","499.87","","0","","","","","","","0","","","","500","호스텔업",
"25","관광숙박업","03_11_01_P","3250000","CDFI2260031978000001","1978-05-15","","01","영업/정상","13","영업중","","","","","051-250-6002","","","부산광역시 중구 동광동3가 20","부산광역시 중구 백산길 20 (동광동3가, 타워호텔)","48951","타워힐관광호텔","2026-01-07 13:55:59","U","2026-01-09 02:40:00","","385421.90323305","179905.794376225","관광숙박업","관광사업","","7","","","","","6","1","116","0","TOWERHILL HOTEL","TOURIST ACCOMMODATION(TOURIST HOTEL)","0","0","","0","0","","0","5658.34","","0","","","","","","","0","","","","5658","관광호텔업",
"26","관광숙박업","03_11_01_P","4090000","CDFI2260032020000001","2020-04-22","","01","영업/정상","13","영업중","","","","","031-981-1189","","","경기도 김포시 장기동 2011-3","경기도 김포시 태장로795번길 147 (장기동)","10090","스타비아 관광호텔","2026-01-07 15:27:59","U","2026-01-09 02:40:00","","172097.418897451","459816.39225749","관광숙박업","","준주거지역","8","","","","","7","1","69","4842","","","0","0","","0","0","","0","4841.03","","0","","","","","","","0","","","","4841","관광호텔업",
"27","관광숙박업","03_11_01_P","3420000","CDFI2260032021000004","2021-10-18","","01","영업/정상","13","영업중","","","","","","","","대구광역시 동구 상매동 505","대구광역시 동구 율암로 156-28 (상매동)","41059","골든캐프호텔","2026-01-06 15:35:15","U","2026-01-09 02:40:00","","354010.469849012","266822.901383458","관광숙박업","","근린상업지역","8","기타","","","숙박시설","7","1","54","0","","","0","0","","0","0","","0","4956","","0","","","","","","","3000000000","","","","4956","관광호텔업",
"28","관광숙박업","03_11_01_P","5020000","CDFI2260032025000003","2025-10-15","","01","영업/정상","13","영업중","","","","","054-250-3001","","","경상북도 포항시 북구 두호동 555","경상북도 포항시 북구 해안로 105 (두호동)","37708","(주)비치호텔","2026-01-06 16:30:07","U","2026-01-09 02:40:00","","414225.91082061","286818.332103619","관광숙박업","","","0","","","","","0","0","42","0","","","0","0","","0","0","","0","0","","0","","","","","","","0","","","","0","관광호텔업",
"29","관광숙박업","03_11_01_P","5020000","CDFI2260032025000005","2025-12-15","","01","영업/정상","13","영업중","","","","","054-727-0422","","","경상북도 포항시 남구 대잠동 942-25","경상북도 포항시 남구 새천년대로422번길 9 (대잠동)","37761","루트422","2026-01-06 16:34:22","U","2026-01-09 02:40:00","","411354.318491606","281744.867948965","관광숙박업","","","0","","","","","0","0","0","0","","","0","0","","0","0","","0","0","","0","","","","","","","400000000","","","","0","소형호텔업",
"30","관광숙박업","03_11_01_P","3160000","CDFI2260032023000001","2023-08-09","","01","영업/정상","13","영업중","","","","","0507-1433-5500","","","서울특별시 구로구 구로동 569-18 코코모호텔","서울특별시 구로구 새말로 20, 코코모호텔 (구로동)","08292","커넥티드 호텔 구로(CONNECTED HOTEL GURO)","2026-01-07 11:15:43","U","2026-01-09 02:40:00","","189616.936088565","444424.824149503","관광숙박업","","준공업지역","9","기타","","","호텔","9","1","47","231","","","0","0","","0","0","","0","1604.5","","0","","","","","","","6000000000","","","","1605","관광호텔업",
"31","관광숙박업","03_11_01_P","3220000","CDFI2260032016000002","2016-02-12","","01","영업/정상","13","영업중","","","","","0269369700","","","서울특별시 강남구 삼성동 158-13","서울특별시 강남구 테헤란로87길 9 (삼성동, 호텔페이토)","06169","호텔 페이토 삼성","2026-01-07 17:27:32","U","2026-01-09 02:40:00","","205121.655","445138.69","관광숙박업","","일반상업지역","24","기타","","","숙박시설","19","5","","","","","","","","","","","","","","","","","","","","","17702400000","","","","","관광호텔업",
"32","관광숙박업","03_11_01_P","3200000","CDFI2260032016000002","2016-09-13","","01","영업/정상","13","영업중","","","","","02-501-5001","","","서울특별시 관악구 신림동 1433-122","서울특별시 관악구 신림동7길 52 (신림동)","08759","(주)관광호텔 뜨랑블루","2026-01-07 09:47:16","U","2026-01-09 02:40:00","","193457.995986558","442484.950403885","관광숙박업","","일반상업지역","14","유흥업소밀집지역","","롯데손보(특수건물)","숙박시설","12","2","66","3620","A Corporation Tourist Hotel Trangblue","The Tourist Accommodation Business(Tourist Hotels)","0","0","","0","0","","0","3620.1","","0","","","","","","","3000000000","","","","3620","관광호텔업",
"33","관광숙박업","03_11_01_P","4400000","CDFI2260032021000001","2021-04-07","","01","영업/정상","13","영업중","","","","","043-644-3355","","","충청북도 제천시 영천동 999-10","충청북도 제천시 청풍호로2가길 10 (영천동)","27194","칙칙폭폭999 게스트하우스","2026-01-07 09:36:36","U","2026-01-09 02:40:00","","306736.748814227","403722.033725888","관광숙박업","","일반주거지역","3","주택가주변","","","근린생활시설","3","0","0","0","","","0","0","","0","0","","0","861.82","","0","","","","","","","0","","","","862","호스텔업",
"34","관광숙박업","03_11_01_P","4090000","CDFI2260032021000001","2021-04-14","","01","영업/정상","13","영업중","","","","","031-984-1723","","","경기도 김포시 구래동 6882-8","경기도 김포시 김포한강9로75번길 38, 9층 (구래동)","10071","호텔M타워","2026-01-07 15:33:00","U","2026-01-09 02:40:00","","166697.643845538","460205.691270697","관광숙박업","","","4","","","","","4","0","70","0","","","0","0","","0","0","","0","4923","","0","","","","","","","0","","","","4923","관광호텔업",
"35","관광숙박업","03_11_01_P","4090000","CDFI2260032021000002","2021-04-14","","01","영업/정상","13","영업중","","","","","031-982-5821","","","경기도 김포시 구래동 6881-19","경기도 김포시 김포한강9로75번길 64 (구래동)","10071","웨스트9호텔","2026-01-07 15:31:44","U","2026-01-09 02:40:00","","166571.46","460153.33","관광숙박업","","","10","","","","","8","2","65","0","","","0","0","","0","0","","0","4406.83","","0","","","","","","","0","","","","4407","관광호텔업",
"36","관광숙박업","03_11_01_P","4090000","CDFI2260032018000001","2018-06-27","","01","영업/정상","13","영업중","","","","","031-982-5555","","","경기도 김포시 장기동 2014-5","경기도 김포시 태장로795번길 111 (장기동)","10090","펜타스타호텔","2026-01-07 15:26:18","U","2026-01-09 02:40:00","","171993.646420739","459638.545636666","관광숙박업","","","8","","","","","7","1","69","4789","","","0","0","","0","0","","0","4788.76","","0","","","","","","","0","","","","4789","관광호텔업",
"37","관광숙박업","03_11_01_P","3380000","CDFI2260032026000004","2026-01-08","","01","영업/정상","13","영업중","","","","","","","","부산광역시 수영구 민락동 181-52 주건축물제1동","부산광역시 수영구 광안해변로295번길 4-11, 5~6층 (민락동, 주건축물제1동)","48290","굿스테이","2026-01-08 15:52:34","I","2026-01-10 00:20:07","","393652.290802511","186286.66148863","관광숙박업","","준주거지역","0","","","","","5","0","11","0","","","0","0","","0","0","","0","416.5","","0","","","","","","","70000000","","","","417","호스텔업",
"38","관광숙박업","03_11_01_P","3320000","CDFI2260032023000001","2023-09-05","","01","영업/정상","13","영업중","","","","","","","","부산광역시 북구 만덕동 51-9","부산광역시 북구 구만덕로80번길 4, 피코관광호스텔 (만덕동)","46607","피코 관광호스텔","2026-01-08 11:26:47","U","2026-01-10 02:40:00","","386157.190021193","192468.847504737","관광숙박업","","자연녹지지역","7","기타","","재난배상책임보험(삼성)","숙박시설","6","1","6","996","","","0","0","","0","0","","0","995.85","","0","","","","","","","0","","","","996","호스텔업",
"39","관광숙박업","03_11_01_P","4211000","CDFI2260031996000002","1996-08-10","","01","영업/정상","13","영업중","","","","","534-6682,530-0706","","240-080","강원특별자치도 동해시 망상동 396-18","강원특별자치도 동해시 동해대로 6285 (망상동)","25701","(주)동해보양온천컨벤션호텔","2026-01-08 13:44:40","U","2026-01-10 02:40:00","","384244.340894126","456511.330745685","관광숙박업","관광사업","자연녹지지역","10","학교정화(상대)","","","숙박시설","8","2","182","31815","","","0","0","","0","0","","0","9451.61","","0","","","","","","","0","","","","9452","관광호텔업",
"40","관광숙박업","03_11_01_P","3330000","CDFI2260032024000006","2024-11-07","","01","영업/정상","13","영업중","","","","","","","","부산광역시 해운대구 우동 557-5","부산광역시 해운대구 우동1로20번길 53, 3,4층 (우동)","48087","구텐모르겐","2026-01-08 20:55:22","U","2026-01-10 02:40:00","","396651.338993174","187230.20319681","관광숙박업","","일반주거지역","0","","","","숙박시설","0","0","3","0","","","0","0","","0","0","","0","128.48","","0","","","","","","","40000000","","","","128","호스텔업",
"41","관광숙박업","03_11_01_P","3330000","CDFI2260032024000003","2024-10-30","","01","영업/정상","13","영업중","","","","","0507-1325-0097","","","부산광역시 해운대구 송정동 312-9","부산광역시 해운대구 송정광어골로 21, 4층 (송정동)","48073","펜톤나인 송정해수욕장 송정3호점","2026-01-08 20:51:56","U","2026-01-10 02:40:00","","400178.392140175","188869.035783063","관광숙박업","","준주거지역","8","","","","숙박시설","8","0","3","0","","","0","0","","0","0","","0","150.84","","0","","","","","","","120000000","","","","151","호스텔업",
"42","관광숙박업","03_11_01_P","3330000","CDFI2260032024000004","2024-10-30","","01","영업/정상","13","영업중","","","","","","","","부산광역시 해운대구 중동 1482-1","부산광역시 해운대구 달맞이길117번가길 219, 3,4,5층 (중동)","48115","아파트먼트풀 스테이","2026-01-08 20:53:15","U","2026-01-10 02:40:00","","398863.293477986","186853.650719528","관광숙박업","","일반주거지역","5","","","","숙박시설","1","5","4","0","","","0","0","","0","0","","0","548.69","","0","","","","","","","100000000","","","","549","호스텔업",
"43","관광숙박업","03_11_01_P","3330000","CDFI2260032015000005","2015-07-27","","01","영업/정상","13","영업중","","","","","","","612-846","부산광역시 해운대구 중동","부산광역시 해운대구 달맞이길62번가길 31, 2층 (중동)","48098","일로와 스테이","2026-01-08 11:33:37","U","2026-01-10 02:40:00","","397802.743262991","186546.161279845","관광숙박업","","상업지역","2","","","","","2","0","6","375","","","0","0","","0","0","","0","187.58","","0","","","","","","","28000000","","","","188","호스텔업",
"44","관광숙박업","03_11_01_P","3330000","CDFI2260032013000002","2013-08-29","","01","영업/정상","13","영업중","","","","","","","","부산광역시 해운대구 중동 1398-7 해운대구중동마린타워","부산광역시 해운대구 해운대해변로 321, 해운대구중동마린타워 11층 (중동)","48096","팝콘호스텔","2026-01-08 11:46:37","U","2026-01-10 02:40:00","","397215.3575977","186959.519684587","관광숙박업","","일반상업지역","13","기타","","","기타","11","2","7","4886","","","0","0","","0","0","","0","784.98","","0","","","","","","","0","","","","785","호스텔업",
"45","관광숙박업","03_11_01_P","4211000","CDFI2260032021000003","2021-03-25","","01","영업/정상","13","영업중","","","","","","","","강원특별자치도 동해시 망상동 390-12 동해바다펜션","강원특별자치도 동해시 동해대로 6277, 동해바다펜션 (망상동)","25701","동해바다","2026-01-08 17:14:53","U","2026-01-10 02:40:00","","384348.435959737","456467.479904954","관광숙박업","","자연녹지지역","3","학교정화(상대)","","KB손해보험","숙박시설","3","0","15","614","","","0","0","","0","0","","0","261.52","","0","","","","","","","30000000","","","","262","호스텔업",
"46","관광숙박업","03_11_01_P","4211000","CDFI2260032022000001","2022-07-14","","01","영업/정상","13","영업중","","","","","","","","강원특별자치도 동해시 구미동 496-3","강원특별자치도 동해시 오일장길 23-1, 2층 (구미동)","25813","휘게51","2026-01-08 17:18:13","U","2026-01-10 02:40:00","","387996.237503498","444293.996127202","관광숙박업","","준주거지역","3","학교정화(상대)","","DB손해보험(재난배상책임보험)","숙박시설","3","0","4","369","","","0","0","","0","0","","0","135.06","","0","","","","","","","105000000","","","","135","호스텔업",
"47","관광숙박업","03_11_01_P","4211000","CDFI2260032023000002","2023-04-14","","01","영업/정상","13","영업중","","","","","","","","강원특별자치도 동해시 대진동 187-2","강원특별자치도 동해시 일출로 375 (대진동)","25708","너에게로 감동해","2026-01-08 17:21:58","U","2026-01-10 02:40:00","","386918.013761384","454555.208467128","관광숙박업","","자연녹지지역","5","","","재난배상책임보험(삼성화재)","숙박시설","4","1","8","594","","","0","0","","0","0","","0","594.45","","0","","","","","","","0","","","","594","호스텔업",
"48","관광숙박업","03_11_01_P","4241000","CDFI2260032022000001","2022-01-21","","01","영업/정상","13","영업중","","","","","","","","강원특별자치도 삼척시 도계읍 도계리 303-1","강원특별자치도 삼척시 도계읍 도계대한길 36","25948","도계 유리게스트하우스","2026-01-08 14:50:56","U","2026-01-10 02:40:00","","381692.032224774","416776.163378779","관광숙박업","","일반주거지역","3","기타","","","숙박시설","3","0","18","1897","","","0","0","","0","0","","0","1897.27","","0","","","","","","","90648977000","","","","1897","호스텔업",
"49","관광숙박업","03_11_01_P","3670000","CDFI2260031995000001","1995-01-23","","01","영업/정상","13","영업중","","","","","229-8000","","305-301","대전광역시 유성구 봉명동 547-6","대전광역시 유성구 계룡로141번길 21 (봉명동, 호텔 레전드)","305-301","(주)제이에이치레전드호텔","2026-01-08 14:38:17","U","2026-01-10 02:40:00","","230983.056881919","317019.100632244","관광숙박업","관광사업","일반상업지역","16","기타","","","숙박시설","11","5","0","0","","","0","0","","0","0","","0","18910.63","","0","","","","","","","0","","","","18911","관광호텔업",
"50","관광숙박업","03_11_01_P","3330000","CDFI2260032024000001","2024-05-08","","01","영업/정상","13","영업중","","","","","","","","부산광역시 해운대구 송정동 313-12","부산광역시 해운대구 송정중앙로6번길 126, 3,4,5층 (송정동)","48073","송정담다펜션","2026-01-08 20:49:54","U","2026-01-10 02:40:00","","400170.32219517","188826.733902683","관광숙박업","","","0","","","","","0","0","2","0","","","0","0","","0","0","","0","267.77","","0","","","","","","","200000000","","","","268","호스텔업",
"51","관광숙박업","03_11_01_P","3380000","CDFI2260032025000035","2025-12-18","","01","영업/정상","13","영업중","","","","","","","","부산광역시 수영구 민락동 179-3","부산광역시 수영구 광안해변로 235, 11층 (민락동)","48284","루미에르","2026-01-08 21:38:42","U","2026-01-10 02:40:00","","393085.150482681","186011.990468756","관광숙박업","","일반상업지역","0","","","","","11","0","4","0","","","0","0","","0","0","","0","271.23","","0","","","","","","","0","","","","271","호스텔업",
"52","관광숙박업","03_11_01_P","3380000","CDFI2260032025000036","2025-12-23","","01","영업/정상","13","영업중","","","","","","","","부산광역시 수영구 민락동 34-7","부산광역시 수영구 민락본동로19번길 59, 3층 (민락동)","48290","시안","2026-01-08 21:38:59","U","2026-01-10 02:40:00","","393630.621334446","186333.44431789","관광숙박업","","준주거지역","3","","","","","0","0","1","0","","","0","0","","0","0","","0","130.05","","0","","","","","","","10000000","","","","130","호스텔업",
"53","관광숙박업","03_11_01_P","3330000","CDFI2260032025000005","2025-07-22","","01","영업/정상","13","영업중","","","","","051-710-4663","","","부산광역시 해운대구 중동 1412-7 다옴빌딩","부산광역시 해운대구 해운대해변로 277, 다옴빌딩 6층 (중동)","48094","코브스테이 해운대","2026-01-08 21:05:02","U","2026-01-10 02:40:00","","396876.187174887","186661.366264929","관광숙박업","","일반상업지역","0","","","","","0","0","12","0","","","0","0","","0","0","","0","443.78","","0","","","","","","","0","","","","444","호스텔업",
"54","관광숙박업","03_11_01_P","3320000","CDFI2260032020000001","2020-11-05","","01","영업/정상","13","영업중","","","","","051-715-9946","","","부산광역시 북구 만덕동 73-17 브라운도트호텔","부산광역시 북구 만덕고개길 70, 브라운도트호텔 (만덕동)","46608","브라운도트호텔 만덕점","2026-01-08 11:30:19","U","2026-01-10 02:40:00","","386311.155961725","192193.43088227","관광숙박업","","자연녹지지역","7","기타","","삼성손해보험","숙박시설","7","0","40","0","","","0","0","","0","0","","0","1734.37","","0","","","","","","","2500000000","","","","1734","관광호텔업",
"55","관광숙박업","03_11_01_P","3320000","CDFI2260032025000001","2025-06-18","","01","영업/정상","13","영업중","","","","","","","","부산광역시 북구 구포동 1060-79","부산광역시 북구 구포만세길 121 (구포동)","46501","굿포스테이(Good for 스테이)","2026-01-08 11:24:30","U","2026-01-10 02:40:00","","381918.701986053","191578.166732418","관광숙박업","","일반상업지역","5","기타","","삼성재난배상책임보험","숙박시설","5","1","12","729","","","0","0","","0","0","","0","729.07","","0","","","","","","","0","","","","729","호스텔업",
"56","관광숙박업","03_11_01_P","3330000","CDFI2260032025000003","2025-06-09","","01","영업/정상","13","영업중","","","","","","","","부산광역시 해운대구 우동 654-4 , 14층","부산광역시 해운대구 해운대해변로209번나길 12, 14층 (우동)","48093","아쿠아 풀(AQUA POOL)","2026-01-08 21:01:55","U","2026-01-10 02:40:00","","396220.550724683","186682.370687307","관광숙박업","","","0","","","","숙박시설","0","0","3","0","","","0","0","","0","0","","0","127.98","","0","","","","","","","0","","","","128","호스텔업",
"57","관광숙박업","03_11_01_P","4211000","CDFI2260032025000002","2025-07-15","","01","영업/정상","13","영업중","","","","","","","","강원특별자치도 동해시 대진동 1-9","강원특별자치도 동해시 대진항길 19-1 (대진동)","25707","늘바다랑","2026-01-08 14:59:13","U","2026-01-10 02:40:00","","386734.805263755","455058.532119928","관광숙박업","","일반상업지역","5","","","","","5","0","13","767","","","0","0","","0","0","","0","766.88","","0","","","","","","","0","","","","767","호스텔업",
"58","관광숙박업","03_11_01_P","4940000","CDFI2260032025000001","2025-06-02","","01","영업/정상","13","영업중","","","","","","","","전라남도 영암군 영암읍 역리 292-24","전라남도 영암군 영암읍 웃시암길 3","58415","티켓투더문","2026-01-08 13:43:20","U","2026-01-10 02:40:00","","172342.845774868","144794.242508146","관광숙박업","","일반주거지역","2","기타","","","숙박시설","2","0","8","0","","","0","0","","0","0","","0","287","","0","","","","","","","500000000","","","","287","호스텔업",
"59","관광숙박업","03_11_01_P","3330000","CDFI2260032025000004","2025-06-24","","01","영업/정상","13","영업중","","","","","","","","부산광역시 해운대구 송정동 158-3","부산광역시 해운대구 송정중앙로6번길 54 (송정동)","48073","송정오션루나","2026-01-08 21:03:02","U","2026-01-10 02:40:00","","400336.809488059","189143.147865081","관광숙박업","","","7","","","","숙박시설","7","0","5","0","","","0","0","","0","0","","0","545.44","","0","","","","","","","0","","","","545","호스텔업",
"60","관광숙박업","03_11_01_P","3320000","CDFI2260032022000001","2022-09-22","","01","영업/정상","13","영업중","","","","","","","","부산광역시 북구 구포동 1060-262","부산광역시 북구 낙동대로 1684 (구포동)","46502","티티호텔 구포","2026-01-08 11:29:10","U","2026-01-10 02:40:00","","381680.830242403","191353.007149703","관광숙박업","","일반상업지역","0","기타","","재난배상책임보험(DB)","숙박시설","20","2","163","8702","","","0","0","","0","0","","0","8701.54","","0","","","","","","","200000000","","","","8702","관광호텔업",
"61","관광숙박업","03_11_01_P","3330000","CDFI2260032025000002","2025-04-17","","01","영업/정상","13","영업중","","","","","","","","부산광역시 해운대구 송정동 312-8","부산광역시 해운대구 송정중앙로6번길 118, 2층 (송정동)","48073","공감 공간","2026-01-08 21:00:48","U","2026-01-10 02:40:00","","400191.017652376","188862.764187366","관광숙박업","","","0","","","","","0","0","1","0","","","0","0","","0","0","","0","82.19","","0","","","","","","","0","","","","82","호스텔업",
"62","관광숙박업","03_11_01_P","3330000","CDFI2260032025000001","2025-02-20","","01","영업/정상","13","영업중","","","","","","","","부산광역시 해운대구 송정동 446-5 한림빌딩","부산광역시 해운대구 송정광어골로 87, 한림빌딩 3층 (송정동)","48073","카이브 부산송정4호점","2026-01-08 20:58:37","U","2026-01-10 02:40:00","","400050.109527057","188269.045819213","관광숙박업","","","0","","","","","0","0","3","0","","","0","0","","0","0","","0","136.2","","0","","","","","","","100000000","","","","136","호스텔업",
"63","관광숙박업","03_11_01_P","3330000","CDFI2260032024000008","2024-12-12","","01","영업/정상","13","영업중","","","","","","","","부산광역시 해운대구 송정동 291-18","부산광역시 해운대구 송정중앙로36번길 11-20 (송정동)","48072","스테이 화옥","2026-01-08 20:58:22","U","2026-01-10 02:40:00","","400664.862567423","189105.71432843","관광숙박업","","일반상업지역","0","","","","숙박시설","0","0","3","0","","","0","0","","0","0","","0","115.63","","0","","","","","","","100000000","","","","116","호스텔업",
"64","관광숙박업","03_11_01_P","3330000","CDFI2260032024000007","2024-11-28","","01","영업/정상","13","영업중","","","","","051-715-8110","","","부산광역시 해운대구 좌동 1461-1 울트라타워","부산광역시 해운대구 좌동로 88, 울트라타워 11층 (좌동)","48106","노마드리브","2026-01-08 20:57:52","U","2026-01-10 02:40:00","","398074.127570382","188030.043369638","관광숙박업","","중심상업지역","0","","","","","0","0","29","0","","","0","0","","0","0","","0","947.65","","0","","","","","","","350000000","","","","948","호스텔업",
"65","관광숙박업","03_11_01_P","3010000","CDFI2260032026000004","2026-01-09","","01","영업/정상","13","영업중","","","","","","","","서울특별시 중구 충무로3가 59-13","서울특별시 중구 수표로 10 (충무로3가)","04554","스테이모드","2026-01-09 10:05:08","I","2026-01-11 00:20:02","","199095.113474444","451098.796818087","관광숙박업","","","4","","","","","4","0","0","0","","","0","0","","0","0","","0","0","","0","","","","","","","300000000","","","","0","호스텔업",
"66","관광숙박업","03_11_01_P","5180000","CDFI2260032017000001","2017-07-14","","01","영업/정상","13","영업중","","","","","054 730 9000","","","경상북도 영덕군 강구면 삼사리 산 53","경상북도 영덕군 강구면 동해대로 4265-43 (오션뷰컨트리클럽)","36460","오션비치 휴양콘도미니엄","2026-01-09 17:43:20","U","2026-01-11 02:40:00","","413133.402048876","318506.378144324","관광숙박업","","관리지역","6","기타","","한화손해보험(재난배상)","콘도미니엄","5","1","58","3619","","","0","0","","0","0","","180","9665.22","","0","","","","","","","36038189000","","","","9665","휴양콘도미니엄업",
"67","관광숙박업","03_11_01_P","3220000","CDFI2260032019000001","2019-04-24","","01","영업/정상","13","영업중","","","","","02-311-9000","","","서울특별시 강남구 삼성동 91-28","서울특별시 강남구 영동대로 618, 호텔인나인 (삼성동)","06081","호텔 인 나인","2026-01-09 09:42:28","U","2026-01-11 02:40:00","","205230.860541362","445942.050995741","관광숙박업","","일반상업지역","","기타","","","숙박시설","19","4","","","","","","","","","","","","","","","","","","","","","","","","","","관광호텔업",
"68","관광숙박업","03_11_01_P","6510000","CDFI2260031981001002","1981-07-09","","01","영업/정상","13","영업중","","","","","064-747-5000","","","제주특별자치도 제주시 연동 263-15 메종글래드 제주","제주특별자치도 제주시 노연로 80, 메종글래드 제주 (연동)","63132","글래드호텔앤리조트(주) 메종 글래드 제주","2026-01-09 17:55:56","U","2026-01-11 02:40:00","","152390.482526722","-1164.56501308051","관광숙박업","","일반상업지역","12","","","","숙박시설","11","1","513","55145","","","","","","","","","","55144.6","","","","","","","","","0","","","","55145","관광호텔업",
"69","관광숙박업","03_11_01_P","3740000","CDFI2260032018000008","2018-10-30","","01","영업/정상","13","영업중","","","","","031-251-8881","","","경기도 수원시 팔달구 고등동 300-12","경기도 수원시 팔달구 갓매산로 72-1 (고등동)","16454","해시 호텔","2026-01-09 13:32:39","U","2026-01-11 02:40:00","","200197.635506471","418680.110672169","관광숙박업","","일반상업지역","15","","","삼성화재해상보험 주식회사","","14","1","45","1982","","","0","0","","0","0","","0","1982","","0","","","","","","","400000000","","","","1982","관광호텔업",
"70","관광숙박업","03_11_01_P","3740000","CDFI2260032019000002","2019-07-18","","01","영업/정상","13","영업중","","","","","031-245-1188","","","경기도 수원시 팔달구 매산로2가 68-1","경기도 수원시 팔달구 갓매산로 25 (매산로2가)","16461","유성호텔2","2026-01-09 13:26:12","U","2026-01-11 02:40:00","","200463.495148677","418318.39920311","관광숙박업","","","10","","","DB손해보험","숙박시설","10","0","38","1122","","","0","0","","0","0","","0","1122.37","","0","","","","","","","20000000","","","","1122","호스텔업",
"71","관광숙박업","03_11_01_P","3740000","CDFI2260032019000003","2019-12-27","","01","영업/정상","13","영업중","","","","","031-267-5600,6620","","","경기도 수원시 영통구 하동 871-1","경기도 수원시 영통구 광교호수공원로 320 (하동)","16514","코트야드 메리어트 수원","2026-01-09 13:24:40","U","2026-01-11 02:40:00","","205031.358380097","420288.632598048","관광숙박업","","일반상업지역","26","","","","호텔","21","5","288","24024","","","0","0","","0","0","","0","24024.46","","0","","","","","","","0","","","","24024","관광호텔업",
"72","관광숙박업","03_11_01_P","3740000","CDFI2260032020000001","2020-07-13","","01","영업/정상","13","영업중","","","","","031-243-9533","","","경기도 수원시 팔달구 매산로2가 3-8","경기도 수원시 팔달구 고화로9번길 16 (매산로2가)","16456","힐탑호텔","2026-01-09 13:22:54","U","2026-01-11 02:40:00","","200561.261914152","418690.51729492","관광숙박업","","일반상업지역","9","기타","","재난배상책임보험(삼성화재)","숙박시설","9","0","32","873","","","0","0","","0","0","","0","872.92","","0","","","","","","","0","","","","873","호스텔업",
"73","관광숙박업","03_11_01_P","3740000","CDFI2260032015000007","2015-12-15","","01","영업/정상","13","영업중","","","","","031-258-8881","","","경기도 수원시 팔달구 장안동 30-6","경기도 수원시 팔달구 신풍로 68 (장안동)","16252","도노호텔","2026-01-09 14:07:15","U","2026-01-11 02:40:00","","201160.444818365","420562.288166917","관광숙박업","","일반상업지역","6","","","DB손해보험주식회사","숙박시설","4","2","41","0","","","0","0","","0","0","","0","2852.91","","0","","","","","","","4499999700","","","","2853","관광호텔업",
"74","관광숙박업","03_11_01_P","3740000","CDFI2260032016000004","2016-06-29","","01","영업/정상","13","영업중","","","","","031-245-0003","","","경기도 수원시 팔달구 매산로2가 7-7","경기도 수원시 팔달구 고화로9번길 25 (매산로2가)","16456","프리타 호텔","2026-01-09 14:00:49","U","2026-01-11 02:40:00","","200525.31116157","418651.591832168","관광숙박업","","일반상업지역","0","기타","","삼성화재해상보험주식회사","숙박시설","8","0","21","650","","","0","0","","0","0","","0","649.75","","0","","","","","","","0","","","","650","호스텔업",
"75","관광숙박업","03_11_01_P","3740000","CDFI2260032016000006","2016-10-04","","01","영업/정상","13","영업중","","","","","031-239-5572","","","경기도 수원시 권선구 권선동 991-7","경기도 수원시 권선구 경수대로335번길 12 (권선동)","16565","호텔 가덴","2026-01-09 13:57:30","U","2026-01-11 02:40:00","","201828.076943076","417248.543260979","관광숙박업","","","9","","","DB손해보험 120210870598","","8","1","29","2476","","","0","0","","0","0","","0","2475.6","","0","","","","","","","0","","","","2476","소형호텔업",
"76","관광숙박업","03_11_01_P","3740000","CDFI2260032015000008","2015-12-29","","01","영업/정상","13","영업중","","","","","031-246-7799","","","경기도 수원시 팔달구 고등동 303-3 외 1필지","경기도 수원시 팔달구 갓매산로76번길 9 (고등동)","16454","아이비스테이","2026-01-09 14:05:24","U","2026-01-11 02:40:00","","200125.733378218","418720.967837853","관광숙박업","","일반상업지역","10","","","삼성화재해상보험주식회사","숙박시설","9","1","67","1887","","","0","0","","0","0","","0","1886.83","","0","","","","","","","2000000000","","","","1887","가족호텔업",
"77","관광숙박업","03_11_01_P","3740000","CDFI2260032017000005","2017-09-13","","01","영업/정상","13","영업중","","","","","031-245-1188","","","경기도 수원시 팔달구 매산로2가 68-5","경기도 수원시 팔달구 갓매산로25번길 3 (매산로2가)","16461","유성호텔","2026-01-09 13:55:38","U","2026-01-11 02:40:00","","200450.580574869","418313.901147985","관광숙박업","","일반상업지역","15","","","동부화재해상보험주식회사","숙박시설","15","0","90","2527","","","0","0","","0","0","","0","2526.8","","0","","","","","","","0","","","","2527","가족호텔업",
"78","관광숙박업","03_11_01_P","3740000","CDFI2260032017000006","2017-11-27","","01","영업/정상","13","영업중","","","","","1544-0338","","","경기도 수원시 팔달구 인계동 1035-3","경기도 수원시 팔달구 인계로 116 (인계동)","16489","홈즈스테이 수원","2026-01-09 13:53:43","U","2026-01-11 02:40:00","","202602.39840655","418384.544888827","관광숙박업","","중심상업지역","18","","","","숙박시설","14","4","242","10709","","","0","0","","0","0","","0","10708.74","","0","","","","","","","0","","","","10709","관광호텔업",
"79","관광숙박업","03_11_01_P","3740000","CDFI2260032018000001","2018-01-11","","01","영업/정상","13","영업중","","","","","031-251-2233","","","경기도 수원시 팔달구 매산로1가 21-3","경기도 수원시 팔달구 향교로3번길 52 (매산로1가)","16455","아늑호텔 수원역점","2026-01-09 13:49:45","U","2026-01-11 02:40:00","","200136.541937217","418582.794216077","관광숙박업","","일반상업지역","11","","","","","10","1","71","3349","","","0","0","","0","0","","0","3348.7","","0","","","","","","","0","","","","3349","가족호텔업",
"80","관광숙박업","03_11_01_P","3740000","CDFI2260032018000002","2018-02-28","","01","영업/정상","13","영업중","","","","","031-245-5588","","","경기도 수원시 팔달구 고등동 115-4","경기도 수원시 팔달구 고매로 5 (고등동)","16454","비즈호텔","2026-01-09 13:46:30","U","2026-01-11 02:40:00","","200317.850975028","418696.665180149","관광숙박업","","","15","","","","","15","0","100","3211","","","0","0","","0","0","","0","3211.44","","0","","","","","","","0","","","","3211","호스텔업",
"81","관광숙박업","03_11_01_P","3740000","CDFI2260032018000004","2018-04-23","","01","영업/정상","13","영업중","","","","","031-253-7999","","","경기도 수원시 장안구 영화동 281-6 장안장여관","경기도 수원시 장안구 팔달로271번길 8, 장안장여관 4층 (영화동)","16269","옥상파티","2026-01-09 13:44:27","U","2026-01-11 02:40:00","","201212.787122426","420889.731035511","관광숙박업","","","0","","","삼성화재해상보험주식회사","","4","0","2","1599","","","0","0","","0","0","","0","162.81","","0","","","","","","","0","","","","163","호스텔업",
"82","관광숙박업","03_11_01_P","3740000","CDFI2260032018000005","2018-06-14","","01","영업/정상","13","영업중","","","","","031-8067-6600","","","경기도 수원시 팔달구 인계동 1033-18","경기도 수원시 팔달구 인계로108번길 37 (인계동)","16489","호텔 아르떼","2026-01-09 13:39:44","U","2026-01-11 02:40:00","","202503.959403994","418242.306318593","관광숙박업","","중심상업지역","0","","","KB손해보험","","9","2","54","0","","","0","0","","0","0","","0","2978.78","","0","","","","","","","0","","","","2979","관광호텔업",
"83","관광숙박업","03_11_01_P","3740000","CDFI2260032018000006","2018-08-28","","01","영업/정상","13","영업중","","","","","031-224-1100","","","경기도 수원시 팔달구 인계동 1133-8","경기도 수원시 팔달구 권광로134번길 44-11 (인계동)","16491","호텔 라뷔포레","2026-01-09 13:37:13","U","2026-01-11 02:40:00","","202901.248840739","417391.088375399","관광숙박업","","중심상업지역","10","결혼예식장주변","","","호텔","7","3","45","4999351","","","0","0","","0","0","","0","4999.51","","0","","","","","","","1200000000","","","","5000","관광호텔업",
"84","관광숙박업","03_11_01_P","3740000","CDFI2260032014000007","2014-12-02","","01","영업/정상","13","영업중","","","","","031-547-6600","","","경기도 수원시 팔달구 매산로1가 18-7","경기도 수원시 팔달구 덕영대로 902 (매산로1가, 노보텔앰배서더수원)","16622","노보텔 앰배서더 수원","2026-01-09 14:11:51","U","2026-01-11 02:40:00","","199842.628043109","418515.480277275","관광숙박업","","준주거지역","9","","","","","9","3","287","34581","","","0","0","","0","0","","0","34581.31","","0","","","","","","","0","","","","34581","관광호텔업",
"85","관광숙박업","03_11_01_P","3740000","CDFI2260032021000002","2021-12-16","","01","영업/정상","13","영업중","","","","","031-243-9533","","","경기도 수원시 팔달구 고등동 309-25","경기도 수원시 팔달구 고매로 5-9, 뉴캐슬호스텔 (고등동)","16454","뉴캐슬호스텔","2026-01-09 13:15:12","U","2026-01-11 02:40:00","","200268.50885881","418698.162487731","관광숙박업","","일반상업지역","10","주택가주변","","","숙박시설","10","0","35","971","","","0","0","","0","0","","0","970.77","","0","","","","","","","100000000","","","","971","호스텔업",
"86","관광숙박업","03_11_01_P","3010000","CDFI2260032025000020","2025-11-11","","01","영업/정상","13","영업중","","","","","","","","서울특별시 중구 충무로3가 59-10","서울특별시 중구 수표로2길 7, 2~3층 (충무로3가)","04554","MOREN SEOUL MYEONGDONG","2026-01-09 11:05:38","U","2026-01-11 02:40:00","","199127.53452918","451102.686191354","관광숙박업","","일반상업지역","0","","","","","0","0","11","0","","","0","0","","0","0","","0","210.18","","0","","","","","","","150000000","","","","210","호스텔업",
"87","관광숙박업","03_11_01_P","3010000","CDFI2260032025000027","2025-12-19","","01","영업/정상","13","영업중","","","","","","","","서울특별시 중구 황학동 1612","서울특별시 중구 난계로17길 3 (황학동)","04574","유어모먼트","2026-01-09 11:05:07","U","2026-01-11 02:40:00","","201971.734332621","451882.53103038","관광숙박업","","","0","","","","","0","0","4","0","","","0","0","","0","0","","0","104.48","","0","","","","","","","0","","","","104","호스텔업",
"88","관광숙박업","03_11_01_P","5340000","CDFI2260032005000001","2005-05-26","","01","영업/정상","13","영업중","","","","","855-0005","","","경상남도 사천시 사천읍 수석리 277","경상남도 사천시 사천읍 역사길 12 (사천관광호텔 주식회사)","52519","사천관광호텔 주식회사","2026-01-09 16:46:31","U","2026-01-11 02:40:00","","298899.005716352","176356.033129922","관광숙박업","관광사업","상업지역","6","기타","","한화손해보험","숙박시설","5","1","57","5642","Sacheon Tourist Hotel Corporated","Tourist Accommddations(Tourist Hotel)","0","0","","0","0","","0","5641.81","","0","","","","","","","0","","","","5642","관광호텔업",
"89","관광숙박업","03_11_01_P","3740000","CDFI2260032025000002","2025-08-12","","01","영업/정상","13","영업중","","","","","0507-1320-2651","","","경기도 수원시 팔달구 신풍동 221-19 플레이스베카","경기도 수원시 팔달구 신풍로 34-1, 플레이스베카 5층 (신풍동)","16252","레스트팜","2026-01-09 09:50:08","U","2026-01-11 02:40:00","","201257.246398394","420222.299768378","관광숙박업","","일반상업지역","6","기타","","","숙박시설","5","1","3","1196","RestFarm","","0","0","","0","0","","0","164.56","","0","","","","","","","0","","","","165","호스텔업",
"90","관광숙박업","03_11_01_P","3740000","CDFI2260032022000001","2022-12-30","","01","영업/정상","13","영업중","","","","","031-784-9300","","","경기도 수원시 팔달구 인계동 1122-8 포포인츠 바이 쉐라톤 수원","경기도 수원시 팔달구 효원로307번길 27, 포포인츠 바이 쉐라톤 수원 (인계동)","16488","포포인츠 바이 쉐라톤 수원","2026-01-09 13:13:51","U","2026-01-11 02:40:00","","203087.246213094","417808.495179371","관광숙박업","","중심상업지역","23","","","","숙박시설","18","5","221","15742","","","0","0","","0","0","","0","15741.94","","0","","","","","","","6449999900","","","","15742","관광호텔업",
"91","관광숙박업","03_11_01_P","3930000","CDFI2260032015000002","2015-02-13","","01","영업/정상","13","영업중","","","","","031-490-2000","","425-852","경기도 안산시 단원구 원시동 774-3","경기도 안산시 단원구 동산로 81 (원시동)","15433","호텔스퀘어","2026-01-09 10:11:03","U","2026-01-11 02:40:00","","182106.894719796","423630.382149516","관광숙박업","","일반공업지역","16","","","삼성화재","","15","1","197","0","","","0","0","","0","0","","0","17072.15","","0","","","","","","","19007000600","","","","17072","관광호텔업",
"92","관광숙박업","03_11_01_P","3740000","CDFI2260032020000002","2020-10-05","","01","영업/정상","13","영업중","","","","","031-256-1008","","","경기도 수원시 팔달구 매산로2가 75-14","경기도 수원시 팔달구 매산로28번길 23 (매산로2가)","16461","제니스","2026-01-09 13:21:10","U","2026-01-11 02:40:00","","200376.463297559","418312.190654824","관광숙박업","","일반상업지역","10","주택가주변","","흥국생명","숙박시설","10","0","32","998","","","0","0","","0","0","","0","997.55","","0","","","","","","","0","","","","998","가족호텔업",
"93","관광숙박업","03_11_01_P","3010000","CDFI2260032020000004","2020-10-28","","01","영업/정상","13","영업중","","","","","02-6466-6000","","","서울특별시 중구 저동2가 89 포포인츠바이쉐라톤서울명동","서울특별시 중구 삼일대로10길 36, 포포인츠바이쉐라톤서울명동 (저동2가)","04551","(주)조선호텔앤리조트 포포인츠 조선 명동","2026-01-09 15:13:19","U","2026-01-11 02:40:00","","198996.366632826","451477.704107715","관광숙박업","","상업지역","26","","","4성","","26","3","375","20570","Josun Hotels & Resorts Inc. Fourpoints Josun Myungdong","Tourist Hotel","0","0","","0","0","","0","20569.5","","0","","","","","","","106949976000","","","","20570","관광호텔업",
"94","관광숙박업","03_11_01_P","3740000","CDFI2260032021000001","2021-03-12","","01","영업/정상","13","영업중","","","","","0507-1465-8603","","","경기도 수원시 팔달구 매산로1가 14-15","경기도 수원시 팔달구 향교로3번길 19 (매산로1가)","16455","호텔 테리스","2026-01-09 13:17:38","U","2026-01-11 02:40:00","","200042.803356331","418483.69250983","관광숙박업","","일반상업지역","12","","","","","11","1","65","2601","","","0","0","","0","0","","0","2600.73","","0","","","","","","","0","","","","2601","가족호텔업",
"95","관광숙박업","03_11_01_P","3010000","CDFI2260032018000007","2018-07-19","","01","영업/정상","13","영업중","","","","","02  317 4053","","","서울특별시 중구 회현동1가 194-19","서울특별시 중구 퇴계로 67 (회현동1가)","04529","(주)조선호텔앤리조트 레스케이프","2026-01-09 10:51:47","U","2026-01-11 02:40:00","","198118.296565976","450847.771205029","관광숙박업","","일반상업지역","0","","","4성","","0","0","204","0","JOSUNHOTELS&RESORTS Inc. L'Escape","Tourist Hotel","0","0","","0","0","","0","27476","","0","","","","","","","0","","","","27476","관광호텔업",
"96","관광숙박업","03_11_01_P","3010000","CDFI2260032016000012","2016-06-28","","01","영업/정상","13","영업중","","","","","02-6261-8600","","","서울특별시 중구 필동1가 10-6","서울특별시 중구 퇴계로31길 9 (필동1가)","04554","픽셀스테이 명동점","2026-01-09 09:22:59","U","2026-01-11 02:40:00","","199238.837477244","451039.792552027","관광숙박업","","상업지역","0","","","","","0","0","19","0","PIXEL STAY MYEONGDONG","Hostel","0","0","","0","0","","0","306.33","","0","","","","","","","0","","","","306","호스텔업",
"97","관광숙박업","03_11_01_P","3010000","CDFI2260031970000001","1970-06-05","","01","영업/정상","13","영업중","","","","","771-0500","","100-070","서울특별시 중구 소공동 87-1","서울특별시 중구 소공로 106 (소공동)","04533","(주)조선호텔앤리조트","2026-01-09 11:06:26","U","2026-01-11 02:40:00","","198172.151119488","451350.969223428","관광숙박업","관광사업","","0","","","5성","","0","0","462","0","JOSUNHOTELS&RESORTS Inc.","Tourist Hotel","0","0","","0","0","","0","46501","","0","","","","","","","0","","","","46501","관광호텔업",
"98","관광숙박업","03_11_01_P","3380000","CDFI2260032017000002","2017-03-15","","01","영업/정상","13","영업중","","","","","","","","부산광역시 수영구 광안동 192-1","부산광역시 수영구 광안로62번길 1, 3~4층 (광안동)","48303","솔게스트하우스 부산파티점","2026-01-10 12:36:09","U","2026-01-12 02:40:00","","392991.419288377","185987.297434754","관광숙박업","","상업지역","4","","","","","4","0","8","616","SOL HOSTEL(BUSAN)","TOURIST ACCOMMODATION(HOSTEL)","0","0","","0","0","","0","225.16","","0","","","","","","","0","","","","225","호스텔업",
"99","관광숙박업","03_11_01_P","3380000","CDFI2260032025000034","2025-12-03","","01","영업/정상","13","영업중","","","","","","","","부산광역시 수영구 수영동 95","부산광역시 수영구 수영성로 9, 2층 (수영동)","48227","벡스코 조조하우스","2026-01-10 12:47:22","U","2026-01-12 02:40:00","","392954.732915856","187686.179197087","관광숙박업","","일반주거지역","0","","","","","2","0","1","0","","","0","0","","0","0","","0","57.45","","0","","","","","","","500000","","","","57","호스텔업",
"100","관광숙박업","03_11_01_P","3380000","CDFI2260032025000027","2025-11-06","","01","영업/정상","13","영업중","","","","","","","","부산광역시 수영구 광안동 164-3 흑석스카이","부산광역시 수영구 수영로554번길 11-1 (광안동, 흑석스카이)","48298","스테이순","2026-01-10 13:40:54","U","2026-01-12 02:40:00","","392494.22559392","186040.896200391","관광숙박업","","일반상업지역","0","","","","","5","0","21","0","","","0","0","","0","0","","0","489.2","","0","","","","","","","1870000000","","","","489","호스텔업",
"101","관광숙박업","03_11_01_P","3380000","CDFI2260032025000030","2025-11-25","","01","영업/정상","13","영업중","","","","","","","","부산광역시 수영구 광안동 171-36","부산광역시 수영구 광안로22번길 59 (광안동)","48299","수베니어홈","2026-01-10 13:41:31","U","2026-01-12 02:40:00","","392603.763740418","185879.923353914","관광숙박업","","일반주거지역","0","","","","","2","0","2","0","","","0","0","","0","0","","0","120.02","","0","","","","","","","60000000","","","","120","호스텔업",
"102","관광숙박업","03_11_01_P","3380000","CDFI2260032025000022","2025-09-03","","01","영업/정상","13","영업중","","","","","","","","부산광역시 수영구 민락동 110-45 수변PLAZA","부산광역시 수영구 광안해변로344번길 17-17, 수변PLAZA (민락동)","48280","시나몬스테이 광안","2026-01-10 13:25:58","U","2026-01-12 02:40:00","","394158.647132253","186094.989670927","관광숙박업","","준주거지역","0","","","","","5","0","2","0","","","0","0","","0","0","","0","224.91","","0","","","","","","","0","","","","225","호스텔업",
"103","관광숙박업","03_11_01_P","4850000","CDFI2260032024000001","2024-09-30","","01","영업/정상","13","영업중","","","","","","","","전라남도 담양군 담양읍 운교리 60-6","전라남도 담양군 담양읍 죽향문화로 389","57311","송송 호스텔","2026-01-11 15:19:27","U","2026-01-13 02:40:00","","","","관광숙박업","","자연녹지지역","2","","","","숙박시설","2","0","10","0","","","0","0","","0","0","","0","554.4","","0","","","","","","","0","","","","554","호스텔업",
"104","관광숙박업","03_11_01_P","4850000","CDFI2260032022000001","2022-02-11","","01","영업/정상","13","영업중","","","","","0613839773","","","전라남도 담양군 용면 월계리 149-25 호스텔","전라남도 담양군 용면 추월산로 977-3, 호스텔","57300","글리제977","2026-01-11 15:13:42","U","2026-01-13 02:40:00","","199915.416919029","211381.699122791","관광숙박업","","관리지역","3","기타","","","숙박시설","3","1","7","270","","","0","0","","0","0","","0","1467","","0","","","","","","","100000000","","","","1467","호스텔업",
"105","관광숙박업","03_11_01_P","4181000","CDFI2260032025000001","2025-10-22","","01","영업/정상","13","영업중","","","","","033-260-8000","","","강원특별자치도 춘천시 남산면 서천리 392 무와제이드","강원특별자치도 춘천시 남산면 경춘로 212-28, 무와제이드","24464","무와제이드","2026-01-11 16:10:35","U","2026-01-13 02:40:00","","247651.539565651","481772.882792567","관광숙박업","","관리지역","3","기타","","","콘도미니엄","2","1","36","41318","","","0","0","","0","0","","0","4131834","","0","","","","","","","888568940000","","","","4131834","휴양콘도미니엄업",
"106","관광숙박업","03_11_01_P","4850000","CDFI2260032025000001","2025-08-04","","01","영업/정상","13","영업중","","","","","061-882-7779","","","전라남도 담양군 월산면 중월리 442","전라남도 담양군 월산면 담장로 548","57314","선인장","2026-01-11 15:22:23","U","2026-01-13 02:40:00","","192860.9105013","205504.408527264","관광숙박업","","관리지역","5","","","","숙박시설","5","0","9","556","","","0","0","","0","0","","0","887.31","","0","","","","","","","0","","","","887","호스텔업",
"107","관광숙박업","03_11_01_P","4010000","CDFI2260032025000001","2025-07-21","","01","영업/정상","13","영업중","","","","","","","","경기도 시흥시 정왕동 2042-15","경기도 시흥시 오이도로 249 (정왕동)","15015","호텔 오이도","2026-01-11 15:49:11","U","2026-01-13 02:40:00","","172405.878339458","426566.106666174","관광숙박업","","일반주거지역","7","주택가주변","","","호텔","6","1","23","1127","HOTEL OIDO","SMALL HOTEL","0","0","","0","0","","0","277.85","","0","","","","","","","0","","","","278","소형호텔업",
"108","관광숙박업","03_11_01_P","3930000","CDFI2260032026000001","2026-01-12","","01","영업/정상","13","영업중","","","","","","","","경기도 안산시 단원구 대부동동 1567-392","경기도 안산시 단원구 공마루길 80 (대부동동)","15644","더스테이 호스텔","2026-01-12 16:34:50","I","2026-01-14 00:20:02","","","","관광숙박업","","자연녹지지역","2","","","","","0","0","0","0","","","0","0","","0","0","","0","170","","0","","","","","","","0","","","","170","호스텔업",
"109","관광숙박업","03_11_01_P","3930000","CDFI2260032026000002","2026-01-12","","01","영업/정상","13","영업중","","","","","","","","경기도 안산시 단원구 원곡동 960-3","경기도 안산시 단원구 부부로 62, 2층 (원곡동)","15363","아늑호스텔 안산점","2026-01-12 17:37:48","I","2026-01-14 00:20:02","","181469.047431628","425794.3890198","관광숙박업","","일반상업지역","2","","","","","0","0","0","0","","","0","0","","0","0","","0","256","","0","","","","","","","0","","","","256","호스텔업",
"110","관광숙박업","03_11_01_P","3000000","CDFI2260032026000003","2026-01-12","","01","영업/정상","13","영업중","","","","","","","","서울특별시 종로구 낙원동 235-11","서울특별시 종로구 종로17길 48, 1~5층 (낙원동)","03140","하프레스트 호스텔","2026-01-12 10:14:23","I","2026-01-14 00:20:02","","198906.525582464","452222.26053706","관광숙박업","","상업지역","7","기타","","","숙박시설","5","2","21","0","Halfrest HOSTEL","Tourist Accommodation Business(Hostel)","0","0","","0","0","","0","554.17","","0","","","","","","","0","","","","554","호스텔업",
"111","관광숙박업","03_11_01_P","3000000","CDFI2260032026000004","2026-01-12","","01","영업/정상","13","영업중","","","","","","","","서울특별시 종로구 숭인동 217-6","서울특별시 종로구 난계로29길 65-14, 3~5층 (숭인동)","03115","엔조이스테이 호스텔","2026-01-12 14:59:25","I","2026-01-14 00:20:02","","201689.360291466","452306.010081257","관광숙박업","","상업지역","5","기타","","","숙박시설","5","0","27","0","N joystay HOSTEL","Tourist Accommodation Business(Hostel)","0","0","","0","0","","0","596.25","","0","","","","","","","0","","","","596","호스텔업",
"112","관광숙박업","03_11_01_P","3160000","CDFI2260032019000002","2019-09-05","","02","휴업","02","휴업","","2026-01-09","2028-01-09","","","","","서울특별시 구로구 가리봉동 131-53","서울특별시 구로구 디지털로19길 6-14 (가리봉동)","08388","스토리호스텔","2026-01-12 15:20:08","U","2026-01-14 02:40:00","","190265.51915022","442043.305262935","관광숙박업","","준공업지역","10","기타","","","숙박시설","9","1","29","0","","","0","0","","0","0","","0","755.34","","0","","","","","","","1840000000","","","","755","호스텔업",
"113","관광숙박업","03_11_01_P","3380000","CDFI2260032016000001","2016-03-23","","01","영업/정상","13","영업중","","","","","","","","부산광역시 수영구 광안동 203-4","부산광역시 수영구 남천바다로33번길 15 (광안동, 미라쥬)","48303","호텔미라주","2026-01-12 15:15:02","U","2026-01-14 02:40:00","","392604.242607755","185383.828715169","관광숙박업","","일반상업지역","6","기타","","","숙박시설","6","0","16","0","","","0","0","","0","0","","0","597.8","","0","","","","","","","800000000","","","","598","호스텔업",
"114","관광숙박업","03_11_01_P","3330000","CDFI2260032018000002","2018-05-03","","01","영업/정상","13","영업중","","","","","051-746-9468","","","부산광역시 해운대구 중동 1026 휘겔리","부산광역시 해운대구 달맞이길62번가길 37, 휘겔리 1,6층 (중동)","48098","휘겔리 스위트","2026-01-12 14:17:47","U","2026-01-14 02:40:00","","397830.16203515","186525.323637002","관광숙박업","","일반상업지역","8","","","","숙박시설","6","2","11","3162","","","0","0","","0","0","","0","784.72","","0","","","","","","","0","","","","785","호스텔업",
"115","관광숙박업","03_11_01_P","5530000","CDFI2260032006000001","2006-04-14","","01","영업/정상","13","영업중","","","","","031-225-3366","","445-380","경기도 화성시 안녕동 180-371","경기도 화성시 세자로 438 (안녕동)","18326","그린피아 관광호텔","2026-01-12 10:50:32","U","2026-01-14 02:40:00","","198465.267737393","411311.080587686","관광숙박업","관광사업","자연녹지지역","5","기타","","","숙박시설","4","1","52","3305","Green Pia Tourist Hotel","Tourism Hotel","0","0","","0","0","","0","3305.2","","0","","","","","","","0","","","","3305","관광호텔업",
"116","관광숙박업","03_11_01_P","5530000","CDFI2260032006000002","2006-12-22","","01","영업/정상","13","영업중","","","","","031-353-7833","","","경기도 화성시 향남읍 구문천리 927-10","경기도 화성시 향남읍 발안공단로5길 7-23","18623","월드관광호텔","2026-01-12 10:51:12","U","2026-01-14 02:40:00","","191802.064668503","398270.704200977","관광숙박업","관광사업","일반상업지역","10","","","","호텔","9","1","81","586","","","0","0","","0","0","","0","4942.39","","0","","","","","","","0","","","","4942","관광호텔업",
"117","관광숙박업","03_11_01_P","5530000","CDFI2260032012000001","2012-08-13","","01","영업/정상","13","영업중","","","","","031-359-8991","","445-971","경기도 화성시 팔탄면 월문리 235-61","경기도 화성시 팔탄면 버들로1597번길 28","18577","제이스 관광호텔","2026-01-12 10:51:50","U","2026-01-14 02:40:00","","188866.175939215","401625.231564317","관광숙박업","","","0","","","","","5","1","76","0","Je.s Tourism Hotel","Tourism Hotel","0","0","","0","0","","0","5481.19","","0","","","","","","","0","","","","5481","관광호텔업",
"118","관광숙박업","03_11_01_P","5530000","CDFI2260032013000001","2013-10-18","","01","영업/정상","13","영업중","","","","","031-8036-9000","","445-160","경기도 화성시 반송동 92-6","경기도 화성시 노작로 161 (반송동)","18454","신라스테이 동탄","2026-01-12 10:52:44","U","2026-01-14 02:40:00","","206428.11381384","411182.529493518","관광숙박업","","중심상업지역","31","기타","","","호텔","29","2","286","24408","SHILLA STAY Dong Tan","Tourism Hotel","0","0","","0","0","","0","24408.07","","0","","","","","","","0","","","","24408","관광호텔업",
"119","관광숙박업","03_11_01_P","5530000","CDFI2260032015000001","2015-11-30","","01","영업/정상","13","영업중","","","","","031-268-1000","","","경기도 화성시 남양읍 활초리 4-21 현대자동차(주) 롤링힐스 호텔","경기도 화성시 남양읍 시청로 290, 롤링힐스 호텔","18278","롤링힐스 호텔","2026-01-12 10:53:47","U","2026-01-14 02:40:00","","185606.817956411","409830.199177825","관광숙박업","","","0","","","","호텔","4","2","228","0","Rolling Hills Hotel","Tourism Hotel","0","0","","0","0","","0","26635.04","","0","","","","","","","109815856","","","","26635","관광호텔업",
"120","관광숙박업","03_11_01_P","5530000","CDFI2260032015000002","2015-12-24","","01","영업/정상","13","영업중","","","","","031-350-6200","","","경기도 화성시 남양읍 남양리 2077-13","경기도 화성시 남양읍 역골로 3-12","18271","베니키아 더에이치 호텔","2026-01-12 10:54:37","U","2026-01-14 02:40:00","","184687.638269289","410962.186159549","관광숙박업","","일반상업지역","0","","","","","7","2","90","0","BENIKIA THE H HOTEL","Tourism Hotel","0","0","","0","0","","0","5755.95","","0","","","","","","","17999999000","","","","5756","관광호텔업",
"121","관광숙박업","03_11_01_P","5530000","CDFI2260032016000001","2016-01-15","","01","영업/정상","13","영업중","","","","","031-8020-0000","","","경기도 화성시 안녕동 188-2","경기도 화성시 효행로 480 (안녕동)","18324","호텔 푸르미르","2026-01-12 13:28:15","U","2026-01-14 02:40:00","","198602.911403975","411881.067754944","관광숙박업","","자연녹지지역","0","","","","","4","2","239","23890","TOURISM BUSINESS","Tourism Hotel","0","0","","0","0","","0","23889.75","","0","","","","","","","0","","","","23890","관광호텔업",
"122","관광숙박업","03_11_01_P","5530000","CDFI2260032016000002","2016-02-12","","01","영업/정상","13","영업중","","","","","031-366-3319","","","경기도 화성시 향남읍 평리 128","경기도 화성시 향남읍 평6길 46-1","18593","엘가관광호텔","2026-01-12 10:59:59","U","2026-01-14 02:40:00","","191769.254741996","403147.296359159","관광숙박업","","일반상업지역","0","","","","","10","1","71","4711","","","0","0","","0","0","","0","4710.82","","0","","","","","","","0","","","","4711","관광호텔업",
"123","관광숙박업","03_11_01_P","5530000","CDFI2260032017000001","2017-09-01","","01","영업/정상","13","영업중","","","","","031-352-7275","","","경기도 화성시 팔탄면 율암리 845-21 외 4필지","경기도 화성시 팔탄면 온천로 434-26","18530","율암힐호텔","2026-01-12 11:01:03","U","2026-01-14 02:40:00","","189516.66151185","405503.853668283","관광숙박업","","","0","","","","숙박시설","4","2","32","0","","","0","0","","0","0","","0","7273.54","","0","","","","","","","500000000","","","","7274","관광호텔업",
"124","관광숙박업","03_11_01_P","4920000","CDFI2260032020000001","2020-01-09","","01","영업/정상","13","영업중","","","","","","","","전라남도 강진군 강진읍 동성리 502-5","전라남도 강진군 강진읍 동성로 66","59226","다산호스텔","2026-01-12 16:47:42","U","2026-01-14 02:40:00","","178978.651044078","127328.37416003","관광숙박업","","","3","","","","숙박시설","3","0","9","0","","","0","0","","0","0","","0","438.69","","0","","","","","","","0","","","","439","호스텔업",
"125","관광숙박업","03_11_01_P","3650000","CDFI2260032025000007","2025-12-17","","01","영업/정상","13","영업중","","","","","","","","대전광역시 중구 대흥동 452-28","대전광역시 중구 대흥로111번길 14, 4층 (대흥동)","34918","온담재","2026-01-12 15:28:36","U","2026-01-14 02:40:00","","238043.710075886","313754.778181606","관광숙박업","","","0","","","","","0","0","3","0","","","0","0","","0","0","","0","163.8","","0","","","","","","","0","","","","164","호스텔업",
"126","관광숙박업","03_11_01_P","4920000","CDFI2260032023000001","2023-02-20","","01","영업/정상","13","영업중","","","","","061-430-5354","","","전라남도 강진군 강진읍 동성리 305-2","전라남도 강진군 강진읍 탐진로 166-7","59225","강진스테이오소","2026-01-12 17:47:45","U","2026-01-14 02:40:00","","179091.054635219","127304.768284913","관광숙박업","","","0","","","","","0","0","6","0","","","0","0","","0","0","","0","698.48","","0","","","","","","","0","","","","698","호스텔업",
"127","관광숙박업","03_11_01_P","5530000","CDFI2260032022000001","2022-11-16","","01","영업/정상","13","영업중","","","","","031-352-7150","","","경기도 화성시 정남면 보통리 141-39","경기도 화성시 정남면 세자로 286","18516","라비돌호텔","2026-01-12 11:01:42","U","2026-01-14 02:40:00","","198449.906260848","409841.049535703","관광숙박업","","자연녹지지역","18","학교정화(상대)","","","숙박시설","17","1","241","28022","LAVIEDOR HOTEL","Membership organizations, repair and other personal services","0","0","","0","0","","0","28022.16","","0","","","","","","","1550000000","","","","28022","관광호텔업",
"128","관광숙박업","03_11_01_P","3220000","CDFI2260032007000001","2007-04-02","","01","영업/정상","13","영업중","","","","","","","","서울특별시 강남구 역삼동 677-11","서울특별시 강남구 테헤란로33길 16 (역삼동, 리더스관광호텔)","06142","트리아관광호텔","2026-01-12 15:11:01","U","2026-01-14 02:40:00","","203414.8682942","444515.570280103","관광숙박업","관광사업","상업지역","10","기타","","","호텔","8","2","0","0","","","0","0","","0","0","","0","3001.86","","0","","","","","","","4400000000","","","","3002","",
"129","관광숙박업","03_11_01_P","3220000","CDFI2260031999000001","1999-09-21","","01","영업/정상","13","영업중","","","","","0234522500","","","서울특별시 강남구 삼성동 159 웨스틴 서울 파르나스","서울특별시 강남구 봉은사로 524, 웨스틴 서울 파르나스 (삼성동)","06164","웨스틴 서울 파르나스","2026-01-12 14:40:46","U","2026-01-14 02:40:00","","205130.591678902","445590.096837802","관광숙박업","관광사업","일반상업지역","35","기타","","","호텔","29","6","564","5818","The Westin Seoul Parnas","","0","0","","0","0","","0","109978.95","","0","","","","","","","0","","","","109979","관광호텔업",
"130","관광숙박업","03_11_01_P","4191000","CDFI2260032025000001","2025-06-11","","01","영업/정상","13","영업중","","","","","033-742-7777","","","강원특별자치도 원주시 지정면 신평리 170-17","강원특별자치도 원주시 지정면 신무로 54-9","26348","원주시티호텔 기업도시점","2026-01-12 17:20:04","U","2026-01-14 02:40:00","","","","관광숙박업","","관리지역","5","","","","","4","1","48","3766","","","0","0","","0","0","","0","3766.03","","0","","","","","","","0","","","","3766","관광호텔업",
"131","관광숙박업","03_11_01_P","3330000","CDFI2260032022000008","2022-10-18","","01","영업/정상","13","영업중","","","","","","","","부산광역시 해운대구 송정동 312-10 씨엔씨빌딩","부산광역시 해운대구 송정광어골로 19, 씨엔씨빌딩 8층 (송정동)","48073","송정스카이 펜트하우스","2026-01-12 13:54:03","U","2026-01-14 02:40:00","","400192.402342594","188896.461179341","관광숙박업","","준주거지역","10","","","","","9","1","1","2062","","","0","0","","0","0","","0","251.21","","0","","","","","","","0","","","","251","호스텔업",
"132","관광숙박업","03_11_01_P","4641000","CDFI2260032023000001","2023-02-20","","01","영업/정상","13","영업중","","","","","","","","전북특별자치도 전주시 완산구 남노송동 536-10","전북특별자치도 전주시 완산구 한지길 9-2 (남노송동)","55040","인센스","2026-01-12 14:05:14","U","2026-01-14 02:40:00","","213773.708523064","257748.177007389","관광숙박업","","일반상업지역","3","","","","","0","0","2","0","","","0","0","","0","0","","0","149.28","","0","","","","","","","0","","","","149","호스텔업",
"133","관광숙박업","03_11_01_P","4641000","CDFI2260032025000004","2025-04-28","","01","영업/정상","13","영업중","","","","","","","","전북특별자치도 전주시 덕진구 덕진동1가 1266-8","전북특별자치도 전주시 덕진구 기린대로 468, 7층 (덕진동1가)","54898","스테이전주","2026-01-12 20:24:56","U","2026-01-14 02:40:00","","211376.845267307","260210.449694832","관광숙박업","","일반상업지역","9","","","","","0","0","13","0","","","0","0","","0","0","","0","279","","0","","","","","","","0","","","","279","호스텔업",
"134","관광숙박업","03_11_01_P","4920000","CDFI2260032021000001","2021-01-06","","01","영업/정상","13","영업중","","","","","","","","전라남도 강진군 강진읍 동성리 531","전라남도 강진군 강진읍 청렴길 22-12","59226","이든호스텔","2026-01-12 16:48:03","U","2026-01-14 02:40:00","","178931.892587727","127499.005802175","관광숙박업","","주거지역","3","주택가주변","","","","3","0","31","0","","","0","0","","0","0","","0","592.9","","0","","","","","","","0","","","","593","호스텔업",
"135","관광숙박업","03_11_01_P","4641000","CDFI2260032025000002","2025-02-13","","01","영업/정상","13","영업중","","","","","","","","전북특별자치도 전주시 완산구 다가동4가 90-7","전북특별자치도 전주시 완산구 전주객사1길 48, 3층 (다가동4가)","54999","상상 스테이","2026-01-12 20:18:36","U","2026-01-14 02:40:00","","212507.13503792","257607.233393633","관광숙박업","","","3","","","","","0","0","1","0","","","0","0","","0","0","","0","56.76","","0","","","","","","","0","","","","57","호스텔업",
"136","관광숙박업","03_11_01_P","5330000","CDFI2260032026000001","2026-01-13","","01","영업/정상","13","영업중","","","","","","","","경상남도 통영시 도남동 201-13 통영베이","경상남도 통영시 도남로 257-93, 통영베이 (도남동)","53079","통영베이콘도호텔","2026-01-13 15:30:55","I","2026-01-15 00:20:35","","330994.617192431","148795.748057081","관광숙박업","","","0","","","","","0","0","0","0","","","0","0","","0","0","","0","0","","0","","","","","","","0","","","","0","가족호텔업",
"137","관광숙박업","03_11_01_P","3380000","CDFI2260032026000005","2026-01-13","","01","영업/정상","13","영업중","","","","","","","","부산광역시 수영구 민락동 34-7","부산광역시 수영구 민락본동로19번길 59, 4층 (민락동)","48290","아지트","2026-01-13 10:25:40","I","2026-01-15 00:20:35","","393630.621334446","186333.44431789","관광숙박업","","준주거지역","0","","","","","4","0","1","0","","","0","0","","0","0","","0","47.04","","0","","","","","","","0","","","","47","호스텔업",
"138","관광숙박업","03_11_01_P","6520000","CDFI2260032014001053","2014-04-07","","01","영업/정상","13","영업중","","","","","0647358900","","","제주특별자치도 서귀포시 색달동 2785","제주특별자치도 서귀포시 중문관광로72번길 60","","(주)조선호텔앤리조트 그랜드조선 제주","2026-01-13 11:14:32","U","2026-01-15 02:40:00","","144751.887541136","-26916.3062249479","관광숙박업","","자연녹지지역","6","기타","","","숙박시설","4","2","198","31750","","","0","0","","0","0","","0","31750","","0","","","","","","","26700000000","","","","31750","관광호텔업",
"139","관광숙박업","03_11_01_P","3220000","CDFI2260032026000001","2026-01-05","","01","영업/정상","13","영업중","","","","","","","","서울특별시 강남구 논현동 21-2","서울특별시 강남구 학동로3길 49 (논현동)","06043","하로스테이 신사","2026-01-13 09:40:35","U","2026-01-15 02:40:00","","201799.777259061","445833.24604916","관광숙박업","","주거지역","5","주택가주변","","","숙박시설","4","1","0","0","","","0","0","","0","0","","0","346.46","","0","","","","","","","900000000","","","","346","호스텔업",
"140","관광숙박업","03_11_01_P","3570000","CDFI2260032025000001","2025-12-26","","01","영업/정상","13","영업중","","","","","032-933-9304","","","인천광역시 강화군 삼산면 매음리 1170","인천광역시 강화군 삼산면 어류정길177번길 17","23007","유니아일랜드 더 스파빌(UNIISLAND THE SPAVILLE)","2026-01-13 17:02:36","U","2026-01-15 02:40:00","","141818.216586369","461379.57178231","관광숙박업","","관리지역","3","","","","호텔","2","1","61","5416","UNIISLAND THE SPAVILLE","Tourist Hotel Business","0","0","","0","0","","0","5416.17","","0","","","","","","","0","","","","5416","관광호텔업",
"141","관광숙박업","03_11_01_P","5410000","CDFI2260032000000001","2000-07-25","","01","영업/정상","13","영업중","","","","","055-536-5183","","635-891","경상남도 창녕군 부곡면 거문리 213-19","경상남도 창녕군 부곡면 온천2길 41","","(주)레이크힐스골프텔부곡","2026-01-13 15:42:10","U","2026-01-15 02:40:00","","344263.774981603","216825.685616221","관광숙박업","관광사업","","12","","","","콘도미니엄","10","2","164","0","Lake Hills Golftel in Bukok","Tourist accommodation business(Resort condominium)","0","0","","0","0","","0","15272.77","","0","","","","","","","0","","","","15273","휴양콘도미니엄업",
"142","관광숙박업","03_11_01_P","5410000","CDFI2260032005000001","2005-03-03","","01","영업/정상","13","영업중","","","","","","","635-891","경상남도 창녕군 부곡면 거문리 203-10","경상남도 창녕군 부곡면 온천로 594","635-890","(주)일성부곡콘도미니엄","2026-01-13 15:44:28","U","2026-01-15 02:40:00","","344110.855664057","216373.696119639","관광숙박업","관광사업","","0","","","","","0","0","247","0","ILSEONG BUGOK CONDOMINIUM CO","Tourist Accommodations","0","0","","0","0","","0","0","","0","","","","","","","0","","","","0","휴양콘도미니엄업",
"143","관광숙박업","03_11_01_P","5410000","CDFI2260032012000001","2012-08-17","","01","영업/정상","13","영업중","","","","","055-530-3000","","635-891","경상남도 창녕군 부곡면 거문리 223-1","경상남도 창녕군 부곡면 온천중앙로 42","50365","부곡스파디움 · 따오기호텔","2026-01-13 15:45:28","U","2026-01-15 02:40:00","","344188.39950135","216644.212002898","관광숙박업","","","0","","","","","5","1","80","0","","","0","0","","0","0","","0","0","","0","","","","","","","0","","","","0","가족호텔업",
"144","관광숙박업","03_11_01_P","4810000","CDFI2260032022000009","2022-10-24","","01","영업/정상","13","영업중","","","","","","","","전라남도 여수시 돌산읍 평사리 산 281-2","전라남도 여수시 돌산읍 돌산로 3072","59771","하플로스 풀빌라 펜션","2026-01-13 08:53:20","U","2026-01-15 02:40:00","","269914.677060609","133438.485887008","관광숙박업","","자연녹지지역","2","기타","","","숙박시설","2","1","0","0","","","0","0","","0","0","","0","2656","","0","","","","","","","200000000","","","","2656","호스텔업",
"145","관광숙박업","03_11_01_P","3440000","CDFI2260032023000001","2023-11-07","","01","영업/정상","13","영업중","","","","","","","","대구광역시 남구 대명동 139-12","대구광역시 남구 대명로57길 20-22 (대명동)","42418","The house of gallery","2026-01-13 10:02:39","U","2026-01-15 02:40:00","","343355.593922111","261700.753196075","관광숙박업","","일반상업지역","4","","","재난배상책임보험","","0","0","0","0","","","0","0","","0","0","","0","337.29","","0","","","","","","","0","","","","337","호스텔업",
"146","관광숙박업","03_11_01_P","5050000","CDFI2260032003000001","2003-08-15","","01","영업/정상","13","영업중","","","","","0547400542","","780-843","경상북도 경주시 양남면 신대리 1265","경상북도 경주시 양남면 동남로 1021","780-843","마우나 빌(레오) 휴양콘도미니엄","2026-01-14 12:58:00","U","2026-01-16 02:40:00","","414395.629522232","245291.2743122","관광숙박업","관광사업","","6","","","","콘도미니엄","6","0","204","21090","","","0","0","","0","0","","0","21090.3","","0","","","","","","","0","","","","21090","휴양콘도미니엄업",
"147","관광숙박업","03_11_01_P","3910000","CDFI2260032011000001","2011-11-08","","01","영업/정상","13","영업중","","","","","031-662-5087","","","경기도 평택시 서정동 846-4","경기도 평택시 관광특구로 24 (서정동)","17774","아늑 료칸 호텔 송탄점","2026-01-14 14:25:12","U","2026-01-16 02:40:00","","205391.288901579","396101.191930305","관광숙박업","","상업지역","10","유흥업소밀집지역","","DB손해보험","숙박시설","9","1","50","2995","","","0","0","","0","0","","0","480","","0","","","","","","","900000000","","","","480","관광호텔업",
"148","관광숙박업","03_11_01_P","3910000","CDFI2260032014000001","2014-01-10","","01","영업/정상","13","영업중","","","","","031-682-3207~8","","451-821","경기도 평택시 포승읍 만호리 573-10","경기도 평택시 포승읍 평택항로184번길 3-13","17959","이끌림클래식호텔","2026-01-14 14:19:35","U","2026-01-16 02:40:00","","185885.010410498","386093.998211511","관광숙박업","","일반상업지역","16","기타","","","숙박시설","15","1","80","0","","","0","0","","0","0","","0","5056.21","","0","","","","","","","5593599000","","","","5056","관광호텔업",
"149","관광숙박업","03_11_01_P","3910000","CDFI2260032002000001","2002-06-20","","01","영업/정상","13","영업중","","","","","031-691-9261","","451-808","경기도 평택시 팽성읍 안정리 137-1","경기도 평택시 팽성읍 안정로21번길 31","17983","로얄관광호텔","2026-01-14 14:23:57","U","2026-01-16 02:40:00","","203994.791860737","384294.029813402","관광숙박업","","일반상업지역","6","","","NH농협손해보험주식회사","숙박시설","5","1","45","1226","","","0","0","","0","0","","0","1707.27","","0","","","","","","","0","","","","1707","관광호텔업",
"150","관광숙박업","03_11_01_P","3910000","CDFI2260031989000001","1989-11-13","","01","영업/정상","13","영업중","","","","","","","450-826","경기도 평택시 평택동 62-10","경기도 평택시 평택1로 7 (평택동)","","평택스테이관광호텔","2026-01-14 14:20:37","U","2026-01-16 02:40:00","","207633.698389432","387911.818346872","관광숙박업","관광사업","","10","","","","","7","3","50","4606","PYEONGTAEK STAY HOTEL","Tourist Hotel Business","0","0","","0","0","","0","0","","0","","","","","","","0","","","","0","관광호텔업",
"151","관광숙박업","03_11_01_P","3910000","CDFI2260032017000001","2017-07-03","","01","영업/정상","13","영업중","","","","","031 611 1873","","","경기도 평택시 서정동 849-5","경기도 평택시 서정로 261 (서정동)","17774","센트럴퍼슨평택호텔","2026-01-14 14:26:43","U","2026-01-16 02:40:00","","205473.430858378","396012.220446161","관광숙박업","","일반상업지역","11","","","현대해상화재보험","","10","1","51","2674","CENTRAL PERSON PYEONGTAEK HOTEL","Tourist hotel business","0","0","","0","0","","0","2674.24","","0","","","","","","","0","","","","2674","관광호텔업",
"152","관광숙박업","03_11_01_P","4160000","CDFI2260032024000002","2024-08-20","","01","영업/정상","13","영업중","","","","","","","","경기도 가평군 가평읍 달전리 133-13","경기도 가평군 가평읍 북한강변로 1027-57","12422","풀스테이","2026-01-14 15:00:33","U","2026-01-16 02:40:00","","245938.631567044","478147.855014332","관광숙박업","","관리지역","4","기타","","","숙박시설","3","1","23","0","","","0","0","","0","0","","0","4522","","0","","","","","","","15000000500","","","","4522","휴양콘도미니엄업",
"153","관광숙박업","03_11_01_P","4820000","CDFI2260032014000013","2014-10-16","","01","영업/정상","13","영업중","","","","","","","540-290","전라남도 순천시 대대동 1461-4","전라남도 순천시 순천만길 726-7 (대대동)","58027","까사 데 알보르","2026-01-14 16:12:01","U","2026-01-16 02:40:00","","245857.870105433","154435.634095239","관광숙박업","","자연녹지지역","3","기타","","","숙박시설","3","0","0","0","","","0","0","","0","0","","0","368.64","","0","","","","","","","0","","","","369","호스텔업",
"154","관광숙박업","03_11_01_P","3270000","CDFI2260032026000001","2026-01-07","","01","영업/정상","13","영업중","","","","","","","","부산광역시 동구 초량동 172-17","부산광역시 동구 중앙대로 247, 2층 (초량동)","48798","코베뉴하우스","2026-01-14 11:55:24","U","2026-01-16 02:40:00","","386037.058706058","181906.798730475","관광숙박업","","일반상업지역","5","","","","","5","1","4","865","","","0","0","","0","0","","0","151.27","","0","","","","","","","20000000","","","","151","호스텔업",
"155","관광숙박업","03_11_01_P","3270000","CDFI2260032026000002","2026-01-07","","01","영업/정상","13","영업중","","","","","","","","부산광역시 동구 초량동 520-2 동우빌딩","부산광역시 동구 중앙대로195번가길 21, 3층 (초량동, 동우빌딩)","48816","루츠하우스","2026-01-14 11:58:42","U","2026-01-16 02:40:00","","385722.814555825","181574.184254672","관광숙박업","","일반상업지역","6","","","","","5","1","8","1022","","","0","0","","0","0","","0","250.06","","0","","","","","","","0","","","","250","호스텔업",
"156","관광숙박업","03_11_01_P","3130000","CDFI2260032017000003","2017-12-29","","01","영업/정상","13","영업중","","","","","3704-8465","","","서울특별시 마포구 도화동 25-13 효성해링턴 스퀘어","서울특별시 마포구 마포대로 92, 효성해링턴 스퀘어 (도화동)","04168","글래드호텔 마포","2026-01-14 15:51:09","U","2026-01-16 02:40:00","","195616.580723896","448973.867131637","관광숙박업","","","26","","","378","","24","2","378","26504","GLAD HOTEL Mapo","TOURIST ACCOMMODATION(TOURIST HOTEL)","0","0","","0","0","","0","26504.2","","0","","","","","","","0","","","","26504","관광호텔업",
"157","관광숙박업","03_11_01_P","3180000","CDFI2260032021000002","2021-12-02","","01","영업/정상","13","영업중","","","","","","","","서울특별시 영등포구 양평동3가 33-5","서울특별시 영등포구 선유서로31길 10-4 (양평동3가)","07269","상상그린 G. HOUSE","2026-01-14 09:46:08","U","2026-01-16 02:40:00","","189814.291077523","447181.999973293","관광숙박업","","","10","","","","","9","1","46","996","","","0","0","","0","0","","0","996.33","","0","","","","","","","0","","","","996","호스텔업",
"158","관광숙박업","03_11_01_P","3400000","CDFI2260032025000002","2025-10-30","","01","영업/정상","13","영업중","","","","","","","","부산광역시 기장군 기장읍 연화리 220-1","부산광역시 기장군 기장읍 연화2길 6","46082","하루연화","2026-01-14 16:53:44","U","2026-01-16 02:40:00","","402571.133072786","193126.753743041","관광숙박업","","일반주거지역","3","","","","","3","0","1","0","","","0","0","","0","0","","0","66.82","","0","","","","","","","0","","","","67","호스텔업",
"159","관광숙박업","03_11_01_P","3380000","CDFI2260032024000004","2024-02-26","","01","영업/정상","13","영업중","","","","","","","","부산광역시 수영구 민락동 179-3","부산광역시 수영구 광안해변로 235, 6층 (민락동)","48284","Stay Lazy Morning","2026-01-14 18:24:45","U","2026-01-16 02:40:00","","393085.150482681","186011.990468756","관광숙박업","","일반상업지역","0","","","","","6","0","4","0","","","0","0","","0","0","","0","340.21","","0","","","","","","","50000000","","","","340","호스텔업",
"160","관광숙박업","03_11_01_P","3010000","CDFI2260032016000003","2016-02-19","","01","영업/정상","13","영업중","","","","","2276-3500","","","서울특별시 중구 을지로5가 275-3","서울특별시 중구 동호로 354 (을지로5가, 극동 스타클래스)","04561","라마다 바이 윈덤 서울 동대문 (RAMADA BY WYNDHAM SEOUL DONGDAEMUN)","2026-01-14 07:58:18","U","2026-01-16 02:40:00","","200161.192418006","451521.415517111","관광숙박업","","","0","","","3성","","12","4","197","12469","RAMADA BY WYNDHAM SEOUL DONGDAEMUN","Tourist Hotel","0","0","","0","0","","0","11378.16","","0","","","","","","","0","","","","11378","관광호텔업",
"161","관광숙박업","03_11_01_P","3120000","CDFI2260032017000002","2017-03-10","","01","영업/정상","13","영업중","","","","","","","","서울특별시 서대문구 대현동 101-17","서울특별시 서대문구 신촌로 155, 8층 (대현동, 해암빌딩)","03766","서울그랜드호스텔 이대","2026-01-14 13:20:25","U","2026-01-16 02:40:00","","194929.750810335","450514.690947083","관광숙박업","","상업지역","0","기타","","재난배상책임보험(삼성화재)","숙박시설","8","2","19","0","","","0","0","","0","0","","0","512.62","","0","","","","","","","300000000","","","","513","호스텔업",
"162","관광숙박업","03_11_01_P","3780000","CDFI2260032020000001","2020-12-15","","01","영업/정상","13","영업중","","","","","","","","경기도 성남시 분당구 백현동 538 그래비티 타워","경기도 성남시 분당구 판교역로146번길 2, 그래비티 타워 (백현동)","13529","(주)조선호텔앤리조트 그래비티조선서울판교","2026-01-14 15:50:38","U","2026-01-16 02:40:00","","209679.850639734","432372.84860209","관광숙박업","","중심상업지역","18","","","","숙박시설","18","7","","","Josun Hotels & Resorts Inc. GRAVITY SEOUL PANGYO","Hotel","","","","","","","","29701.38","","","","","","","","","","","","","29701","관광호텔업",
"163","관광숙박업","03_11_01_P","3650000","CDFI2260032026000001","2026-01-15","","01","영업/정상","13","영업중","","","","","","","","대전광역시 중구 대흥동 206-2","대전광역시 중구 중앙로130번길 18, 3층 (대흥동)","34913","스테이 감초","2026-01-15 15:25:20","I","2026-01-17 00:20:02","","238045.893991327","314133.922198053","관광숙박업","","","0","","","","","0","0","0","0","","","0","0","","0","0","","0","126.41","","0","","","","","","","0","","","","126","호스텔업",
"164","관광숙박업","03_11_01_P","4600000","CDFI2260032007000001","2007-04-02","","01","영업/정상","13","영업중","","","","","041-631-3200","","350-807","충청남도 홍성군 홍성읍 오관리 399-20 외 399-27, 399-29번지","충청남도 홍성군 홍성읍 내포로 42","32230","브라운 도트 호텔 홍성내포점 홍성 온천 호텔 앤 스파 주식회사","2026-01-15 15:21:02","U","2026-01-17 02:40:00","","169817.360037406","344273.806584444","관광숙박업","관광사업","상업지역","10","유흥업소밀집지역","","","근린생활시설","9","1","47","3613","HONGSEONG HOT SPRINGS TOURIST HOTEL","TOURIST HOTEL","0","0","","0","0","","0","452.28","","0","","","","","","","1500000000","","","","452","관광호텔업",
"165","관광숙박업","03_11_01_P","5260000","CDFI2260032017000002","2017-06-01","","01","영업/정상","13","영업중","","","","","054-791-0711","","","경상북도 울릉군 울릉읍 저동리 170-5","경상북도 울릉군 울릉읍 저동4길 47","40214","풍경채 호스텔","2026-01-15 10:27:11","U","2026-01-17 02:40:00","","545781.827421992","452393.200583528","관광숙박업","","","2","","","","","0","0","10","0","","","0","0","","0","0","","0","405.24","","0","","","","","","","0","","","","405","호스텔업",
"166","관광숙박업","03_11_01_P","4510000","CDFI2260032013000001","2013-08-08","","01","영업/정상","13","영업중","","","","","939-2114","","355-943","충청남도 보령시 신흑동 2270-2","충청남도 보령시 해수욕장8길 28 (신흑동)","33489","쏠레르","2026-01-15 18:21:42","U","2026-01-17 02:40:00","","156093.718172047","312695.001467778","관광숙박업","","관리지역","12","기타","","","호텔","10","2","100","13010","Hotel Solaire","Tourism Accomodation Business","0","0","","0","0","","0","13010.13","","0","","","","","","","22200000500","","","","13010","관광호텔업",
"167","관광숙박업","03_11_01_P","3380000","CDFI2260032017000009","2017-07-10","","01","영업/정상","13","영업중","","","","","","","","부산광역시 수영구 민락동 181-177","부산광역시 수영구 광안해변로284번길 16, 1~2층 (민락동)","48283","No25호스텔","2026-01-15 16:32:45","U","2026-01-17 02:40:00","","393548.812212719","186071.117349057","관광숙박업","","준주거지역","5","기타","","","숙박시설","5","0","7","1000","","","0","0","","0","0","","0","263.11","","0","","","","","","","0","","","","263","호스텔업",
"168","관광숙박업","03_11_01_P","3740000","CDFI2260032019000001","2019-04-09","","01","영업/정상","13","영업중","","","","","031-243-9533","","","경기도 수원시 팔달구 고등동 300-13","경기도 수원시 팔달구 갓매산로 72 (고등동)","16454","팰리스호텔","2026-01-14 09:27:00","U","2026-01-17 02:40:00","","200208.826573701","418677.612372532","관광숙박업","","일반상업지역","14","","","삼성화재","숙박시설","14","0","55","1611","","","0","0","","0","0","","0","1611.1","","0","","","","","","","0","","","","1611","가족호텔업",
"169","관광숙박업","03_11_01_P","5530000","CDFI2260032010000001","2010-02-01","","03","폐업","03","폐업","2015-05-27","","","","031-268-1000","","445-150","경기도 화성시 남양읍 활초리 4-21 외 11필지","경기도 화성시 시청로 290 (활초동,외 11필지)","","롤링힐스 관광호텔","2026-01-15 10:45:50","U","2026-01-17 02:40:00","","185606.817956411","409830.199177825","관광숙박업","","","0","","","","","4","2","228","0","Rolling Hills Tourism Hotel","Tourism Hotel","0","0","","0","0","","0","0","","0","","","","","","","330000000","","","","0","",
"170","관광숙박업","03_11_01_P","3740000","CDFI2260032016000005","2016-10-26","","01","영업/정상","13","영업중","","","","","031-8019-8090","","","경기도 수원시 팔달구 매산로2가 7-3","경기도 수원시 팔달구 고화로9번길 33 (매산로2가)","16456","레스티아 수원역점","2026-01-15 15:15:36","U","2026-01-17 02:40:00","","200485.919506411","418630.270524409","관광숙박업","","일반상업지역","0","","","KB손해보험","숙박시설","10","0","32","1000","","","0","0","","0","0","","0","999.97","","0","","","","","","","0","","","","1000","가족호텔업",
"171","관광숙박업","03_11_01_P","3740000","CDFI2260032015000006","2015-09-25","","01","영업/정상","13","영업중","","","","","031-239-5572","","","경기도 수원시 권선구 권선동 991-9","경기도 수원시 권선구 경수대로335번길 10 (권선동)","16565","호텔가덴 비즈","2026-01-14 09:24:35","U","2026-01-17 02:40:00","","201837.128882598","417222.899941855","관광숙박업","","일반주거지역","7","","","DB손해보험 120210870595","숙박시설","6","1","18","1047","","","0","0","","0","0","","0","984.48","","0","","","","","","","3500000000","","","","984","소형호텔업",
"172","관광숙박업","03_11_01_P","3740000","CDFI2260032018000003","2018-02-28","","01","영업/정상","13","영업중","","","","","031-8019-8090","","","경기도 수원시 팔달구 매산로2가 10-6","경기도 수원시 팔달구 고화로9번길 34 (매산로2가)","16456","레스티아 스테이 수원역점","2026-01-15 15:15:23","U","2026-01-17 02:40:00","","200477.69705898","418648.661253876","관광숙박업","","","10","","","KB손해보험","","0","0","30","999","","","0","0","","0","0","","0","998.76","","0","","","","","","","0","","","","999","가족호텔업",
"173","관광숙박업","03_11_01_P","3740000","CDFI2260032016000001","2016-02-18","","01","영업/정상","13","영업중","","","","","031-246-1000","","","경기도 수원시 권선구 금곡동 1111-2","경기도 수원시 권선구 금곡로197번길 17-10 (금곡동)","16391","로얄프라임호텔","2026-01-14 09:28:04","U","2026-01-17 02:40:00","","195612.201402643","419173.844886278","관광숙박업","","일반상업지역","11","","","","숙박시설","9","2","64","4692","","","0","0","","0","0","","0","4692.16","","0","","","","","","","7500000300","","","","4692","관광호텔업",
"174","관광숙박업","03_11_01_P","3740000","CDFI2260032018000007","2018-09-04","","01","영업/정상","13","영업중","","","","","031-245-1989","","","경기도 수원시 팔달구 매산로2가 9-6","경기도 수원시 팔달구 고화로13번길 23 (매산로2가)","16456","호텔 잇츠더블유","2026-01-14 09:26:16","U","2026-01-17 02:40:00","","200514.564319755","418686.362158313","관광숙박업","","일반상업지역","15","","","KB손해보험","호텔","15","0","47","0","","","0","0","","0","0","","0","1550.59","","0","","","","","","","2800000000","","","","1551","가족호텔업",
"175","관광숙박업","03_11_01_P","3290000","CDFI2260032025000018","2025-10-23","","01","영업/정상","13","영업중","","","","","","","","부산광역시 부산진구 전포동 309-1","부산광역시 부산진구 서전로58번길 32, 3층 (전포동)","47303","잇:데이","2026-01-15 10:13:29","U","2026-01-17 02:40:00","","388184.652472736","186091.049589682","관광숙박업","","일반상업지역","0","","","","","3","1","0","0","","","0","0","","0","0","","0","0","","0","","","","","","","16000000","","","","0","호스텔업",
"176","관광숙박업","03_11_01_P","3550000","CDFI2260032002000002","2002-01-04","","01","영업/정상","13","영업중","","","","","032-551-5959","","407-825","인천광역시 계양구 작전동 905-3","인천광역시 계양구 계양문화로17번길 8 (작전동)","","반도관광호텔","2026-01-15 16:42:35","U","2026-01-17 02:40:00","","176539.582698929","447851.369386535","관광숙박업","관광사업","","8","","","","","7","1","48","3338","","","0","0","","0","0","","0","3417","","0","","","","","","","0","","","","3417","관광호텔업",
"177","관광숙박업","03_11_01_P","3530000","CDFI2260032025000001","2025-07-08","","01","영업/정상","13","영업중","","","","","032-427-9000","","","인천광역시 남동구 간석동 212-1","인천광역시 남동구 석촌로 57 (간석동)","21544","골든호텔(GOLDEN HOTEL)","2026-01-15 14:55:38","U","2026-01-17 02:40:00","","174157.506292237","440425.960365288","관광숙박업","","일반상업지역","9","","","","호텔","7","2","79","4948","","","0","0","","0","0","","0","4947.58","","0","","","","","","","60000000","","","","4948","관광호텔업",
"178","관광숙박업","03_11_01_P","3550000","CDFI2260032021000001","2021-04-15","","01","영업/정상","13","영업중","","","","","032-272-1700","","","인천광역시 계양구 계산동 1081-9","인천광역시 계양구 계양문화로 58 (계산동)","21069","소울하다 계양","2026-01-15 16:44:01","U","2026-01-17 02:40:00","","176673.977328221","448201.164575631","관광숙박업","","","16","","","","","14","2","85","6607","","","0","0","","0","0","","0","6607","","0","","","","","","","20000000000","","","","6607","관광호텔업",
"179","관광숙박업","03_11_01_P","3180000","CDFI2260032007000001","2007-08-16","","01","영업/정상","13","영업중","","","","","2090-8000, 8345","","","서울특별시 영등포구 여의도동 28-3","서울특별시 영등포구 여의대로 8 (여의도동, 여의도파크센터)","07320","메리어트 이그제큐티브 아파트먼트 서울","2026-01-15 14:00:25","U","2026-01-17 02:40:00","","192739.314354154","446552.469845648","관광숙박업","관광사업","","0","","","","","0","0","103","20997","Marriott Executive Apartments Seoul","FAMILY HOTEL","0","0","","0","0","","0","20997.37","","0","","","","","","","0","","","","20997","가족호텔업",
"180","관광숙박업","03_11_01_P","3180000","CDFI2260032009000001","2009-09-21","","01","영업/정상","13","영업중","","","","","2638-3091","","","서울특별시 영등포구 영등포동4가 442","서울특별시 영등포구 영중로 15 (영등포동4가, 타임스퀘어)","07305","코트야드 바이 메리어트 서울 타임스퀘어","2026-01-15 14:01:05","U","2026-01-17 02:40:00","","191385.057392247","446098.555926507","관광숙박업","","일반상업지역","20","기타","","","숙박시설","15","5","283","26266","Marriott Executive Apartments Seoul","FAMILY HOTEL","0","0","","0","0","","0","25302.52","","0","","","","","","","10400000000","","","","25303","관광호텔업",
"181","관광숙박업","03_11_01_P","3180000","CDFI2260032014000003","2014-12-30","","01","영업/정상","13","영업중","","","","","02-6222-5000","","150-874","서울특별시 영등포구 여의도동 17-5","서울특별시 영등포구 의사당대로 16 (여의도동)","07236","글래드호텔앤리조트(주) 글래드 여의도","2026-01-15 13:45:15","U","2026-01-17 02:40:00","","192622.209000336","447248.142200812","관광숙박업","","상업지역","12","기타","","","숙박시설","12","5","319","24415","","","0","0","","0","0","","0","24414.51","","0","","","","","","","0","","","","24415","관광호텔업",
"182","관광숙박업","03_11_01_P","3180000","CDFI2260032013000001","2013-11-21","","01","영업/정상","13","영업중","","","","","2671-9995","","150-045","서울특별시 영등포구 당산동5가 33-10","서울특별시 영등포구 선유동2로 72 (당산동5가)","07213","로프트 관광호텔(HOTEL LOFT)","2026-01-15 14:01:49","U","2026-01-17 02:40:00","","190981.422688886","448051.590520012","관광숙박업","","","12","","","","","10","2","58","3530","HOTEL LOFT","Tourist Hotel","0","0","","0","0","","0","3530.42","","0","","","","","","","0","","","","3530","관광호텔업",
