"번호","개방서비스명","개방서비스아이디","개방자치단체코드","관리번호","인허가일자","인허가취소일자","영업상태구분코드","영업상태명","상세영업상태코드","상세영업상태명","폐업일자","휴업시작일자","휴업종료일자","재개업일자","소재지전화","소재지면적","소재지우편번호","소재지전체주소","도로명전체주소","도로명우편번호","사업장명","최종수정시점","데이터갱신구분","데이터갱신일자","업태구분명","좌표정보x(epsg5174)","좌표정보y(epsg5174)","업무구분명","상세업무구분명","권리주체일련번호","총직원수",
"1","동물병원","02_03_01_P","4050000","562000001020250004","2025-12-31","","01","영업/정상","0000","정상","","","","","","63.15","","경기도 용인시 처인구 마평동 907","경기도 용인시 처인구 경안천로 2 (마평동)","17154","미리내동물병원","2025-12-31 09:26:53","I","2026-01-03 00:20:02","","218677.25022253","414645.732954029","동물병원","","000","0",
"2","동물병원","02_03_01_P","4930000","493000001020250002","2025-12-31","","01","영업/정상","0000","정상","","","","","","79","","전라남도 해남군 계곡면 성진리 89-1 정다과","전라남도 해남군 계곡면 해남로 1443-1, 정다과","59018","하모니 동물병원","2025-12-31 16:15:13","I","2026-01-03 00:20:02","","168697.609661278","127527.849032907","동물병원","","000","0",
"3","동물병원","02_03_01_P","3470000","347000001020130001","2013-06-14","","01","영업/정상","0000","정상","","","","","053-563-7585","1249.54","","대구광역시 달서구 감삼동 140-32","대구광역시 달서구 달구벌대로 1580, VIP빌딩 1,2,3층 (감삼동)","42642","죽전동물메디컬센터","2025-12-31 09:15:18","U","2026-01-03 02:40:00","","339032.201973447","262260.208462735","동물병원","","000","0",
"4","동물병원","02_03_01_P","3510500","351000001020030001","2003-03-04","","01","영업/정상","0000","정상","","","","","032-864-0075","208.56","","인천광역시 미추홀구 주안동 1464-22","인천광역시 미추홀구 인하로 287, 2층 (주안동)","22227","24시 건국 본 동물병원","2025-12-31 09:33:08","U","2026-01-03 02:40:00","","171614.844164113","438502.570884745","동물병원","","000","0",
"5","동물병원","02_03_01_P","3100000","310000001020190001","2019-08-21","","01","영업/정상","0000","정상","","","","","02-931-1333","0","","서울특별시 노원구 상계동 763-5","서울특별시 노원구 동일로 1333 (상계동)","01767","브이아이피 동물의료센터","2025-12-31 16:15:27","U","2026-01-03 02:40:00","","205431.163482074","460607.724078245","동물병원","","000","0",
"6","동물병원","02_03_01_P","3250000","325000001019990002","1999-11-01","","03","폐업","0002","폐업","2025-12-30","","","","246-7551","92.38","","부산광역시 중구 남포동2가 36-0007 외 1필지(남포동4가 1-2번지)","부산광역시 중구 구덕로 30-1 (남포동2가)","48954","피닉스동물병원","2025-12-30 14:48:32","U","2026-01-03 02:40:00","","385264.539023624","179559.218819161","동물병원","","000","0",
"7","동물병원","02_03_01_P","4900000","490000001019910001","1991-04-29","","03","폐업","0002","폐업","2025-12-29","","","","061-372-3114","28","","전라남도 화순군 이양면 이양리 306-1","전라남도 화순군 이양면 이양로 30","58165","서종철동물병원","2025-12-30 16:59:21","U","2026-01-03 02:40:00","","198822.213120468","153740.194840816","동물병원","","000","0",
"8","동물병원","02_03_01_P","3370000","337000001020030007","2003-03-28","","03","폐업","0002","폐업","2025-12-31","","","","755-4765","0","","부산광역시 연제구 연산동 418-10","부산광역시 연제구 과정로 171-1 (연산동)","47558","현대동물병원","2025-12-31 13:24:38","U","2026-01-03 02:40:00","","391842.989343003","189546.372715739","동물병원","","000","0",
"9","동물병원","02_03_01_P","3740000","374000001020190003","2019-02-14","","01","영업/정상","0000","정상","","","","","031-895-5775","790","","경기도 수원시 팔달구 인계동 951-10","경기도 수원시 팔달구 인계로 91, 2,3층 (인계동)","16487","수원 스카이 동물메디컬센터","2025-12-31 10:11:31","U","2026-01-03 02:40:00","","202393.168110061","418513.706380998","동물병원","","000","0",
"10","동물병원","02_03_01_P","3470000","347000001020210002","2021-07-01","","01","영업/정상","0000","정상","","","","","053-721-7565","392.29","","대구광역시 달서구 감삼동 140-32","대구광역시 달서구 달구벌대로 1580, 3층 (감삼동)","42642","대경연합동물영상센터","2025-12-31 09:19:26","U","2026-01-03 02:40:00","","339032.201973447","262260.208462735","동물병원","","000","0",
"11","동물병원","02_03_01_P","3740000","374000001020200007","2020-10-15","","01","영업/정상","0000","정상","","","","","031-268-6575","402.04","","경기도 수원시 장안구 천천동 516 천천동 롯데시네마타워 104,113,115,116,117,118,202호","경기도 수원시 장안구 천천로 100, 천천동 롯데시네마타워 104,113,115,116,117,118,202호 (천천동)","16326","24시 당신의 동물의료센터","2025-12-31 09:13:41","U","2026-01-03 02:40:00","","198520.4175406","422075.156781295","동물병원","","000","0",
"12","동물병원","02_03_01_P","4040000","404000001020250002","2025-04-22","","01","영업/정상","0000","정상","","","","","031-8027-0223","","","경기도 하남시 망월동 1093 203호","경기도 하남시 미사강변동로 127, 경서타워 203호 (망월동)","12913","리연외과동물병원","2025-12-31 11:20:05","U","2026-01-03 02:40:00","","216809.580749603","451560.940535611","동물병원","","000","0",
"13","동물병원","02_03_01_P","5680000","463000001019750001","1975-06-17","","03","폐업","0002","폐업","2026-01-02","","","","","0","","충청남도 당진시 읍내동 626-9 10통","충청남도 당진시 당진중앙2로 17-5 (읍내동)","31769","정가축병원","2026-01-02 09:58:45","U","2026-01-04 02:40:00","","166631.272050857","376778.191541596","동물병원","","000","0",
"14","동물병원","02_03_01_P","3560000","356000001020100001","2010-03-02","","01","영업/정상","0000","정상","","","","","565-7975","0","","인천광역시 서구 당하동 1082-6 대리점","인천광역시 서구 서곶로 829, 2층 (당하동)","22675","검단탑동물의료센터","2026-01-02 16:49:08","U","2026-01-04 02:40:00","","171040.504920043","454384.034587416","동물병원","","000","0",
"15","동물병원","02_03_01_P","3540000","354000001019900002","1990-11-30","","01","영업/정상","0000","정상","","","","","032-503-0075","0","","인천광역시 부평구 산곡동 143-2","인천광역시 부평구 원적로 392 (산곡동)","21377","세림동물병원","2026-01-02 16:34:48","U","2026-01-04 02:40:00","","174283.654723663","444642.283941241","동물병원","","000","0",
"16","동물병원","02_03_01_P","3600000","360000001020190002","2019-12-23","","01","영업/정상","0000","정상","","","","","062-384-7582","81.51","","광주광역시 서구 화정동 755-19","광주광역시 서구 화운로 111, 2층 (화정동)","61987","베스트동물병원","2026-01-02 15:54:10","U","2026-01-04 02:40:00","","188891.337646305","183353.270457515","동물병원","","000","0",
"17","동물병원","02_03_01_P","4870000","487000001020200001","2020-03-24","","03","폐업","0002","폐업","2025-12-31","","","","","29","","전라남도 구례군 구례읍 봉남리 91-10","전라남도 구례군 구례읍 중앙로 11","57641","소담동물병원","2026-01-02 13:30:45","U","2026-01-04 02:40:00","","242511.201820973","189818.928871207","동물병원","","000","0",
"18","동물병원","02_03_01_P","4181000","418100001020250004","2025-09-01","","01","영업/정상","0000","정상","","","","","0339100037","125","","강원특별자치도 춘천시 우두동 1092-4","강원특별자치도 춘천시 우두2길 3-1, 101호 앞쪽 (우두동)","24221","오늘봄동물병원","2026-01-02 17:01:21","U","2026-01-04 02:40:00","","264872.85261306","490145.857993628","동물병원","","000","0",
"19","동물병원","02_03_01_P","3710000","371000001020260001","2026-01-05","","01","영업/정상","0000","정상","","","","","052-713-9700","","","울산광역시 동구 서부동 100-1","울산광역시 동구 명덕로 15, 3층 303 304호 (서부동)","44033","본힐동물병원","2026-01-05 09:51:46","I","2026-01-07 00:20:36","","420433.563763287","227460.253802175","동물병원","","000","0",
"20","동물병원","02_03_01_P","4870000","487000001020260001","2026-01-05","","01","영업/정상","0000","정상","","","","","","44","","전라남도 구례군 구례읍 봉남리 91-10","전라남도 구례군 구례읍 중앙로 11","57641","닥터 하 동물병원","2026-01-05 10:20:08","I","2026-01-07 00:20:36","","242511.201820973","189818.928871207","동물병원","","000","0",
"21","동물병원","02_03_01_P","4570000","457000001019800001","1980-07-25","","03","폐업","0002","폐업","2026-01-05","","","","835-2198","30","","충청남도 부여군 부여읍 구아리 141-3 3통","충청남도 부여군 부여읍 성왕로 202","33145","금강동물병원","2026-01-05 16:10:40","U","2026-01-07 02:40:00","","191852.896157724","309093.514617458","동물병원","","000","0",
"22","동물병원","02_03_01_P","3910000","391000001019800001","1980-09-18","","03","폐업","0002","폐업","2025-12-31","","","","031-666-6501","0","","경기도 평택시 서정동 303-1","경기도 평택시 서정역로58번길 30 (서정동)","","경기동물병원(출장진료 전문)","2026-01-05 15:45:10","U","2026-01-07 02:40:00","","204789.268442002","395373.036356228","동물병원","","000","0",
"23","동물병원","02_03_01_P","3560000","356000001020140001","2014-01-08","","01","영업/정상","0000","정상","","","","","583-0365","0","","인천광역시 서구 경서동 958-1 롯데캐슬단지내상가 C동","인천광역시 서구 청라커낼로 252, c동 118, 119호 (경서동)","22762","청라종합동물병원","2026-01-05 10:44:57","U","2026-01-07 02:40:00","","168725.044916072","447687.557991574","동물병원","","000","0",
"24","동물병원","02_03_01_P","3230000","323000001020250013","2025-12-31","","01","영업/정상","0000","정상","","","","","02-2202-2025","0","","서울특별시 송파구 방이동 40 파라다이스빌잠실 201호","서울특별시 송파구 올림픽로 366, 201호 (방이동, 파라다이스빌잠실)","05544","THE허그동물의료센터","2026-01-05 11:26:48","U","2026-01-07 02:40:00","","209725.556146719","446039.346355569","동물병원","","000","0",
"25","동물병원","02_03_01_P","3310000","331000001019950001","1995-04-08","","03","폐업","0002","폐업","2026-01-02","","","","628-0855","0","","부산광역시 남구 용호동 368-4 목련아파트","부산광역시 남구 용호로123번길 5 (용호동, 목련아파트)","48578","용호동물병원","2026-01-05 10:37:42","U","2026-01-07 02:40:00","","392505.215427484","182296.122660257","동물병원","","000","0",
"26","동물병원","02_03_01_P","5670000","567000001020190003","2019-07-18","","01","영업/정상","0000","정상","","","","","","37.25","","경상남도 창원시 의창구 대산면 제동리 821-2 2층","경상남도 창원시 의창구 대산면 주남로 540-15, 2층","51124","대산서울동물병원","2026-01-05 14:30:49","U","2026-01-07 02:40:00","","355243.869917157","204910.489485186","동물병원","","000","0",
"27","동물병원","02_03_01_P","5540000","554000001020250002","2025-08-21","","01","영업/정상","0000","정상","","","","","","0","","경기도 광주시 양벌동 274","경기도 광주시 양벌로 162 (양벌동)","12796","엠(M)동물메디컬센터","2026-01-05 11:14:18","U","2026-01-07 02:40:00","","","","동물병원","","000","0",
"28","동물병원","02_03_01_P","3560000","356000001020250001","2025-04-30","","01","영업/정상","0000","정상","","","","","032-721-5665","744","","인천광역시 서구 심곡동 278-11","인천광역시 서구 서곶로 326 (심곡동)","22713","24시 인천 이음동물의료센터","2026-01-05 11:45:56","U","2026-01-07 02:40:00","","171416.194837875","449439.326671175","동물병원","","000","0",
"29","동물병원","02_03_01_P","3220000","322000001020170001","2017-01-06","","01","영업/정상","0000","정상","","","","","02-549-0275","0","","서울특별시 강남구 신사동 587-13 1층 지하1층","서울특별시 강남구 도산대로 213 (신사동, 1층, 지하1층)","06026","시그니처 동물의료센터","2026-01-05 10:25:33","U","2026-01-07 02:40:00","","202580.58909147","446499.582136322","동물병원","","000","0",
"30","동물병원","02_03_01_P","3150000","315000001020140004","2014-12-18","","01","영업/정상","0000","정상","","","","","02-518-7500","0","","서울특별시 강서구 등촌동 658-4","서울특별시 강서구 화곡로 371 (등촌동)","07590","강서YD동물의료센터","2026-01-05 16:50:13","U","2026-01-07 02:40:00","","186868.771611134","450531.905642082","동물병원","","000","0",
"31","동물병원","02_03_01_P","3110000","311000001020260001","2026-01-06","","01","영업/정상","0000","정상","","","","","02-2088-4531","231","","서울특별시 은평구 응암동 84-1 서운빌딩 102, 103호","서울특별시 은평구 서오릉로 9, 서운빌딩 102, 103호 (응암동)","03460","동물병원 산책: 내과/외과/재활센터","2026-01-06 10:59:54","I","2026-01-09 00:20:01","","193425.18186685","455537.043261083","동물병원","","000","0",
"32","동물병원","02_03_01_P","4671000","467100001020190002","2019-12-16","","01","영업/정상","0000","정상","","","","","","16","","전북특별자치도 군산시 비응도동 103 새만금도매어시장","전북특별자치도 군산시 비응동로 40, C동 107호 (비응도동)","54003","누리동물병원","2026-01-06 13:08:23","U","2026-01-09 02:40:00","","173383.048156402","276143.583351496","동물병원","","000","0",
"33","동물병원","02_03_01_P","4751000","475100001020250001","2025-12-10","","01","영업/정상","0000","정상","","","","","063-784-7515","98","","전북특별자치도 장수군 계남면 호덕리 632-6","전북특별자치도 장수군 계남면 장무로 119","55622","무진장거점동물병원","2026-01-07 17:41:08","U","2026-01-09 02:40:00","","252670.692141175","247025.483892875","동물병원","","000","0",
"34","동물병원","02_03_01_P","3240000","324000001020010002","2001-04-13","","01","영업/정상","0000","정상","","","","","02-474-0117","0","","","서울특별시 강동구 구천면로 289 (천호동)","05320","다래동물병원","2026-01-06 11:01:19","U","2026-01-09 02:40:00","","211723.368575566","449296.322354931","동물병원","","000","0",
"35","동물병원","02_03_01_P","3740000","374000001020250004","2025-06-02","","01","영업/정상","0000","정상","","","","","031-895-6008","73.06","","경기도 수원시 영통구 망포동 760 영통아이파크캐슬2단지","경기도 수원시 영통구 덕영대로 1400, 상가에이동 104,105호 (망포동, 영통아이파크캐슬2단지)","16684","한걸음 동물병원","2026-01-06 16:14:59","U","2026-01-09 02:40:00","","203682.901989481","415678.03854995","동물병원","","000","0",
"36","동물병원","02_03_01_P","4520000","452000001020250005","2025-03-26","","01","영업/정상","0000","정상","","","","","","39.14","","충청남도 아산시 신창면 남성리 852 아산 삼부르네상스 더힐 제301동 제지1층2호","충청남도 아산시 신창면 천우물로 22, 제301동 제지1층 2호 (아산 삼부르네상스 더힐)","31531","유동물병원","2026-01-06 10:02:38","U","2026-01-09 02:40:00","","","","동물병원","","000","0",
"37","동물병원","02_03_01_P","4830000","483000001020260001","2026-01-06","","01","영업/정상","0000","정상","","","","","","39.69","","전라남도 나주시 빛가람동 203-3 T.C.C복합타워 102호","전라남도 나주시 상야4길 16-16, T.C.C복합타워 1층 102호 (빛가람동)","58217","대영동물병원","2026-01-06 13:57:19","I","2026-01-10 00:20:07","","181036.536231515","169457.841399785","동물병원","","000","0",
"38","동물병원","02_03_01_P","3230000","323000001020260001","2026-01-07","","01","영업/정상","0000","정상","","","","","","","","서울특별시 송파구 삼전동 132-6 상구빌딩 2층","서울특별시 송파구 삼학사로 67, 상구빌딩 2층 (삼전동)","05603","잠실바른눈안과동물병원","2026-01-07 09:14:10","I","2026-01-10 00:20:07","","208488.63100076","444574.426119412","동물병원","","000","0",
"39","동물병원","02_03_01_P","4681000","468100001020260001","2026-01-08","","01","영업/정상","0000","정상","","","","","","330","","전북특별자치도 익산시 영등동 816-2","전북특별자치도 익산시 하나로 499 (영등동)","54541","늘봄동물병원","2026-01-08 15:41:24","I","2026-01-10 00:20:07","","198128.463288501","273859.898430858","동물병원","","000","0",
"40","동물병원","02_03_01_P","4600000","460000001020190001","2019-01-29","","01","영업/정상","0000","정상","","","","","","132.28","","충청남도 홍성군 홍북읍 신경리 553 성원타워","충청남도 홍성군 홍북읍 청사로174번길 25, 성원타워","32256","내포동물의료센터","2026-01-07 09:14:42","U","2026-01-10 02:40:00","","171402.06532856","351071.771100058","동물병원","","000","0",
"41","동물병원","02_03_01_P","3910000","391000001020190001","2019-05-27","","01","영업/정상","0000","정상","","","","","031-692-5022","270.98","","경기도 평택시 비전동 1103-1","경기도 평택시 비전5로 20-24, 더테라스 207,208호 (비전동)","17854","24시 라움동물의료센터","2026-01-07 13:44:14","U","2026-01-10 02:40:00","","210072.869932937","388588.911600578","동물병원","","000","0",
"42","동물병원","02_03_01_P","3600000","360000001020040004","2004-03-29","","01","영업/정상","0000","정상","","","","","652-8275","88","","광주광역시 서구 풍암동 1137","광주광역시 서구 풍암순환로188번길 15 (풍암동)","62060","한결동물의료센터","2026-01-06 18:24:41","U","2026-01-10 02:40:00","","189281.908948695","180985.791354867","동물병원","","000","0",
"43","동물병원","02_03_01_P","4820000","482000001020050001","2005-10-31","","01","영업/정상","0000","정상","","","","","061-745-7577","34.5","","전라남도 순천시 황전면 괴목리 45-1","전라남도 순천시 황전면 괴목길 11-1","57902","이레동물병원","2026-01-08 16:54:52","U","2026-01-10 02:40:00","","238896.824179962","178248.966143063","동물병원","","000","0",
"44","동물병원","02_03_01_P","3310000","331000001020170001","2017-10-12","","01","영업/정상","0000","정상","","","","","051-624-2475","349.01","","부산광역시 남구 대연동 1745-9","부산광역시 남구 수영로 221 (대연동)","48445","UN동물의료센터","2026-01-06 09:41:20","U","2026-01-10 02:40:00","","390487.342969125","183799.204837057","동물병원","","000","0",
"45","동물병원","02_03_01_P","3990000","399000001020210003","2021-06-03","","01","영업/정상","0000","정상","","","","","031-511-7582","97.84","","경기도 남양주시 호평동 174-10 201호","경기도 남양주시 호평로45번길 28, 2층 201호 (호평동)","12147","24시 위너스동물의료센터","2026-01-08 10:04:04","U","2026-01-10 02:40:00","","221658.043624952","461782.158261089","동물병원","","000","0",
"46","동물병원","02_03_01_P","3660000","366000001020180001","2018-06-04","","01","영업/정상","0000","정상","","","","","042)486-7581","421.61","","대전광역시 서구 탄방동 605 2,3층","대전광역시 서구 문정로 16, 2,3층 (탄방동)","35261","24아프리카동물메디컬센터","2026-01-08 15:47:01","U","2026-01-10 02:40:00","","234195.7496706","316142.475902615","동물병원","","000","0",
"47","동물병원","02_03_01_P","5710000","573000001020250001","2025-04-23","","01","영업/정상","0000","정상","","","","","043-715-7675","187","","충청북도 청주시 흥덕구 봉명동 1612 윤성열내과의원","충청북도 청주시 흥덕구 직지대로 571, 윤성열내과의원 1층 (봉명동)","28453","두근동물병원","2026-01-08 14:15:11","U","2026-01-10 02:40:00","","240750.239654692","349252.850058717","동물병원","","000","0",
"48","동물병원","02_03_01_P","4070000","407000001020230005","2023-12-29","","01","영업/정상","0000","정상","","","","","031-637-7959","0","","경기도 이천시 진리동 367-1","경기도 이천시 구만리로 114 (진리동)","17391","바른동물병원","2026-01-07 16:35:45","U","2026-01-10 02:40:00","","239715.500262086","418572.125696158","동물병원","","000","0",
"49","동물병원","02_03_01_P","3220000","322000001020180006","2018-11-14","","03","폐업","0002","폐업","2025-12-29","","","","02-546-9539","0","","서울특별시 강남구 논현동 88-4 양현빌딩 2층/5층","서울특별시 강남구 논현로132길 24, 양현빌딩 2층/5층 (논현동)","06052","최영민 동물의료센터","2026-01-08 10:15:50","U","2026-01-10 02:40:00","","202792.559749655","445881.073698208","동물병원","","000","0",
"50","동물병원","02_03_01_P","5130000","513000001020160006","2016-12-23","","01","영업/정상","0000","정상","","","","","","499","","경상북도 경산시 와촌면 동강리 140","경상북도 경산시 와촌면 동강길 26","38412","다원동물병원","2026-01-09 14:55:17","U","2026-01-11 02:40:00","","365193.883856717","274264.027935716","동물병원","","000","0",
"51","동물병원","02_03_01_P","3940000","394000001020200002","2020-03-11","","01","영업/정상","0000","정상","","","","","02-381-2475","860.69","","경기도 고양시 덕양구 삼송동 291 힐스테이트 삼송역","경기도 고양시 덕양구 동송로 70, 힐스테이트 삼송역 221,227~231호 (삼송동)","10591","24시 라인동물의료센터","2026-01-09 09:57:25","U","2026-01-11 02:40:00","","190815.458049782","461119.342314115","동물병원","","000","0",
"52","동물병원","02_03_01_P","4170000","417000001020250001","2025-08-26","","01","영업/정상","0000","정상","","","","","031-773-7582","82.64","","경기도 양평군 용문면 다문리 338-4","경기도 양평군 용문면 다문북길 110","12522","이장석 동물병원","2026-01-09 14:32:30","U","2026-01-11 02:40:00","","252561.080477572","443023.534195729","동물병원","","000","0",
"53","동물병원","02_03_01_P","3130000","313000001020210004","2021-05-26","","01","영업/정상","0000","정상","","","","","02-376-7675","","","서울특별시 마포구 성산동 151-6","서울특별시 마포구 월드컵북로 218, 2층 (성산동)","03941","키다리 동물병원","2026-01-09 16:10:13","U","2026-01-11 02:40:00","","191539.563874532","451916.77064097","동물병원","","000","0",
"54","동물병원","02_03_01_P","5540000","554000001020030001","2003-07-09","","01","영업/정상","0000","정상","","","","","726-3336","396","","경기도 광주시 능평동 175-9","경기도 광주시 능평로 168 (능평동)","12773","분당에덴동물병원","2026-01-09 15:00:50","U","2026-01-11 02:40:00","","","","동물병원","","000","0",
"55","동물병원","02_03_01_P","3940000","394000001020070002","2007-03-30","","01","영업/정상","0000","정상","","","","","1666-7501","790.8","","경기도 고양시 덕양구 화정동 984-8","경기도 고양시 덕양구 화신로272번길 5, 2,3층 (화정동)","10500","탑케어동물의료원","2026-01-09 11:03:34","U","2026-01-11 02:40:00","","185013.703419501","458778.522826862","동물병원","","000","0",
"56","동물병원","02_03_01_P","3940000","394000001020140004","2014-05-12","","01","영업/정상","0000","정상","","","","","031-962-3232","352.54","","경기도 고양시 덕양구 원흥동 471-10 고양시 농업기술센터","경기도 고양시 덕양구 고양대로 1695, 고양시 농업기술센터 (원흥동)","10563","고양시 동물보호센터","2026-01-09 09:35:53","U","2026-01-11 02:40:00","","188445.243037768","460802.626677644","동물병원","","O00","0",
"57","동물병원","02_03_01_P","3930000","393000001020180004","2018-12-21","","01","영업/정상","0000","정상","","","","","401-7200","0","","경기도 안산시 단원구 고잔동 725-1 스타맥스타워1","경기도 안산시 단원구 광덕대로 194, 스타맥스타워1 A동 602호 (고잔동)","15462","웰니스동물병원(고잔점)","2026-01-09 17:39:47","U","2026-01-11 02:40:00","","184953.121683517","423556.960051606","동물병원","","000","0",
"58","동물병원","02_03_01_P","5130000","513000001020260001","2026-01-12","","01","영업/정상","0000","정상","","","","","","","","경상북도 경산시 와촌면 동강리 140","경상북도 경산시 와촌면 동강길 26","38412","든든한우 동물병원","2026-01-12 17:45:22","I","2026-01-14 00:20:02","","365193.883856717","274264.027935716","동물병원","","000","0",
"59","동물병원","02_03_01_P","3530000","353000001020120002","2012-12-21","","01","영업/정상","0000","정상","","","","","433-0075","0","","인천광역시 남동구 간석동 210-2 1층, 지하1층","인천광역시 남동구 남동대로 912, 1층, 지하1층 (간석동)","21545","독스동물병원","2026-01-12 10:12:49","U","2026-01-14 02:40:00","","174139.774518789","440218.672076386","동물병원","","000","0",
"60","동물병원","02_03_01_P","3040000","304000001020050001","2005-01-11","","01","영업/정상","0000","정상","","","","","455-7570","69","","서울특별시 광진구 광장동 530-39","서울특별시 광진구 광나루로 601 (광장동)","04984","쥬라기동물병원","2026-01-12 09:06:20","U","2026-01-14 02:40:00","","208344.912915338","448875.286459939","동물병원","","000","0",
"61","동물병원","02_03_01_P","3940000","394000001020170001","2017-03-07","","01","영업/정상","0000","정상","","","","","031-979-7975","304.2","","경기도 고양시 덕양구 화정동 970-1 대감빌딩","경기도 고양시 덕양구 화중로 76, 102,103호 (화정동, 대감빌딩)","10500","FM 동물메디컬센터","2026-01-12 15:53:57","U","2026-01-14 02:40:00","","185023.143470242","459077.395478509","동물병원","","000","0",
"62","동물병원","02_03_01_P","3120000","312000001019980001","2002-12-24","","01","영업/정상","0000","정상","","","","","396-5525","0","","서울특별시 서대문구 홍제동 330-54","서울특별시 서대문구 통일로 463 (홍제동)","03636","홍제동물병원","2026-01-12 16:10:33","U","2026-01-14 02:40:00","","194873.372298953","454149.190304917","동물병원","","000","0",
"63","동물병원","02_03_01_P","3310000","331000001020260001","2026-01-13","","01","영업/정상","0000","정상","","","","","051)715-2601","122.71","","부산광역시 남구 대연동 1954 힐스테이트대연센트럴","부산광역시 남구 진남로 95, 상가 110호 (대연동, 힐스테이트대연센트럴)","48451","세이 동물병원","2026-01-13 10:49:19","I","2026-01-15 00:20:35","","","","동물병원","","000","0",
"64","동물병원","02_03_01_P","3670000","367000001020190001","2019-04-18","","01","영업/정상","0000","정상","","","","","0427197566","0","","대전광역시 유성구 봉명동 548-11","대전광역시 유성구 계룡로 131 (봉명동)","34187","24시 성심동물메디컬센터","2026-01-13 09:00:33","U","2026-01-15 02:40:00","","230922.68885307","316964.023218492","동물병원","","000","0",
"65","동물병원","02_03_01_P","6510000","651000001020140007","2014-12-03","","01","영업/정상","0000","정상","","","","","746-7410","0","","제주특별자치도 제주시 연동 276-11","제주특별자치도 제주시 신광로 105, 103, 104호 (연동)","63136","찬`s 동물병원","2026-01-13 20:25:42","U","2026-01-15 02:40:00","","152531.07250357","-1414.10490304801","동물병원","","000","0",
"66","동물병원","02_03_01_P","5080000","508000001020170003","2017-07-10","","03","폐업","0002","폐업","2026-01-13","","","","","140","","경상북도 구미시 선산읍 완전리 210","경상북도 구미시 선산읍 남문로5길 5, 102호","39125","범방동물병원","2026-01-13 10:16:44","U","2026-01-15 02:40:00","","316864.232192803","305338.382276571","동물병원","","000","0",
"67","동물병원","02_03_01_P","3830000","383000001020200002","2020-03-03","","01","영업/정상","0000","정상","","","","","031-422-7579","189.14","","경기도 안양시 동안구 평촌동 897 평촌칼라힐주차빌딩","경기도 안양시 동안구 시민대로 312, 평촌칼라힐주차빌딩 2층 234~237호 (평촌동)","14065","연합에이엠씨","2026-01-13 15:47:33","U","2026-01-15 02:40:00","","196822.119978806","432554.706986554","동물병원","","000","0",
"68","동물병원","02_03_01_P","4600000","460000001020230001","2023-05-02","","01","영업/정상","0000","정상","","","","","","56.07","","충청남도 홍성군 홍성읍 월산리 827-1","충청남도 홍성군 홍성읍 월산로50번길 29","32226","한울산업동물병원","2026-01-13 08:56:34","U","2026-01-15 02:40:00","","168365.228516885","344467.695105551","동물병원","","000","0",
"69","동물병원","02_03_01_P","5540000","554000001020240002","2024-04-25","","01","영업/정상","0000","정상","","","","","","0","","경기도 광주시 경안동 447 경기광주역 금호리첸시아","경기도 광주시 경안로41번길 6, D209, 210-2호 (경안동, 경기광주역 금호리첸시아)","12760","우리동물메디컬센터","2026-01-13 13:42:51","U","2026-01-15 02:40:00","","222618.188936667","434045.266636268","동물병원","","000","0",
"70","동물병원","02_03_01_P","4681000","468100001020030003","2003-07-30","","03","폐업","0002","폐업","2026-01-13","","","","","0","","전북특별자치도 익산시 영등동 816-3","전북특별자치도 익산시 하나로 483-26(영등동)","54541","와우동물메디컬센터","2026-01-13 16:26:56","U","2026-01-15 02:40:00","","198131.376721287","273839.986716688","동물병원","","000","0",
"71","동물병원","02_03_01_P","4810000","481000001020250001","2025-06-10","","01","영업/정상","0000","정상","","","","","","762.58","","전라남도 여수시 평여동 578 여수시 반려동물보호센터","전라남도 여수시 여수산단로 292-62, 여수시 반려동물보호센터 (평여동)","59616","반려동물보호센터 동물병원","2026-01-13 17:52:15","U","2026-01-15 02:40:00","","261693.626182214","145632.864252191","동물병원","","000","0",
"72","동물병원","02_03_01_P","3220000","322000001020130003","2013-05-13","","01","영업/정상","0000","정상","","","","","02-541-7515","295.88","","서울특별시 강남구 삼성동 70-6","서울특별시 강남구 삼성로 614 (삼성동)","06085","24시 청담우리 동물병원","2026-01-13 14:17:02","U","2026-01-15 02:40:00","","204603.205","445808.225","동물병원","","000","0",
"73","동물병원","02_03_01_P","4500000","450000001020000001","2000-05-24","","03","폐업","0002","폐업","2026-01-14","","","","","78.78","","충청남도 공주시 의당면 유계리 28","충청남도 공주시 의당면 의당전의로 463","32517","금강동물병원","2026-01-14 15:16:47","U","2026-01-16 02:40:00","","215811.81689823","335664.569247303","동물병원","","000","0",
"74","동물병원","02_03_01_P","3530000","353000001020140004","2014-05-09","","01","영업/정상","0000","정상","","","","","715-7959","564","","인천광역시 남동구 구월동 1608 신영구월지웰시티푸르지오","인천광역시 남동구 남동대로799번길 34, 판매시설동 3층 C307~315호 (구월동, 신영구월지웰시티푸르지오)","21555","인천 24시 스카이동물메디컬센터","2026-01-14 12:33:31","U","2026-01-16 02:40:00","","174014.837508448","439163.467530452","동물병원","","000","0",
"75","동물병원","02_03_01_P","6510000","651000001019981001","2008-10-08","","01","영업/정상","0000","정상","","","","","780-0149","0","","제주특별자치도 제주시 조천읍 교래리 25-2 한국마사회 제주육성목장","제주특별자치도 제주시 조천읍 남조로 1660 (한국마사회 제주육성목장)","63346","한국마사회 제주육성목장 동물병원","2026-01-14 14:16:51","U","2026-01-16 02:40:00","","170292.461053861","-8634.98730926508","동물병원","","L00","0",
"76","동물병원","02_03_01_P","3460000","346000001020260001","2026-01-08","","01","영업/정상","0000","정상","","","","","0532150076","","","대구광역시 수성구 시지동 579-6","대구광역시 수성구 알파시티2로 25 (시지동)","42251","대구치유동물의료센터","2026-01-14 17:02:32","U","2026-01-16 02:40:00","","352789.606492091","261356.568302417","동물병원","","000","0",
"77","동물병원","02_03_01_P","5670000","567000001020120005","2012-05-22","","01","영업/정상","0000","정상","","","","","055-273-0075","173.63","","경상남도 창원시 성산구 상남동 45-1 스카이웰빙파크","경상남도 창원시 성산구 동산로 122, 스카이웰빙파크 211호 (상남동)","51499","스카이동물병원","2026-01-14 18:19:08","U","2026-01-16 02:40:00","","353991.929834837","192136.233221503","동물병원","","000","0",
"78","동물병원","02_03_01_P","3780000","378000001020080005","2008-04-17","","01","영업/정상","0000","정상","","","","","031-706-7588","0","","경기도 성남시 분당구 야탑동 367-6 노블리치2 오피스텔","경기도 성남시 분당구 야탑로 103, 노블리치2 오피스텔 2층 206호 (야탑동)","13506","우리들 동물병원","2026-01-14 17:41:53","U","2026-01-16 02:40:00","","211453.585480512","434232.899729905","동물병원","","000","0",
"79","동물병원","02_03_01_P","3210000","321000001020200001","2020-10-12","","01","영업/정상","0000","정상","","","","","02-6925-2225","164.9","","서울특별시 서초구 방배동 926-3","서울특별시 서초구 방배로19길 19, 1층 (방배동)","06682","서울종합동물병원방배","2026-01-14 10:19:25","U","2026-01-16 02:40:00","","199403.05235635","442528.893128334","동물병원","","000","0",
"80","동물병원","02_03_01_P","4681000","468100001020100002","2010-09-27","","01","영업/정상","0000","정상","","","","","831-1253","174.42","","전북특별자치도 익산시 마동 297-4","전북특별자치도 익산시 중앙로 121 (마동)","54596","동물진료법인하림애니멀클리닉센터","2026-01-14 11:20:54","U","2026-01-16 02:40:00","","196317.377427262","270803.302525968","동물병원","","L00","0",
"81","동물병원","02_03_01_P","4681000","468100001020050002","2005-11-18","","01","영업/정상","0000","정상","","","","","063-862-5557","253.14","","전북특별자치도 익산시 함라면 함열리 209-1","전북특별자치도 익산시 함라면 용산로 497","54502","익산군산축협동물병원","2026-01-14 11:06:59","U","2026-01-16 02:40:00","","192238.242140145","284021.348190139","동물병원","","L00","0",
"82","동물병원","02_03_01_P","3860000","386000001019980001","1998-02-16","","01","영업/정상","0000","정상","","","","","683-5137","0","","경기도 부천시 오정구 고강동 474-1","경기도 부천시 오정구 역곡로 473 (고강동)","14416","고강동물병원","2026-01-14 17:32:01","U","2026-01-16 02:40:00","","183649.740705872","447197.158819036","동물병원","","000","0",
"83","동물병원","02_03_01_P","6510000","651000001020210001","2021-01-07","","01","영업/정상","0000","정상","","","","","064-732-2660","50","","제주특별자치도 제주시 조천읍 교래리 552-4","제주특별자치도 제주시 조천읍 비자림로 685-8, 1층","63346","해올동물병원","2026-01-14 15:01:36","U","2026-01-16 02:40:00","","170197.163592309","-6563.14011914837","동물병원","","000","0",
"84","동물병원","02_03_01_P","3220000","322000001020260001","2026-01-15","","01","영업/정상","0000","정상","","","","","","","","서울특별시 강남구 역삼동 721-37 유일 빌딩","서울특별시 강남구 언주로 415, 유일 빌딩 1층 (역삼동)","06222","에르동물의료센터","2026-01-15 13:08:32","I","2026-01-17 00:20:02","","203782.829943718","444198.180003259","동물병원","","000","0",
"85","동물병원","02_03_01_P","5400000","540000001020260001","2026-01-15","","01","영업/정상","0000","정상","","","","","055-584-7022","","","경상남도 함안군 가야읍 도항리 323-1 1층","경상남도 함안군 가야읍 성내남길 7-4, 1층","52044","소망동물병원","2026-01-15 14:21:04","I","2026-01-17 00:20:02","","327245.602775269","198162.657852349","동물병원","","000","0",
"86","동물병원","02_03_01_P","4610000","461000001019860001","1986-05-26","","03","폐업","0002","폐업","2026-01-14","","","","","0","","충청남도 예산군 덕산면 읍내리 234-12 2통","충청남도 예산군 덕산면 예덕로 8","32406","김태오 동물병원","2026-01-14 17:20:34","U","2026-01-17 02:40:00","","170392.049710946","355985.508381678","동물병원","","000","0",
"87","동물병원","02_03_01_P","3140000","314000001020160001","2016-08-29","","01","영업/정상","0000","정상","","","","","02-2061-5277","44","","서울특별시 양천구 신정동 1028-4","서울특별시 양천구 신월로 320 (신정동)","08082","밀리언동물병원","2026-01-15 09:30:51","U","2026-01-17 02:40:00","","187241.641102914","446575.501620137","동물병원","","000","0",
"88","동물병원","02_03_01_P","4490000","449000001020040008","2004-09-10","","01","영업/정상","0000","정상","","","","","563-0075","0","","충청남도 천안시 서북구 성정동 1485 롯데마트 2층","충청남도 천안시 서북구 성정두정로 1, 2층 (성정동, 롯데마트)","31109","펫가든동물병원","2026-01-15 18:00:56","U","2026-01-17 02:40:00","","212478.663749874","369462.286024265","동물병원","","000","0",
"89","동물병원","02_03_01_P","3820000","382000001020160003","2016-06-29","","01","영업/정상","0000","정상","","","","","031-851-0901","260.8","","경기도 의정부시 의정부동 16-1 탑빌딩","경기도 의정부시 호국로 1336, 탑빌딩 2층 (의정부동)","11693","펫인쥬동물메디컬센터","2026-01-15 15:14:58","U","2026-01-17 02:40:00","","204544.135021253","471287.903852171","동물병원","","000","0",
"90","동물병원","02_03_01_P","3520000","352000001020190003","2019-08-08","","01","영업/정상","0000","정상","","","","","032-817-5182","0","","인천광역시 연수구 연수동 600-3","인천광역시 연수구 샘말로7번길 9 (연수동)","21929","연수동물메디컬센터","2026-01-15 13:40:03","U","2026-01-17 02:40:00","","171361.194288949","434513.672294064","동물병원","","000","0",
"91","동물병원","02_03_01_P","4191000","419000001020200001","2020-03-16","","01","영업/정상","0000","정상","","","","","033-813-9975","531.72","","강원특별자치도 원주시 단구동 1599-6 골드프라자","강원특별자치도 원주시 서원대로 502, 골드프라자 1,2층 (단구동)","26487","원주24시스카이동물메디컬센터","2026-01-15 10:17:51","U","2026-01-17 02:40:00","","284863.761886809","425194.844467867","동물병원","","000","0",
"92","동물병원","02_03_01_P","3200000","320000001020260001","2026-01-06","","01","영업/정상","0000","정상","","","","","0220886259","","","서울특별시 관악구 봉천동 1680-11","서울특별시 관악구 남부순환로 1895, 2층 (봉천동)","08742","서울행운동물병원","2026-01-15 11:11:55","U","2026-01-17 02:40:00","","196409.202870272","441837.788616059","동물병원","","000","0",
"93","동물병원","02_03_01_P","5410000","541000001020200001","2020-05-08","","01","영업/정상","0000","정상","","","","","055-530-7425","0","","경상남도 창녕군 장마면 신구리 125 따오기 구조치료센터","경상남도 창녕군 장마면 신구윗담길 180, 따오기 구조치료센터","50336","우포 따오기 구조 치료센터","2026-01-15 09:35:56","U","2026-01-17 02:40:00","","332398.791722784","221359.981948789","동물병원","","000","0",
"94","동물병원","02_03_01_P","3200000","320000001020120001","2012-01-20","","01","영업/정상","0000","정상","","","","","02-880-8661","1963.64","","서울특별시 관악구 신림동 149","서울특별시 관악구 관악로 1 (신림동, 서울대학교)","08826","서울대학교 수의과대학 동물병원","2026-01-15 10:33:16","U","2026-01-17 02:40:00","","195663.052611569","440670.382746186","동물병원","","000","0",
"95","동물병원","02_03_01_P","5540000","554000001020160003","2016-07-28","","01","영업/정상","0000","정상","","","","","031-769-5675","66","","경기도 광주시 곤지암읍 곤지암리 453-7","경기도 광주시 곤지암읍 곤지암로 70-14","12804","곤지암동물병원","2026-01-14 17:32:33","U","2026-01-17 02:40:00","","229916.122096733","427616.189606234","동물병원","","000","0",
"96","동물병원","02_03_01_P","5370000","537000001020220002","2022-07-15","","01","영업/정상","0000","정상","","","","","736-0075","0","","경상남도 거제시 고현동 1018 황제빌딩 2층","경상남도 거제시 중곡로1길 49, 황제빌딩 2층 (고현동)","53249","서울웰동물의료센터","2026-01-14 16:33:02","U","2026-01-17 02:40:00","","348486.032130718","156044.608324008","동물병원","","000","0",
"97","동물병원","02_03_01_P","3150000","315000001020180002","2018-03-14","","01","영업/정상","0000","정상","","","","","3662-8661","66","","서울특별시 강서구 염창동 265-23 9,10호","서울특별시 강서구 양천로 674, 9,10호 (염창동)","07554","서서울동물병원","2026-01-14 10:20:59","U","2026-01-17 02:40:00","","188538.531422494","449904.147360799","동물병원","","000","0",
"98","동물병원","02_03_01_P","4251000","425100001020230001","2023-09-18","","01","영업/정상","0000","정상","","","","","","213.42","","강원특별자치도 홍천군 홍천읍 갈마곡리 551-1","강원특별자치도 홍천군 홍천읍 소옥개로 66","25129","도담동물의료센터","2026-01-15 10:55:46","U","2026-01-17 02:40:00","","279329.274282394","466494.194927197","동물병원","","000","0",
