"번호","개방서비스명","개방서비스아이디","개방자치단체코드","관리번호","인허가일자","인허가취소일자","영업상태구분코드","영업상태명","상세영업상태코드","상세영업상태명","폐업일자","휴업시작일자","휴업종료일자","재개업일자","소재지전화","소재지면적","소재지우편번호","소재지전체주소","도로명전체주소","도로명우편번호","사업장명","최종수정시점","데이터갱신구분","데이터갱신일자","업태구분명","좌표정보x(epsg5174)","좌표정보y(epsg5174)","자산규모","부채총액","자본금","판매방식명",
"1","방문판매업","08_26_02_P","4060000","2025406055223200006","2022-10-11","","01","영업/정상","01","정상영업","","","","","","","","경기도 파주시 문산읍 선유리 ***-*","경기도 파주시 문산읍 사임당로 **","10813","(주)지안컴스","2025-12-31 17:24:27","I","2026-01-03 00:20:02","","182181.609940379","484348.999284826","1202072580","736345730","200000000","",
"2","방문판매업","08_26_02_P","5130000","2025513018023200009","2021-02-24","","01","영업/정상","01","정상영업","","","","","","","","경상북도 경산시 하양읍 금락리 **-*","경상북도 경산시 하양읍 하양로 ***, *층","38434","비에스 컴퍼니","2025-12-31 14:43:07","I","2026-01-03 00:20:02","","364148.382464193","269739.8703022","0","0","0","",
"3","방문판매업","08_26_02_P","3180000","2025318025423200021","2023-08-04","","01","영업/정상","01","정상영업","","","","","","","","서울특별시 영등포구 대림동 **** 신대림자이","서울특별시 영등포구 시흥대로 ***-*, *층 ***호 (대림동, 신대림자이)","07445","주식회사 티에이바이오","2025-12-31 14:21:07","I","2026-01-03 00:20:02","","191285.015028707","442649.873938101","0","0","5000000","",
"4","방문판매업","08_26_02_P","3680000","2009368009223200025","2009-09-09","","03","폐업","03","폐업처리","2025-12-31","","","","042-337-1900","","306-824","대전광역시 대덕구 중리동 ***번지 *호 *층","대전광역시 대덕구 한밭대로 **** (중리동,*층)","","상생방송 주식회사","2025-12-31 14:45:17","U","2026-01-03 02:40:00","","238016.738515433","317700.618087003","717496580","141283856","1200000000","",
"5","방문판매업","08_26_02_P","3940000","2024395005223200015","2024-10-31","","03","폐업","03","폐업처리","2025-12-31","","","","","","","경기도 고양시 덕양구 토당동 ***-* 선정빌딩","경기도 고양시 덕양구 토당로 ***, 선정빌딩 ***호 (토당동)","10506","큐필드시스템","2025-12-31 09:29:41","U","2026-01-03 02:40:00","","183873.53603434","458331.669021881","0","0","0","",
"6","방문판매업","08_26_02_P","3930000","2015393028723200049","2015-06-01","","03","폐업","03","폐업처리","2025-12-30","","","","031-406-0100","","","","경기도 안산시 상록구 양지편로 **, ***호 (이동, 조강빌딩)","15494","주식회사엠아이씨티","2025-12-31 18:43:15","U","2026-01-03 02:40:00","","186725.823336385","423033.453773718","1192706690","85604800","33665864","",
"7","방문판매업","08_26_02_P","3940000","2016396012823200011","2016-03-22","","03","폐업","03","폐업처리","2025-12-31","","","","","","","","경기도 고양시 일산동구 무궁화로 **, ***호 (장항동, 남정씨티프라자)","10401","제이비즈웍스(jbizworks)","2025-12-31 12:52:27","U","2026-01-03 02:40:00","","179492.666132508","462272.008263397","0","0","0","",
"8","방문판매업","08_26_02_P","3940000","2016410012523200014","2016-11-02","","03","폐업","03","폐업처리","2025-12-31","","","","","","","","경기도 고양시 일산서구 일중로 **, ***호 (일산동)","10353","주식회사 미화스토리","2025-12-31 17:19:55","U","2026-01-03 02:40:00","","180012.503211314","464352.991395963","20000000","100000000","100000000","",
"9","방문판매업","08_26_02_P","3310000","2021331011923200011","2021-11-10","","03","폐업","03","폐업처리","2025-12-31","","","","051-625-6524","","","부산광역시 남구 대연동 **-*","부산광역시 남구 황령대로 ***(대연동)","48510","퍼퓨어그룹코리아","2025-12-31 14:50:27","U","2026-01-03 02:40:00","","391973.193723552","184149.245554696","0","0","0","",
"10","방문판매업","08_26_02_P","5220000","2025522011823200010","2025-10-31","","03","폐업","03","폐업처리","2025-12-31","","","","","","","경상북도 칠곡군 왜관읍 왜관리 ***-*","경상북도 칠곡군 왜관읍 관문로 **, 일성빌딩 *층","39898","리더스클럽","2025-12-31 17:57:14","U","2026-01-03 02:40:00","","326181.94190298","277191.697368757","0","0","0","",
"11","방문판매업","08_26_02_P","3170000","2021317023523200036","2021-07-08","","03","폐업","03","폐업처리","2025-12-31","","","","","","","서울특별시 금천구 시흥동 *** 시흥유통상가","서울특별시 금천구 시흥대로 **, 시흥유통상가 **동 *층 ***호 (시흥동)","08639","주식회사 체인커뮤니케이션","2025-12-31 13:13:13","U","2026-01-03 02:40:00","","191226.287379467","437914.06299827","184730288","96677368","100000000","",
"12","방문판매업","08_26_02_P","4681000","2025468110523200002","2025-09-23","","01","영업/정상","01","정상영업","","","","","","","","전북특별자치도 익산시 어양동 ***-* 현대해상화재보험(주)익산영업지","전북특별자치도 익산시 무왕로 ****, *층 (어양동)","54553","이젠라이프","2025-12-31 10:50:06","U","2026-01-03 02:40:00","","198373.956647125","273196.215637892","0","0","0","",
"13","방문판매업","08_26_02_P","3400000","2016340007223200007","2016-10-28","","04","취소/말소/만료/정지/중지","07","직권말소","","","","","","","","부산광역시 기장군 기장읍 대라리 ***번지 이진캐스빌아파트","부산광역시 기장군 기장읍 차성서로 **, ***동 ***호 (이진캐스빌아파트)","46068","참선진녹즙 기장정관지사","2025-12-31 17:57:39","U","2026-01-03 02:40:00","","401053.793579439","195421.110344961","5000000","0","0","",
"14","방문판매업","08_26_02_P","3940000","2025410012523200004","2025-06-18","","03","폐업","03","폐업처리","2025-12-31","","","","","","","경기도 고양시 일산서구 대화동 ****-*","경기도 고양시 일산서구 일산로***번길 *-**, *층 (대화동)","10370","한우즈 국제결혼","2025-12-31 16:15:58","U","2026-01-03 02:40:00","","178509.749900929","464425.478279081","0","0","0","",
"15","방문판매업","08_26_02_P","3470000","2022347018123200015","2022-08-30","","03","폐업","03","폐업처리","2025-12-31","","","","","","","대구광역시 달서구 도원동 ****-*","대구광역시 달서구 한실로 **, *층 ***호 (도원동)","42832","코웨이 대구달서 대리점","2025-12-31 11:24:52","U","2026-01-03 02:40:00","","338603.98234553","257439.615399008","0","0","0","",
"16","방문판매업","08_26_02_P","3450000","2016345014923200006","2016-08-30","","01","영업/정상","01","정상영업","","","","","053-382-2000","","","대구광역시 북구 산격동 ****-*","대구광역시 북구 검단로 ** (산격동)","41516","현대엑스코판매대리점","2025-12-31 15:55:04","U","2026-01-03 02:40:00","","344147.068137817","268042.687855094","0","0","0","",
"17","방문판매업","08_26_02_P","3110000","2025311028123200004","2025-03-31","","03","폐업","03","폐업처리","2025-12-31","","","","","","","서울특별시 은평구 대조동 **-*","서울특별시 은평구 진흥로 ***, *층 (대조동)","03395","유딘바이오","2025-12-31 15:13:05","U","2026-01-03 02:40:00","","193397.031285321","456287.889757232","0","0","0","",
"18","방문판매업","08_26_02_P","3860000","2025388100623200001","2022-11-28","","03","폐업","03","폐업처리","2025-12-30","","","","02-2063-3393","","","경기도 부천시 소사구 소사본동 **-** 미림홈타운 나동 ***호","경기도 부천시 소사구 경인옛로 **-*, 나동 ***호 (소사본동, 미림홈타운)","14691","네오시티","2025-12-31 16:31:15","U","2026-01-03 02:40:00","","182379.394507523","442008.476329798","0","0","0","",
"19","방문판매업","08_26_02_P","3160000","2025316015923200001","2018-05-10","","01","영업/정상","01","정상영업","","","","","070-8830-9948","","","서울특별시 구로구 구로동 *** 코오롱싸이언스밸리*차","서울특별시 구로구 디지털로**길 **, 코오롱싸이언스밸리*차 *층 ***호 (구로동)","08378","주식회사 로이그래핀에너지","2025-12-31 11:18:31","U","2026-01-03 02:40:00","","191020.264430044","442460.919021593","434337280","997180","433340096","",
"20","방문판매업","08_26_02_P","4390000","2026439025923200001","2026-01-02","","01","영업/정상","01","정상영업","","","","","","","","충청북도 충주시 충의동 ***","충청북도 충주시 충인*길 **-* (충의동)","27386","뉴톤보청기 충주지사","2026-01-02 11:48:43","I","2026-01-04 00:20:12","","282779.000726777","386217.158203574","0","0","0","",
"21","방문판매업","08_26_02_P","3230000","2026323029123200001","2026-01-02","","01","영업/정상","01","정상영업","","","","","02-400-7877","","","서울특별시 송파구 거여동 **-** 동인빌타운","서울특별시 송파구 거마로*길 **, 동인빌타운 ***호-*호 (거여동)","05768","(주)헬시업","2026-01-02 10:32:37","I","2026-01-04 00:20:12","","212959.73484683","443460.783510693","20000000","0","20000000","",
"22","방문판매업","08_26_02_P","4010000","2018401031723200006","2018-12-27","","03","폐업","03","폐업처리","2026-01-02","","","","031-488-9300","","","경기도 시흥시 정왕동 ****번지 *호 광개토빌딩* ***-*호","경기도 시흥시 정왕대로 ***, 광개토빌딩* *층 ***-*호 (정왕동)","15036","윤선생영어시흥정왕교실","2026-01-02 15:52:44","U","2026-01-04 02:40:00","","176313.285156484","427368.540805943","0","0","0","",
"23","방문판매업","08_26_02_P","5350000","2023535033023200010","2023-08-01","","04","취소/말소/만료/정지/중지","07","직권말소","","","","","","","","경상남도 김해시 구산동 ***-*","경상남도 김해시 가락로 ***, ***호 (구산동)","50907","엘웨이메이커, 엘뤼프화장품","2026-01-02 11:36:27","U","2026-01-04 02:40:00","","370401.416564038","196121.099456083","0","0","0","",
"24","방문판매업","08_26_02_P","5020000","2023502045923200022","2023-06-19","","04","취소/말소/만료/정지/중지","07","직권말소","","","","","","","","경상북도 포항시 북구 용흥동 ***-**","경상북도 포항시 북구 새마을로 **-*, *층 (용흥동)","37651","제이케이 메이데이","2026-01-02 08:36:10","U","2026-01-04 02:40:00","","411988.102848027","284733.959694","0","0","0","",
"25","방문판매업","08_26_02_P","3110000","2013311013123200003","2013-02-01","","03","폐업","03","폐업처리","2026-01-02","","","","02-304-8242","","","서울특별시 은평구 신사동 ***번지 *호 지층 B**호","서울특별시 은평구 증산로**길 **, 지층 B**호 (신사동)","03447","에치와이 증산점","2026-01-02 16:30:36","U","2026-01-04 02:40:00","","191625.388210584","454244.873554","0","0","0","",
"26","방문판매업","08_26_02_P","5350000","2013535019623200014","2013-06-13","","02","휴업","02","휴업처리","","2026-01-01","2027-12-31","","055-327-3709","","621-780","경상남도 김해시 지내동 **번지 동원아파트 ***동 ***호","경상남도 김해시 김해대로****번길 **-**, ***동 ***호 (지내동, 동원아파트)","621-220","피카소","2026-01-02 10:25:57","U","2026-01-04 02:40:00","","375061.098094066","194037.280501416","0","0","0","",
"27","방문판매업","08_26_02_P","3010000","2024301024423200004","2024-08-16","","01","영업/정상","01","정상영업","","","","","1566-4521","","","서울특별시 중구 다동 ** 케이스퀘어시티","서울특별시 중구 청계천로 **, 케이스퀘어시티 *층 (다동)","04521","주시회사 웅진헬스원","2026-01-02 16:57:48","U","2026-01-04 02:40:00","","198181.2456998","451808.048376715","2786686980","3083514880","2300000000","",
"28","방문판매업","08_26_02_P","5020000","2016502027623200004","2016-03-08","","04","취소/말소/만료/정지/중지","07","직권말소","","","","","054-282-5226","","","","경상북도 포항시 남구 양학천로**번길 **-* (대도동)","37781","(주)파트너즈플러스","2026-01-02 08:41:51","U","2026-01-04 02:40:00","","412853.944140386","282607.107825714","20000000","50000000","100000000","",
"29","방문판매업","08_26_02_P","5020000","2013502018823200017","2013-06-24","","04","취소/말소/만료/정지/중지","07","직권말소","","","","","054-274-2580","","","","경상북도 포항시 북구 죽도로**번길 **, *층 (죽도동)","791-841","에치와이 용흥점","2026-01-02 08:42:45","U","2026-01-04 02:40:00","","412607.986730692","283524.076704876","0","0","0","",
"30","방문판매업","08_26_02_P","5020000","1999502013223200080","1999-01-16","","04","취소/말소/만료/정지/중지","07","직권말소","","","","","","","","포항시 북구 죽도동 ***-**","","","포항국민서관","2026-01-02 08:46:16","U","2026-01-04 02:40:00","","","","0","0","0","",
"31","방문판매업","08_26_02_P","5020000","1999502013223200102","1999-10-07","","04","취소/말소/만료/정지/중지","07","직권말소","","","","","272-8855","","","포항시 북구 용흥동 ***-**","","","현대양학판매대리점","2026-01-02 08:43:31","U","2026-01-04 02:40:00","","","","0","0","0","",
"32","방문판매업","08_26_02_P","5020000","2024502045923200008","2024-04-02","","04","취소/말소/만료/정지/중지","07","직권말소","","","","","","","","경상북도 포항시 남구 상도동 ***-*","경상북도 포항시 남구 상공로 **, A동 *층 (상도동)","37770","포항 실로암 유럽보청기","2026-01-02 08:35:08","U","2026-01-04 02:40:00","","412313.157213881","281523.54765788","0","0","0","",
"33","방문판매업","08_26_02_P","5020000","2018502031123200022","2018-09-06","","04","취소/말소/만료/정지/중지","07","직권말소","","","","","","","","경상북도 포항시 남구 해도동 ***-**","경상북도 포항시 남구 해동로**번길 **(해도동)","37793","포항녹즙","2026-01-02 08:40:36","U","2026-01-04 02:40:00","","414021.085469138","283144.878090993","0","0","0","",
"34","방문판매업","08_26_02_P","3330000","2017333013223200006","2017-03-09","","03","폐업","03","폐업처리","2026-01-02","","","","051-545-2111","","","","부산광역시 해운대구 반송로 ***, *층 (반송동)","48004","이지허브","2026-01-02 16:45:44","U","2026-01-04 02:40:00","","396052.815418437","194703.130108702","0","0","0","",
"35","방문판매업","08_26_02_P","5020000","2020502040523200002","2020-08-12","","04","취소/말소/만료/정지/중지","07","직권말소","","","","","","","","경상북도 포항시 북구 흥해읍 옥성리 ***","경상북도 포항시 북구 흥해읍 동해대로 ****","37544","마임 흥해옥성지사","2026-01-02 08:38:04","U","2026-01-04 02:40:00","","410891.580795332","291922.382480087","0","0","0","",
"36","방문판매업","08_26_02_P","5350000","2021535030123200009","2021-07-23","","03","폐업","03","폐업처리","2025-12-31","","","","","","","경상남도 김해시 진영읍 여래리 ***-**","경상남도 김해시 진영읍 진영로***번길 **, *층","50868","시윤녹즙","2026-01-02 10:06:25","U","2026-01-04 02:40:00","","357955.258028306","201610.212294573","0","0","0","",
"37","방문판매업","08_26_02_P","5020000","2021502040523200010","2021-05-17","","04","취소/말소/만료/정지/중지","07","직권말소","","","","","","","","경상북도 포항시 북구 죽도동 ***-**","경상북도 포항시 북구 양학천로 **, *층 (죽도동)","37753","원하다","2026-01-02 08:37:18","U","2026-01-04 02:40:00","","412165.986562094","282861.350934925","0","0","0","",
"38","방문판매업","08_26_02_P","3740000","2025375003223200002","2024-09-30","","01","영업/정상","01","정상영업","","","","","","","","경기도 수원시 팔달구 우만동 ***-*","경기도 수원시 팔달구 경수대로 ***, *층 (우만동)","16235","화이린","2026-01-02 14:00:53","U","2026-01-04 02:40:00","","202421.25202287","420377.243550044","0","0","0","",
"39","방문판매업","08_26_02_P","5020000","2022502043823200013","2022-09-14","","04","취소/말소/만료/정지/중지","07","직권말소","","","","","","","","경상북도 포항시 북구 용흥동 ***","경상북도 포항시 북구 용흥로 **, A동 *호 (용흥동)","37688","코웨이 북부대리점","2026-01-02 08:36:43","U","2026-01-04 02:40:00","","411947.26552155","284291.453462299","0","0","0","",
"40","방문판매업","08_26_02_P","5350000","2022535030123200010","2022-11-11","","04","취소/말소/만료/정지/중지","07","직권말소","","","","","","","","경상남도 김해시 동상동 ****-**","경상남도 김해시 가야로 ***, *층 (동상동)","50913","코웨이 e조은 대리점","2026-01-02 11:34:59","U","2026-01-04 02:40:00","","371659.97763465","194921.544336317","0","0","0","",
"41","방문판매업","08_26_02_P","5020000","2018502031123200026","2018-10-26","","04","취소/말소/만료/정지/중지","07","직권말소","","","","","054-255-3456","","","경상북도 포항시 북구 양덕동 ****번지","경상북도 포항시 북구 천마로 ** (양덕동)","37593","쌍용자동차 포항 북구대리점","2026-01-02 08:39:20","U","2026-01-04 02:40:00","","415878.942540057","289159.611581425","0","0","0","",
"42","방문판매업","08_26_02_P","5020000","2023502045923200035","2023-12-13","","04","취소/말소/만료/정지/중지","07","직권말소","","","","","","","","경상북도 포항시 남구 오천읍 문덕리 ***-*","경상북도 포항시 남구 오천읍 문덕로**번길 *, *층","37887","종근당건강 헬스벨스토리 포항문덕점","2026-01-02 08:35:41","U","2026-01-04 02:40:00","","416651.252170583","276033.651962291","0","0","0","",
"43","방문판매업","08_26_02_P","4390000","2023439021423200009","2023-09-25","","03","폐업","03","폐업처리","2026-01-02","","","","","","","충청북도 충주시 충의동 ***","충청북도 충주시 충인*길 **-*, *층 (충의동)","27386","뉴톤보청기 충주지사","2026-01-02 11:46:28","U","2026-01-04 02:40:00","","282779.000726777","386217.158203574","0","0","0","",
"44","방문판매업","08_26_02_P","3560000","2026356028523200001","2026-01-05","","01","영업/정상","01","정상영업","","","","","1522-8580","","","인천광역시 서구 왕길동 ***-*","인천광역시 서구 완정로***번길 *, B동 *층 (왕길동)","22636","주식회사 엠제이통신","2026-01-03 14:36:02","I","2026-01-05 00:20:02","","169974.238478123","455397.113950425","2491090430","2854220030","-182836752","",
"45","방문판매업","08_26_02_P","3190000","2024319027123200014","2024-11-28","","01","영업/정상","01","정상영업","","","","","02-822-5989","","","서울특별시 동작구 상도동 ***-*","서울특별시 동작구 상도로 ***, *층 (상도동)","06959","김정문알로에 성대시장점","2026-01-03 14:01:28","U","2026-01-05 02:40:00","","193972.121419392","444283.903816913","0","0","0","",
"46","방문판매업","08_26_02_P","3860000","2026387100723200001","2026-01-05","","01","영업/정상","01","정상영업","","","","","02-540-2288","","","경기도 부천시 원미구 상동 ***-* 소풍(부천터미널)","경기도 부천시 원미구 송내대로 ***, 소풍(부천터미널) *층 *에프**-*호 (상동)","14545","(주) 케이아라리보석존","2026-01-05 15:31:32","I","2026-01-07 00:20:36","","178411.442079953","444684.405331659","501320608","566940220","-65619596","",
"47","방문판매업","08_26_02_P","3740000","2026375003223200001","2026-01-05","","01","영업/정상","01","정상영업","","","","","031-251-8432","","","경기도 수원시 장안구 영화동 ***-*","경기도 수원시 장안구 정조로 ***, *층 (영화동)","16271","멀티샵","2026-01-05 09:40:25","I","2026-01-07 00:20:36","","200915.760607808","421173.742040804","0","0","0","",
"48","방문판매업","08_26_02_P","4010000","2026401031723200001","2026-01-05","","01","영업/정상","01","정상영업","","","","","","","","경기도 시흥시 하중동 ***-* N PLUS빌 아파트","경기도 시흥시 연성로**번길 **, ***호 (하중동, N PLUS빌 아파트)","14976","귀한유통","2026-01-05 11:28:25","I","2026-01-07 00:20:36","","182600.900833248","432177.45009659","0","0","0","",
"49","방문판매업","08_26_02_P","4010000","2026401031723200002","2026-01-05","","01","영업/정상","01","정상영업","","","","","031-488-9300","","","경기도 시흥시 정왕동 ****-* 광개토빌딩*","경기도 시흥시 정왕대로 ***, 광개토빌딩* *층 ***-*호 (정왕동)","15036","윤선생영어시흥정왕교실","2026-01-05 11:35:15","I","2026-01-07 00:20:36","","176313.285156484","427368.540805943","0","0","0","",
"50","방문판매업","08_26_02_P","3930000","2026393048223200001","2026-01-05","","01","영업/정상","01","정상영업","","","","","","","","경기도 안산시 단원구 선부동 ****-** 광원빌딩 ***호","경기도 안산시 단원구 선부광장*로 **, 광원빌딩 ***호 (선부동)","15240","세로톤 헬스케어","2026-01-05 20:15:59","I","2026-01-07 00:20:36","","182854.566705445","425997.669826713","0","0","0","",
"51","방문판매업","08_26_02_P","4540000","2026454031023200001","2026-01-05","","01","영업/정상","01","정상영업","","","","","","","","충청남도 논산시 강경읍 대흥리 **-*","충청남도 논산시 강경읍 대흥로 *, *층","32939","가온헬스케어","2026-01-05 11:44:06","I","2026-01-07 00:20:36","","201245.199379597","294924.079263145","0","0","0","",
"52","방문판매업","08_26_02_P","4470000","2026447014523200001","2026-01-05","","01","영업/정상","01","정상영업","","","","","","","","충청북도 음성군 음성읍 읍내리 ***-**","충청북도 음성군 음성읍 중앙로 ***, *층","27703","푸르온","2026-01-05 17:10:27","I","2026-01-07 00:20:36","","261352.903549622","381538.14244649","0","0","0","",
"53","방문판매업","08_26_02_P","3570000","2026357020223200001","2025-11-20","","01","영업/정상","01","정상영업","","","","","","","","인천광역시 강화군 강화읍 관청리 ***","인천광역시 강화군 강화읍 동문안길**번길 **","23031","더좋은 웰빙","2026-01-05 17:42:56","I","2026-01-07 00:20:36","","154489.118621709","471900.726105199","0","0","0","",
"54","방문판매업","08_26_02_P","5670000","2026567057023200001","2026-01-05","","01","영업/정상","01","정상영업","","","","","","","","경상남도 창원시 마산합포구 해운동 *-** 파이브스타즈 빌딩","경상남도 창원시 마산합포구 월영동서로 **, 파이브스타즈 빌딩 ***,***,***호 (해운동)","51751","호관원","2026-01-05 10:08:40","I","2026-01-07 00:20:36","","342022.038399936","187835.656965566","0","0","0","",
"55","방문판매업","08_26_02_P","4820000","2003482015223200014","2008-05-07","","01","영업/정상","01","정상영업","","","","2008-05-07","061-723-7100","","","전라남도 순천시 조례동 ****번지","전라남도 순천시 충효로 ***-* (조례동)","","케이지모빌리티 순천중앙판매대리점","2026-01-05 16:23:39","U","2026-01-07 02:40:00","","247001.042685582","161358.162066283","0","0","0","",
"56","방문판매업","08_26_02_P","3510500","2026351057923200001","2026-01-02","","01","영업/정상","01","정상영업","","","","","","","","인천광역시 미추홀구 주안동 ***-*","인천광역시 미추홀구 주안로 **, ***호 (주안동)","22136","올바른컴퍼니","2026-01-05 15:29:47","U","2026-01-07 02:40:00","","171366.416388345","440246.371695767","0","0","0","",
"57","방문판매업","08_26_02_P","4500000","2023450032023200002","2015-06-19","","03","폐업","03","폐업처리","2025-12-31","","","","042-221-0900","","","충청남도 공주시 의당면 오인리 ***-*","충청남도 공주시 의당면 오인길 ***","32519","비비드","2026-01-05 16:44:55","U","2026-01-07 02:40:00","","210272.823039843","336275.161263764","0","0","0","",
"58","방문판매업","08_26_02_P","3150000","2024315020023200005","2024-03-05","","01","영업/정상","01","정상영업","","","","","2063-1522","","","서울특별시 강서구 등촌동 *** 플러스존","서울특별시 강서구 공항대로**길 **, 플러스존 *층 ***호 (등촌동)","07587","윤선생 영어교실 등촌센터","2026-01-05 14:04:11","U","2026-01-07 02:40:00","","186299.74267687","450792.016505679","0","0","0","",
"59","방문판매업","08_26_02_P","3860000","2016386033423200020","2016-03-07","","03","폐업","03","폐업처리","2026-01-05","","","","1600-0988","","","경기도 부천시 원미구 상동 ***번지 *호 송내프라자","경기도 부천시 원미구 부일로***번길 **, ***호 (상동)","14623","(주)케이디엠","2026-01-05 17:32:39","U","2026-01-07 02:40:00","","178383.5071659","443033.191916854","742799420","198076224","544723200","",
"60","방문판매업","08_26_02_P","3220000","2026322024923200001","2026-01-02","","01","영업/정상","01","정상영업","","","","","02-2233-9578","","","서울특별시 강남구 역삼동 ***-*","서울특별시 강남구 봉은사로**길 **, *층 (역삼동)","06136","(주)웨딩크라우드","2026-01-06 13:58:41","U","2026-01-08 02:40:00","","203105.145159696","444793.077208052","2599985410","847405760","50000000","",
"61","방문판매업","08_26_02_P","3430000","2026343012723200001","2022-10-24","","01","영업/정상","01","정상영업","","","","","","","","대구광역시 서구 비산동 ****-*","대구광역시 서구 팔달로 ***, *층 (비산동)","41714","해피요","2026-01-07 18:01:31","I","2026-01-09 00:20:01","","341101.157775889","266567.178816897","0","0","0","",
"62","방문판매업","08_26_02_P","4050000","2026564001823200001","2026-01-06","","01","영업/정상","01","정상영업","","","","","0312661170","","","경기도 용인시 수지구 신봉동 **-* 상록신봉종합상가","경기도 용인시 수지구 신봉*로 **, 상록신봉종합상가 ***호 (신봉동)","16815","샘앤플레이스 용인점","2026-01-06 20:44:41","I","2026-01-09 00:20:01","","206706.577957859","424640.632767579","0","0","0","",
"63","방문판매업","08_26_02_P","4090000","2026409051623200001","2026-01-07","","01","영업/정상","01","정상영업","","","","","031-981-7898","","","경기도 김포시 구래동 ****-* 김포센트럴프라자","경기도 김포시 김포한강*로 **, 김포센트럴프라자*동 *층 ***-*호 (구래동)","10071","밝은소리 보청기","2026-01-07 11:39:15","I","2026-01-09 00:20:01","","166880.494792211","460177.215982792","0","0","0","",
"64","방문판매업","08_26_02_P","3540000","2026354016123200001","2026-01-07","","01","영업/정상","01","정상영업","","","","","","","","인천광역시 부평구 삼산동 ***-* 신성미소지움아파트","인천광역시 부평구 수변로 ***, ***동 ***호 (삼산동, 신성미소지움아파트)","21325","태신인터내셔널(Taesin international)","2026-01-07 17:50:04","I","2026-01-09 00:20:01","","177042.075315697","445972.145306958","0","0","0","",
"65","방문판매업","08_26_02_P","3030000","2026303010323200001","2026-01-06","","01","영업/정상","01","정상영업","","","","","02-2038-0877","","","서울특별시 성동구 성수동*가 ***-**","서울특별시 성동구 성수이로 **, *층 (성수동*가)","04784","주식회사 건영기획","2026-01-06 16:43:20","I","2026-01-09 00:20:01","","204881.134181689","448769.640328683","230000000","260000000","30000000","",
"66","방문판매업","08_26_02_P","5530000","2026553041523200001","2026-01-07","","01","영업/정상","01","정상영업","","","","","1551-5679","","","경기도 화성시 영천동 ***-* SH TIME SQUARE Ⅰ","경기도 화성시 동탄대로 ***, SH TIME SQUARE Ⅰ ****호 (영천동)","18468","주식회사 미라클라이프","2026-01-07 11:10:18","I","2026-01-09 00:20:01","","208644.752912336","411974.219183433","50000000","0","30000000","",
"67","방문판매업","08_26_02_P","5530000","2026553041523200002","2026-01-07","","01","영업/정상","01","정상영업","","","","","","","","경기도 화성시 능동 **** 동탄푸른마을 모아미래도","경기도 화성시 동탄공원로 **-**, ***동 ****호 (능동, 동탄푸른마을 모아미래도)","18429","씨엠에스(CMS)코리아","2026-01-07 14:04:52","I","2026-01-09 00:20:01","","205046.75664683","410969.382865853","200000000","0","100000000","",
"68","방문판매업","08_26_02_P","3740000","2026375003223200002","2025-04-16","","01","영업/정상","01","정상영업","","","","","","","","경기도 수원시 장안구 율전동 ***-*","경기도 수원시 장안구 화산로 ***, *층 일부호 (율전동)","16360","푸른숲","2026-01-06 16:17:30","I","2026-01-09 00:20:01","","197324.049187304","421969.977807884","0","0","0","",
"69","방문판매업","08_26_02_P","3670000","2026367021523200001","2022-08-30","","01","영업/정상","01","정상영업","","","","","","","","대전광역시 유성구 신성동 ***-**","대전광역시 유성구 신성남로 **, *층 (신성동)","34116","코웨이공유대리점","2026-01-06 21:53:39","I","2026-01-09 00:20:01","","231407.105022416","320787.93382833","0","0","0","",
"70","방문판매업","08_26_02_P","3170000","2026317025723200001","2026-01-06","","01","영업/정상","01","정상영업","","","","","02-6925-2015","","","서울특별시 금천구 가산동 **-** 이앤씨드림타워*차","서울특별시 금천구 디지털로*길 **, 이앤씨드림타워*차 ***호 (가산동)","08512","㈜마이아","2026-01-06 16:39:43","I","2026-01-09 00:20:01","","189943.546219232","441990.817436962","992887620","901073150","500000000","",
"71","방문판매업","08_26_02_P","3940000","2026395005223200001","2026-01-06","","01","영업/정상","01","정상영업","","","","","","","","경기도 고양시 덕양구 강매동 ***","경기도 고양시 덕양구 강매로 ***-**, 나동 (강매동)","10441","(주) 디아이엔","2026-01-06 14:36:22","I","2026-01-09 00:20:01","","186308.74111139","456287.69143723","581597250","139431776","200000000","",
"72","방문판매업","08_26_02_P","4641000","2026465100623200001","2026-01-06","","01","영업/정상","01","정상영업","","","","","1588-4737","","","전북특별자치도 전주시 완산구 효자동*가 ****-* ***호","전북특별자치도 전주시 완산구 홍산로 ***, ***호 (효자동*가)","54966","주식회사 에너지브라더스","2026-01-07 16:22:53","I","2026-01-09 00:20:01","","209461.474610613","257469.057607519","232000000","0","50000000","",
"73","방문판매업","08_26_02_P","5670000","2026567057423200001","2016-05-20","","01","영업/정상","01","정상영업","","","","","","","","경상남도 창원시 진해구 풍호동 ***-*","경상남도 창원시 진해구 충장로***번길 **, 지하층 ***호 (풍호동)","51649","이레유통","2026-01-07 10:03:17","I","2026-01-09 00:20:01","","355097.864317569","184014.203619838","0","0","0","",
"74","방문판매업","08_26_02_P","3490000","2026349024223200001","2026-01-06","","01","영업/정상","01","정상영업","","","","","","","","인천광역시 중구 신흥동*가 *-* 대성신용협동조합","인천광역시 중구 서해대로***번길 *-*, 대성신용협동조합 *층 (신흥동*가)","22329","중구지사","2026-01-06 10:21:33","I","2026-01-09 00:20:01","","167682.685581285","440534.743178329","0","0","0","",
"75","방문판매업","08_26_02_P","3860000","2026387100723200002","2026-01-06","","01","영업/정상","01","정상영업","","","","","","","","경기도 부천시 원미구 춘의동 *** 삼보테크노타워","경기도 부천시 원미구 조마루로***번길 ***, 삼보테크노타워 **층 ****-C호 (춘의동)","14556","에코프르고","2026-01-06 10:37:26","I","2026-01-09 00:20:01","","181500.171358432","444400.914500838","0","0","0","",
"76","방문판매업","08_26_02_P","4510000","2026451023123200001","2024-11-04","","01","영업/정상","01","정상영업","","","","","","","","충청남도 보령시 대천동 ***-***","충청남도 보령시 중앙로 **, *층 (대천동)","33466","아울렛굿모닝","2026-01-06 16:42:00","I","2026-01-09 00:20:01","","163894.101750128","316526.030715319","0","0","0","",
"77","방문판매업","08_26_02_P","4820000","2026482033723200001","2026-01-06","","01","영업/정상","01","정상영업","","","","","","","","전라남도 순천시 저전동 ***-* 궁전웨딩홀, 뷔페","전라남도 순천시 중앙로 **, 궁전웨딩홀, 뷔페 (저전동)","57957","코카리스","2026-01-06 13:42:28","I","2026-01-09 00:20:01","","244203.879859736","161317.885939715","0","0","0","",
"78","방문판매업","08_26_02_P","3000000","2019300020223200007","2019-05-10","","04","취소/말소/만료/정지/중지","07","직권말소","","","","","","","","서울특별시 종로구 이화동 ***번지 지층","서울특별시 종로구 이화장길 **, 지층 (이화동)","03100","해피월드","2026-01-06 14:04:05","U","2026-01-09 02:40:00","","200250.695850549","452710.424349095","0","0","0","",
"79","방문판매업","08_26_02_P","3110000","2015311013123200025","2015-10-19","","04","취소/말소/만료/정지/중지","07","직권말소","","","","","02 723 5211","","","서울특별시 은평구 대조동 **번지 ***호","서울특별시 은평구 역말로 *** (대조동)","03392","(주)제이피에스","2026-01-07 11:15:25","U","2026-01-09 02:40:00","","193001.227729695","456367.5470828","326824640","290478144","5000000","",
"80","방문판매업","08_26_02_P","3110000","2010311013123200038","2010-12-23","","03","폐업","03","폐업처리","2026-01-05","","","","02-358-0055","","122-051","서울특별시 은평구 갈현동 ***번지 **호","서울특별시 은평구 연서로**길 **-* (갈현동)","122-051","에치와이 갈현점","2026-01-06 11:47:27","U","2026-01-09 02:40:00","","192442.199840566","456883.82378268","0","0","0","",
"81","방문판매업","08_26_02_P","5710000","2024571029323200017","2024-11-04","","01","영업/정상","01","정상영업","","","","","043-272-8090","","","충청북도 청주시 흥덕구 봉명동 **** 청주 파비뇽 아울렛","충청북도 청주시 흥덕구 월명로 ***, 청주 파비뇽 아울렛 가동 *층 P***호 (봉명동)","28462","포켓드림 주식회사","2026-01-07 16:43:59","U","2026-01-09 02:40:00","","240618.093580519","350373.725552173","110758968","0","40000000","",
"82","방문판매업","08_26_02_P","3820000","2024382038023200004","2024-09-04","","03","폐업","03","폐업처리","2026-01-06","","","","031-871-9436","","","경기도 의정부시 의정부동 ***-*","경기도 의정부시 경의로 **, *층 (의정부동)","11626","새론정보통신","2026-01-07 13:54:40","U","2026-01-09 02:40:00","","203512.070511878","470024.958817648","0","0","0","",
"83","방문판매업","08_26_02_P","3000000","2019300020223200012","2019-08-01","","04","취소/말소/만료/정지/중지","07","직권말소","","","","","","","","서울특별시 종로구 이화동 *번지 ***호 *층","서울특별시 종로구 낙산*길 **, *층 (이화동)","03088","인셀덤제이코리아","2026-01-06 14:03:24","U","2026-01-09 02:40:00","","200566.56373032","452840.032018633","0","0","0","",
"84","방문판매업","08_26_02_P","3740000","2013561001823200001","1999-01-30","","04","취소/말소/만료/정지/중지","07","직권말소","","","","","031 215 2400","","","경기도 수원시 영통구 매탄동 ***-* 우진빌딩","경기도 수원시 영통구 중부대로 ***, 우진빌딩 *층 (매탄동)","16525","지엠쉐보레동수원자동차판매(주)","2026-01-07 10:32:45","U","2026-01-09 02:40:00","","204226.768490807","419022.232873623","80000000","1","80000000","",
"85","방문판매업","08_26_02_P","3740000","2015561001823200021","2015-03-24","","04","취소/말소/만료/정지/중지","07","직권말소","","","","","1661-7312","","","경기도 수원시 영통구 매탄동 ***-**","경기도 수원시 영통구 산남로**번길 **, ***호 (매탄동)","16524","(주)초록느낌","2026-01-07 10:32:19","U","2026-01-09 02:40:00","","204079.946686659","418674.406504898","105615552","215714048","50000000","",
"86","방문판매업","08_26_02_P","3000000","2022300020223200002","2022-01-26","","04","취소/말소/만료/정지/중지","07","직권말소","","","","","","","","서울특별시 종로구 계동 ***-**","서울특별시 종로구 창덕궁*길 **, 지하층 (계동)","03058","창덕133","2026-01-06 14:00:18","U","2026-01-09 02:40:00","","198814.852977728","452995.885146635","0","0","0","",
"87","방문판매업","08_26_02_P","3000000","2022300020223200003","2022-02-24","","04","취소/말소/만료/정지/중지","07","직권말소","","","","","","","","서울특별시 종로구 익선동 **-* 운현신화타워","서울특별시 종로구 삼일대로**길 **, *층 ***호 (익선동, 운현신화타워)","03132","일조통상 주식회사","2026-01-06 13:59:40","U","2026-01-09 02:40:00","","198970.736456772","452534.45478172","59543728","13479000","50000000","",
"88","방문판매업","08_26_02_P","3700000","2022370016023200006","2022-03-18","","03","폐업","03","폐업처리","2025-12-31","","","","0529166000","","","울산광역시 남구 선암동 ***-**","울산광역시 남구 두왕로 **, *층 (선암동)","44774","주식회사 제이정보통신","2026-01-06 15:37:38","U","2026-01-09 02:40:00","","","","193877376","32717042","161160336","",
"89","방문판매업","08_26_02_P","3000000","2016300016923200006","2016-04-04","","04","취소/말소/만료/정지/중지","07","직권말소","","","","","02-743-1707","","","서울특별시 종로구 창신동 ***번지 *호 금호팔레스빌딩 ***호","서울특별시 종로구 지봉로 **, 금호팔레스빌딩 ***호 (창신동)","03121","(주)엔비의료기","2026-01-06 14:05:46","U","2026-01-09 02:40:00","","201282.378349367","452249.643664396","137789456","404817632","20000000","",
"90","방문판매업","08_26_02_P","3000000","2017300016923200011","2017-07-04","","04","취소/말소/만료/정지/중지","07","직권말소","","","","","1577-8480","","","서울특별시 종로구 운니동 **번지 *호 삼환빌딩 *층","서울특별시 종로구 율곡로 **, *층 (운니동, 삼환빌딩)","03131","휴먼크루즈 주식회사","2026-01-06 14:04:58","U","2026-01-09 02:40:00","","198952.501606235","452729.319337378","2989860100","2659627520","50000000","",
"91","방문판매업","08_26_02_P","3000000","2013300012923200004","2013-03-15","","04","취소/말소/만료/정지/중지","07","직권말소","","","","","02-734-7161","","","","서울특별시 종로구 통일로**길 *, *층 ***호 (무악동)","110-080","대승상사","2026-01-06 14:07:50","U","2026-01-09 02:40:00","","196215.891675956","452514.036271542","0","0","0","",
"92","방문판매업","08_26_02_P","3000000","2014300016923200013","2014-06-10","","04","취소/말소/만료/정지/중지","07","직권말소","","","","","02-3443-2066","","110-888","서울특별시 종로구 종로*가 **번지","서울특별시 종로구 종로 ** (종로*가, 르메이에르종로타운 ***-*,***-*호)","110-888","아이통신","2026-01-06 14:07:18","U","2026-01-09 02:40:00","","198150.300374121","452019.212642931","0","0","0","",
"93","방문판매업","08_26_02_P","3000000","2015300016923200024","2015-08-19","","04","취소/말소/만료/정지/중지","07","직권말소","","","","","02-552-7546","","","서울특별시 종로구 내수동 **번지 용비어천가 제*층 ***호","서울특별시 종로구 새문안로*길 **, ***호 (내수동, 용비어천가 제*층)","03173","주식회사 뷰티트리","2026-01-06 14:06:32","U","2026-01-09 02:40:00","","197567.747824202","452347.973860449","14797238","1280619","50000000","",
"94","방문판매업","08_26_02_P","3000000","2011300012923200013","2011-04-19","","04","취소/말소/만료/정지/중지","07","직권말소","","","","","02-2231-4064~5","","","서울특별시 종로구 숭인동 ***번지 **호 계명빌딩 ***호","서울특별시 종로구 종로**길 **, 계명빌딩 ***호 (숭인동)","03115","한미유니크","2026-01-06 14:08:35","U","2026-01-09 02:40:00","","201850.462764525","452407.508781009","0","0","0","",
"95","방문판매업","08_26_02_P","3000000","2020300020223200007","2020-03-25","","04","취소/말소/만료/정지/중지","07","직권말소","","","","","","","","서울특별시 종로구 창신동 ***번지 *호 영화빌딩 지층","서울특별시 종로구 창신길 *, 영화빌딩 지층 (창신동)","03101","한강 아울렛","2026-01-06 14:02:51","U","2026-01-09 02:40:00","","200830.570275099","452174.480627819","0","0","0","",
"96","방문판매업","08_26_02_P","3000000","2021300020223200011","2021-12-22","","04","취소/말소/만료/정지/중지","07","직권말소","","","","","","","","서울특별시 종로구 창신동 ***","서울특별시 종로구 종로 ***-*, *층 (창신동)","03104","마임종로동부사랑지사","2026-01-06 14:01:01","U","2026-01-09 02:40:00","","201160.626054927","452293.688736855","0","0","0","",
"97","방문판매업","08_26_02_P","3200000","2006320010623200811","2006-01-23","","03","폐업","03","폐업처리","2026-01-05","","","","02  856 3306","","151-015","서울특별시 관악구 신림동 ***번지 *호 *층","서울특별시 관악구 난곡로 *** (신림동,*층)","","사임당화장품제일지사","2026-01-06 16:02:09","U","2026-01-09 02:40:00","","192383.765488175","442250.737967702","9","9","9","",
"98","방문판매업","08_26_02_P","3000000","2021300020223200009","2021-10-19","","04","취소/말소/만료/정지/중지","07","직권말소","","","","","","","","서울특별시 종로구 종로*가 ***-**","서울특별시 종로구 종로**길 **, *층 *호 (종로*가)","03125","자연담 유통","2026-01-06 14:02:16","U","2026-01-09 02:40:00","","200438.102064147","452339.55653695","0","0","0","",
"99","방문판매업","08_26_02_P","3060000","2024306020223200001","2024-01-18","","01","영업/정상","01","정상영업","","","","","02-491-5720","","","서울특별시 중랑구 중화동 **-** *층 ***호","서울특별시 중랑구 봉화산로**가길 **, *층 ***호 (중화동)","02048","연세우유신내대리점","2026-01-06 09:37:30","U","2026-01-09 02:40:00","","207115.041132194","455183.092911367","0","0","0","",
"100","방문판매업","08_26_02_P","5710000","2025571029323200027","2025-09-10","","01","영업/정상","01","정상영업","","","","","","","","충청북도 청주시 상당구 남문로*가 ***-*","충청북도 청주시 상당구 성안로 **, *층 (남문로*가)","28532","해피모아","2026-01-06 11:26:32","U","2026-01-09 02:40:00","","241023.772760639","348378.63310463","0","0","0","",
"101","방문판매업","08_26_02_P","3190000","2025319027123200004","2025-04-01","","03","폐업","03","폐업처리","2026-01-05","","","","02-583-2428","","","서울특별시 동작구 사당동 ****-**","서울특별시 동작구 남부순환로 ****, *층 (사당동)","07024","나비힐 주식회사(NAVIHILL Co., Ltd.)","2026-01-06 16:14:59","U","2026-01-09 02:40:00","","197875.792292363","441637.16783987","1792779010","974552960","818226050","",
"102","방문판매업","08_26_02_P","3830000","2025385003723200001","2022-08-31","","01","영업/정상","01","정상영업","","","","","02-849-8210","","","경기도 안양시 동안구 비산동 **** 금강벤처텔","경기도 안양시 동안구 시민대로 ***, 금강벤처텔 ****-*호 (비산동)","14048","코웨이 스마트렌탈 대리점","2026-01-06 17:30:22","U","2026-01-09 02:40:00","","195504.751140429","432119.445439727","0","0","0","",
"103","방문판매업","08_26_02_P","3260000","2026326010823200001","2026-01-08","","01","영업/정상","01","정상영업","","","","","","","","부산광역시 서구 충무동*가 *-*","부산광역시 서구 천마로 ***, *층 (충무동*가)","49253","에치와이 토성점","2026-01-08 18:02:23","I","2026-01-10 00:20:07","","384362.237651805","179260.188693394","0","0","0","",
"104","방문판매업","08_26_02_P","5530000","2026553029323200001","2026-01-08","","01","영업/정상","01","정상영업","","","","","031-355-1150","","","경기도 화성시 남양읍 남양리 ****","경기도 화성시 남양읍 남양성지로 ***, ***호","18261","다성휠링","2026-01-08 16:37:14","I","2026-01-10 00:20:07","","183880.171197271","411986.021668185","0","0","0","",
"105","방문판매업","08_26_02_P","5680000","2026568037023200001","2026-01-08","","01","영업/정상","01","정상영업","","","","","0414307987","","","충청남도 당진시 읍내동 ***-* 진원스타타워","충청남도 당진시 당진중앙*로 ***-*, ***호 (읍내동, 진원스타타워)","31770","당진 소망보청기","2026-01-08 15:58:15","I","2026-01-10 00:20:07","","166994.732359346","377065.76074724","0","0","0","",
"106","방문판매업","08_26_02_P","3530000","2026353017923200001","2026-01-08","","01","영업/정상","01","정상영업","","","","","","","","인천광역시 남동구 논현동 ***-* 칼리오페 ***호","인천광역시 남동구 논고개로***번길 **, 칼리오페 *층 ***호 (논현동)","21653","이병열팀웍연구소","2026-01-08 15:55:45","I","2026-01-10 00:20:07","","175322.829762396","433304.243386176","0","0","0","",
"107","방문판매업","08_26_02_P","3220000","2026322024923200002","2026-01-08","","01","영업/정상","01","정상영업","","","","","02-565-3480","","","서울특별시 강남구 역삼동 ***-*","서울특별시 강남구 논현로**길 *-**, ***호 (역삼동)","06237","주식회사 아우라비앤더블유","2026-01-08 07:27:10","I","2026-01-10 00:20:07","","203178.445875229","444044.750081142","105755072","421622976","30000000","",
"108","방문판매업","08_26_02_P","3620000","2026362026123200001","2026-01-07","","01","영업/정상","01","정상영업","","","","","062-974-9944","","","광주광역시 북구 월출동 ***-** 디디텔레콤(주)","광주광역시 북구 첨단벤처소로**번길 **-*, 디디텔레콤(주) (월출동)","61007","디디텔레콤 주식회사","2026-01-08 13:48:07","I","2026-01-10 00:20:07","","187320.491771065","192605.586816284","5929307100","2927154940","150000000","",
"109","방문판매업","08_26_02_P","6510000","2026651024423200001","2026-01-07","","01","영업/정상","01","정상영업","","","","","","","","제주특별자치도 제주시 일도이동 ***-**","제주특별자치도 제주시 동광로 ***, *층 (일도이동)","63275","윤선생제주영어교실","2026-01-08 09:25:46","I","2026-01-10 00:20:07","","157112.535951301","1172.69562816429","0","0","0","",
"110","방문판매업","08_26_02_P","3460000","2017346014023200026","2017-07-19","","03","폐업","03","폐업처리","2026-01-09","","","","","","","대구광역시 수성구 노변동 *번지 *호 *층","대구광역시 수성구 달구벌대로 ****, *층 (노변동)","42256","대성텔레콤","2026-01-08 13:14:11","U","2026-01-10 02:40:00","","353598.690615569","261522.944853529","0","0","0","",
"111","방문판매업","08_26_02_P","4060000","2022406040723200012","2019-10-29","","01","영업/정상","01","정상영업","","","","","02-2646-1800","","","경기도 파주시 문발동 ***-*","경기도 파주시 파주로 **(문발동)","10880","주식회사 티지오","2026-01-08 16:28:03","U","2026-01-10 02:40:00","","173318.07720609","469112.458547912","6000000000","1900000000","1065859970","",
"112","방문판매업","08_26_02_P","3100000","2021310018423200009","2021-03-25","","01","영업/정상","01","정상영업","","","","","","","","서울특별시 노원구 공릉동 ***-*","서울특별시 노원구 동일로***길 **, *층 *호 (공릉동)","01848","이든네이처노원공릉지사","2026-01-08 13:40:19","U","2026-01-10 02:40:00","","206598.602821189","457778.829279572","0","0","0","",
"113","방문판매업","08_26_02_P","3130000","2022313022523200008","2019-05-08","","01","영업/정상","01","정상영업","","","","","02-336-8666","","","서울특별시 마포구 성산동 ***-*","서울특별시 마포구 월드컵북로 **, *층 ***호 (성산동)","03986","(주)에이펙셀생활건강","2026-01-08 14:17:21","U","2026-01-10 02:40:00","","192603.399811438","450847.135604774","440092096","535640832","40000000","",
"114","방문판매업","08_26_02_P","6510000","2026651024423200002","2013-09-24","","01","영업/정상","01","정상영업","","","","2017-07-05","","","","제주특별자치도 제주시 일도이동 ***-* 제주은행동광로지점","제주특별자치도 제주시 동광로 ***, 지하*층 (일도이동)","63275","해피안힐링센터 제주지점","2026-01-09 09:38:22","I","2026-01-11 00:20:02","","157092.711909653","1146.21495390144","0","0","0","",
"115","방문판매업","08_26_02_P","3060000","2026306021523200001","2026-01-09","","01","영업/정상","01","정상영업","","","","","02-2039-2620","","","서울특별시 중랑구 상봉동 ***-** 이레** *층","서울특별시 중랑구 봉우재로**길 **, *층 (상봉동, 이레**)","02154","주식회사 한국메디케어","2026-01-09 14:01:27","I","2026-01-11 00:20:02","","207651.765361212","454623.145146086","10000000","0","10000000","",
"116","방문판매업","08_26_02_P","4050000","2026564001823200002","2022-05-19","","01","영업/정상","01","정상영업","","","","","031-698-3091","","","경기도 용인시 수지구 동천동 *** 분당수지 U-TOWER","경기도 용인시 수지구 신수로 ***, 분당수지 U-TOWER 에이동 ****호 (동천동)","16827","(주)인투씨엔에스","2026-01-09 15:47:01","I","2026-01-11 00:20:02","","208940.745787289","426247.566686926","6488327200","3062483970","1351101060","",
"117","방문판매업","08_26_02_P","3780000","2026378039423200001","2026-01-09","","01","영업/정상","01","정상영업","","","","","","","","경기도 성남시 중원구 금광동 ****","경기도 성남시 중원구 자혜로*번길 *, *층 *호 (금광동)","13170","에치와이 양지점","2026-01-09 10:32:50","I","2026-01-11 00:20:02","","214116.563633307","438699.334654731","0","0","0","",
"118","방문판매업","08_26_02_P","6510000","2018651014623200010","2018-06-05","","03","폐업","03","폐업처리","2026-01-09","","","","","","","제주특별자치도 제주시 일도이동 ***번지 **호 인화빌딩 *층","제주특별자치도 제주시 동광로 ***, 인화빌딩 *층 (일도이동)","63275","윤선생제주영어교실","2026-01-09 13:16:05","U","2026-01-11 02:40:00","","157112.535951301","1172.69562816429","0","0","0","",
"119","방문판매업","08_26_02_P","3830000","2026384003323200001","2026-01-08","","01","영업/정상","01","정상영업","","","","","","","","경기도 안양시 만안구 안양동 ***-**","경기도 안양시 만안구 안양로***번길 **, *층 *호 (안양동)","13992","로하스원코리아","2026-01-10 16:06:51","I","2026-01-12 00:20:09","","","","0","0","0","",
"120","방문판매업","08_26_02_P","4641000","2026466100623200001","2026-01-12","","01","영업/정상","01","정상영업","","","","","","","","전북특별자치도 전주시 덕진구 만성동 ****-*","전북특별자치도 전주시 덕진구 만성중앙로 **-**, *층 ***호 (만성동)","54868","에스에프교육","2026-01-12 11:09:17","I","2026-01-14 00:20:02","","206831.644824101","260131.111828383","0","0","0","",
"121","방문판매업","08_26_02_P","4191000","2026419100623200001","2025-12-18","","01","영업/정상","01","정상영업","","","","","","","","강원특별자치도 원주시 문막읍 문막리 ***-*","강원특별자치도 원주시 문막읍 문막시장*길 **, *층","26373","신선","2026-01-12 12:52:21","I","2026-01-14 00:20:02","","272357.841668652","423092.913112503","0","0","0","",
"122","방문판매업","08_26_02_P","4550000","2026455012823200001","2026-01-12","","01","영업/정상","01","정상영업","","","","","","","","충청남도 금산군 복수면 다복리 ***-* 대성 사슴농장","충청남도 금산군 복수면 다복로 ***, 대성 사슴농장","32703","대경사슴농원","2026-01-12 13:24:43","I","2026-01-14 00:20:02","","238249.063254197","296482.058555533","0","0","0","",
"123","방문판매업","08_26_02_P","3230000","2026323029123200002","2013-06-19","","01","영업/정상","01","정상영업","","","","","02-3485-9300","","","서울특별시 송파구 가락동 *-* 중앙일보사","서울특별시 송파구 오금로 ***, 중앙일보사 *층 (가락동)","05701","주식회사 참존","2026-01-12 11:24:57","I","2026-01-14 00:20:02","","211083.079854507","444474.489315972","30987221000","57791599000","24522465300","",
"124","방문판매업","08_26_02_P","5670000","2026567056823200001","2024-07-09","","01","영업/정상","01","정상영업","","","","","","","","경상남도 창원시 성산구 남양동 ** 한성종합상가","경상남도 창원시 성산구 대암로 **, 한성종합상가 ***호 (남양동)","51484","유로코리아","2026-01-12 11:45:39","I","2026-01-14 00:20:02","","354754.104691942","191846.660579956","0","0","0","",
"125","방문판매업","08_26_02_P","3170000","2026317025723200002","2010-05-17","","01","영업/정상","01","정상영업","","","","","02-851-7177","","","서울특별시 금천구 가산동 *** 하우스디 더 스카이밸리 가산*차","서울특별시 금천구 범안로 ****, 하우스디 더 스카이밸리 가산*차 **층 ****호 (가산동)","08595","(주)한국생활건강그룹","2026-01-12 09:33:13","I","2026-01-14 00:20:02","","190099.41176063","440416.170972838","50000000","0","50000000","",
"126","방문판매업","08_26_02_P","4490000","2026566002923200001","2026-01-12","","01","영업/정상","01","정상영업","","","","","","","","충청남도 천안시 서북구 백석동 **** ***호","충청남도 천안시 서북구 한들*로 ***, ***호 (백석동)","31087","주식회사 엠아이티티","2026-01-12 17:14:58","I","2026-01-14 00:20:02","","210688.781651584","370806.700438195","10000000","0","10000000","",
"127","방문판매업","08_26_02_P","3650000","2024365014723200009","2024-07-15","","03","폐업","03","폐업처리","2026-01-12","","","","042-221-1291","","","대전광역시 중구 문화동 *-** 기독교연합봉사회관","대전광역시 중구 계백로 ****, 기독교연합봉사회관 *층 (문화동)","34956","대전건강생활","2026-01-12 11:29:04","U","2026-01-14 02:40:00","","236728.137784731","313443.505831575","0","0","0","",
"128","방문판매업","08_26_02_P","3940000","2018396012823200005","2018-03-23","","03","폐업","03","폐업처리","2025-12-31","","","","031-904-3624","","","경기도 고양시 일산동구 백석동 ****번지 *호","경기도 고양시 일산동구 강송로***번길 *-*, *층 (백석동)","10420","에치와이일산점","2026-01-12 13:42:13","U","2026-01-14 02:40:00","","181098.38","460724.155","0","0","0","",
"129","방문판매업","08_26_02_P","4641000","2023466008123200011","2023-07-07","","03","폐업","03","폐업처리","2026-01-13","","","","","","","전북특별자치도 전주시 덕진구 우아동*가 ***-**","전북특별자치도 전주시 덕진구 우아*길 **, 타파웨어 (우아동*가)","54908","루비라 홈파티스 스튜디오 전주역점","2026-01-12 16:07:31","U","2026-01-14 02:40:00","","214127.769722508","261214.742238328","0","0","0","",
"130","방문판매업","08_26_02_P","3400000","2026340013223200001","2024-11-07","","01","영업/정상","01","정상영업","","","","","","","","부산광역시 기장군 기장읍 동부리 ***-*","부산광역시 기장군 기장읍 차성로***번길 **","46061","파인셈메디칼","2026-01-13 11:34:14","I","2026-01-15 00:20:35","","401483.793773317","196315.935246941","0","0","0","",
"131","방문판매업","08_26_02_P","3940000","2026410012523200001","2026-01-13","","01","영업/정상","01","정상영업","","","","","031-924-5000","","","경기도 고양시 일산서구 덕이동 ****-**","경기도 고양시 일산서구 송포로***번길 ***-**, *층 (덕이동)","10215","(주)케이원컴퍼니","2026-01-13 15:35:27","I","2026-01-15 00:20:35","","176071.294655686","464687.015895169","40000000","0","40000000","",
"132","방문판매업","08_26_02_P","3540000","2026354016123200002","2026-01-13","","01","영업/정상","01","정상영업","","","","","","","","인천광역시 부평구 부평동 ***-*","인천광역시 부평구 경인로 ***, *층 전체, *층 일부 ***호 (부평동)","21406","현대동소정판매대리점","2026-01-13 16:00:25","I","2026-01-15 00:20:35","","175935.448791867","442852.888614809","0","0","0","",
"133","방문판매업","08_26_02_P","5050000","2026505038023200001","2026-01-13","","01","영업/정상","01","정상영업","","","","","","","","경상북도 경주시 감포읍 오류리 ***-* 경보해변빌라트 ***호","경상북도 경주시 감포읍 감포로 ***, ***호 (경보해변빌라트)","38125","라온상사","2026-01-13 16:07:27","I","2026-01-15 00:20:35","","426828.036363904","260413.665117151","0","0","0","",
"134","방문판매업","08_26_02_P","3290000","2026329018623200001","2026-01-13","","01","영업/정상","01","정상영업","","","","","051-803-2823","","","부산광역시 부산진구 연지동 ***-*","부산광역시 부산진구 동평로***번길 * (연지동)","47134","에치와이 연지점","2026-01-13 11:10:42","I","2026-01-15 00:20:35","","386922.633608293","187630.02782893","0","0","0","",
"135","방문판매업","08_26_02_P","5220000","2026522011823200002","2018-01-11","","01","영업/정상","01","정상영업","","","","","07071637004","","","경상북도 칠곡군 북삼읍 인평리 ***-*","경상북도 칠곡군 북삼읍 북삼로 ***, *층","39808","(주)유성네트웍스","2026-01-13 14:03:20","I","2026-01-15 00:20:35","","320437.624476473","285347.146681398","150000000","0","150000000","",
"136","방문판매업","08_26_02_P","5150000","2026515021823200001","2025-02-05","","01","영업/정상","01","정상영업","","","","","","","","경상북도 의성군 금성면 대리리 **-*","경상북도 의성군 금성면 탑리*길 **-*, *층","37356","팔자유통","2026-01-13 10:17:41","I","2026-01-15 00:20:35","","351175.037369828","307212.2543423","0","0","0","",
"137","방문판매업","08_26_02_P","3780000","2017378021923200022","2017-06-29","","03","폐업","03","폐업처리","2026-01-08","","","","","","","경기도 성남시 중원구 금광동 ****","경기도 성남시 중원구 광명로***번길 **, *층 (금광동)","13172","남양유업 (신성남 가정대리점)","2026-01-13 16:59:05","U","2026-01-15 02:40:00","","214204.285020613","438403.889459894","0","0","0","",
"138","방문판매업","08_26_02_P","3980000","2020398012923200004","2020-01-21","","01","영업/정상","01","정상영업","","","","","","","","경기도 구리시 수택동 ***-**","경기도 구리시 이문안로***번길 **-*, *층 (수택동)","11941","위그다(wigda)","2026-01-13 17:58:05","U","2026-01-15 02:40:00","","212672.925690391","454484.27767319","10000000","5000000","5000000","",
"139","방문판매업","08_26_02_P","5220000","2026522011823200001","2023-03-29","","01","영업/정상","01","정상영업","","","","2024-11-20","","","","경상북도 칠곡군 북삼읍 인평리 ****-* 프라임하우스","경상북도 칠곡군 북삼읍 금오대로*길 *, *층 (프라임하우스)","39813","한빛라이프","2026-01-13 14:03:06","U","2026-01-15 02:40:00","","321391.583240492","286298.825830616","30000000","0","0","",
"140","방문판매업","08_26_02_P","3100000","2021310018423200018","2021-10-05","","01","영업/정상","01","정상영업","","","","","","","","서울특별시 노원구 공릉동 ***-**","서울특별시 노원구 동일로***길 *, *층 (공릉동)","01848","주하","2026-01-13 14:32:56","U","2026-01-15 02:40:00","","206598.259810854","457530.576738013","0","0","0","",
"141","방문판매업","08_26_02_P","5250000","2025525014623200002","2016-06-03","","01","영업/정상","01","정상영업","","","","","","","","경상북도 울진군 북면 부구리 ***-*","경상북도 울진군 북면 울진북로 ****, *층 ***호","36305","그린","2026-01-13 17:39:08","U","2026-01-15 02:40:00","","410830.796124136","402622.5708121","0","0","0","",
"142","방문판매업","08_26_02_P","5530000","2020553005123200001","2018-11-08","","03","폐업","03","폐업처리","2026-01-13","","","","031-374-1561","","","경기도 화성시 영천동 ***-*","경기도 화성시 동탄첨단산업*로 **-**, *층 ***호 (영천동)","18469","루마프라임","2026-01-13 16:23:59","U","2026-01-15 02:40:00","","208176.492852752","412642.308137592","0","0","0","",
"143","방문판매업","08_26_02_P","4810000","2026481045123200001","2025-12-08","","01","영업/정상","01","정상영업","","","","","","","","전라남도 여수시 충무동 *** 한국투자증권","전라남도 여수시 중앙로 **, 한국투자증권 *층 (충무동)","59732","웰빙플러스","2026-01-14 11:32:58","I","2026-01-16 00:20:02","","266927.923513148","138237.383285567","0","0","0","",
"144","방문판매업","08_26_02_P","3740000","2026376003423200001","2026-01-14","","01","영업/정상","01","정상영업","","","","","","","","경기도 수원시 권선구 권선동 ****-* 우덕빌딩","경기도 수원시 권선구 효원로***번길 **, 우덕빌딩 *층 (권선동)","16571","주식회사 우연","2026-01-14 14:00:15","I","2026-01-16 00:20:02","","202625.96058698","417621.501829675","1036844030","113172712","923671300","",
"145","방문판매업","08_26_02_P","4010000","2026401031723200003","2026-01-14","","01","영업/정상","01","정상영업","","","","","031- 433-3336","","","경기도 시흥시 정왕동 ****-*","경기도 시흥시 산기대학로 **, ***-**호,**호 (정왕동)","15080","에치와이 시화점","2026-01-14 09:59:56","I","2026-01-16 00:20:02","","174671.836199636","427701.348477276","0","0","0","",
"146","방문판매업","08_26_02_P","3820000","2026382042223200001","2010-09-03","","01","영업/정상","01","정상영업","","","","","070-4060-3155","","","경기도 의정부시 고산동 *** 고산 디에트르 에듀파크 아파트","경기도 의정부시 서광로 ***, ***동 ****호 (고산동, 고산 디에트르 에듀파크 아파트)","11819","제이피라이프","2026-01-14 17:04:15","I","2026-01-16 00:20:02","","209952.334517339","470285.685176406","0","0","0","",
"147","방문판매업","08_26_02_P","6510000","2026651024423200003","2026-01-13","","01","영업/정상","01","정상영업","","","","","","","","제주특별자치도 제주시 연동 ***-**","제주특별자치도 제주시 연동*길 **, *층 (연동)","63123","포스삼촌","2026-01-14 08:51:01","I","2026-01-16 00:20:02","","152573.054369991","-975.126251487858","0","0","0","",
"148","방문판매업","08_26_02_P","6510000","2023651024423200016","2023-08-31","","01","영업/정상","01","정상영업","","","","","","","","제주특별자치도 제주시 아라일동 산 *-*","","","농업회사법인 주식회사 제주한라목장","2026-01-14 15:07:01","U","2026-01-16 02:40:00","","159578.573172967","-6266.24565245943","657578750","469323168","10000000","",
"149","방문판매업","08_26_02_P","5380000","2017538021223200005","2017-05-08","","03","폐업","03","폐업처리","2026-01-14","","","","","","","","경상남도 양산시 물금읍 백호로 **, ***동 ****호 (반도유보라*차아파트)","50652","더원","2026-01-14 09:49:11","U","2026-01-16 02:40:00","","382322.404954549","203815.60248175","0","0","0","",
"150","방문판매업","08_26_02_P","3110000","2014311013123200017","2014-08-08","","01","영업/정상","01","정상영업","","","","","","","122-888","서울특별시 은평구 신사동 ***번지 **호","서울특별시 은평구 은평터널로 ***-*, ***호 (신사동, 백상드림빌)","122-888","MH통신","2026-01-14 11:13:56","U","2026-01-16 02:40:00","","191888.823118222","454753.404185703","","","","",
"151","방문판매업","08_26_02_P","4490000","2020565003223200005","2020-02-10","","03","폐업","03","폐업처리","2026-01-14","","","","","","","충청남도 천안시 동남구 영성동 ***번지 *호","충청남도 천안시 동남구 원성*교길 * (영성동)","31132","마임천안영성지사","2026-01-14 14:42:25","U","2026-01-16 02:40:00","","213579.864334473","366899.723272358","0","0","0","",
"152","방문판매업","08_26_02_P","4550000","2023455010923200004","2023-04-17","","01","영업/정상","01","정상영업","","","","","","","","충청남도 금산군 추부면 자부리 ***-*","충청남도 금산군 추부면 추풍로 ***","32711","한국농축산","2026-01-14 15:43:43","U","2026-01-16 02:40:00","","243209.598785467","299503.893978985","0","0","0","",
"153","방문판매업","08_26_02_P","4540000","2025454031023200013","2025-12-19","","03","폐업","03","폐업처리","2026-01-12","","","","","","","충청남도 논산시 연산면 연산리 ***-*","충청남도 논산시 연산면 황산벌로 ****","32911","마임연산지사","2026-01-14 09:31:59","U","2026-01-16 02:40:00","","219549.361800926","301363.589745454","0","0","0","",
"154","방문판매업","08_26_02_P","3530000","2025353017923200011","2025-04-21","","03","폐업","03","폐업처리","2026-01-14","","","","","","","인천광역시 남동구 간석동 ***-* ***호","인천광역시 남동구 석정로 ***, ***호 (간석동)","21503","디어데이즈(Dear.Days)","2026-01-14 09:20:54","U","2026-01-16 02:40:00","","173316.706346091","440619.521165226","0","0","0","",
"155","방문판매업","08_26_02_P","3860000","2023386055523200009","2023-02-21","","03","폐업","03","폐업처리","2026-01-14","","","","02-577-0970","","","","경기도 부천시 원미구  부천로***번길 **, 춘의테크노파크II ***동 ***호 (춘의동)","14557","지엔엘커머스 주식회사","2026-01-14 17:39:24","U","2026-01-16 02:40:00","","181179.871137498","444386.9087544","850758080","232626144","50000000","",
"156","방문판매업","08_26_02_P","3250000","2026325017923200001","2025-08-19","","01","영업/정상","01","정상영업","","","","","","","","부산광역시 중구 부평동*가 **-*","부산광역시 중구 보수대로 **-*, *층 (부평동*가)","48980","천하온","2026-01-15 14:51:21","I","2026-01-17 00:20:02","","384617.131962048","179590.603167846","0","0","0","",
"157","방문판매업","08_26_02_P","4781000","2026478106223200001","2024-12-10","","01","영업/정상","01","정상영업","","","","","","","","전북특별자치도 고창군 고창읍 읍내리 ***-**","전북특별자치도 고창군 고창읍 중앙로 ***, ***호","56433","케이와이케이(KYK)","2026-01-15 17:35:35","I","2026-01-17 00:20:02","","172604.016738883","215130.996399366","0","0","0","",
"158","방문판매업","08_26_02_P","4181000","2026418108123200001","2026-01-13","","01","영업/정상","01","정상영업","","","","","033-261-7777","","","강원특별자치도 춘천시 석사동 ***-*","강원특별자치도 춘천시 애막골길**번길 **, ***호 (석사동)","24326","동문쉴더스","2026-01-15 09:29:27","I","2026-01-17 00:20:02","","265636.323038442","484672.008797941","0","0","0","",
"159","방문판매업","08_26_02_P","3590000","2026359023423200001","2026-01-15","","01","영업/정상","01","정상영업","","","","","","","","광주광역시 동구 금동 **-* 금동남도빌딩","광주광역시 동구 문화전당로**번길 **-*, 금동남도빌딩 *층 (금동)","61488","오늘웨딩컨설팅","2026-01-15 17:50:51","I","2026-01-17 00:20:02","","192240.100482019","182764.323988173","0","0","0","",
"160","방문판매업","08_26_02_P","5130000","2026513018023200001","2000-12-19","","01","영업/정상","01","정상영업","","","","","053 792 4100","","","경상북도 경산시 정평동 *** 한솔아파트","경상북도 경산시 대학로*길 **, ***동 ***호 (정평동, 한솔아파트)","38654","한컴미래교육","2026-01-15 16:08:55","I","2026-01-17 00:20:02","","356063.597324058","261066.522330383","0","0","0","",
"161","방문판매업","08_26_02_P","3660000","2026366021523200001","2026-01-15","","01","영업/정상","01","정상영업","","","","","042-221-2251","","","대전광역시 서구 괴정동 ***-* 대전오렌지타운","대전광역시 서구 계룡로 ***, 대전오렌지타운 ***호 (괴정동)","35299","주식회사 온리유","2026-01-15 17:50:23","I","2026-01-17 00:20:02","","235010.415168008","315517.311582836","23997054","22179738","1817316","",
"162","방문판매업","08_26_02_P","3480000","2026348039723200001","2024-02-19","","01","영업/정상","01","정상영업","","","","","","","","대구광역시 달성군 현풍읍 부리 ***-*","대구광역시 달성군 현풍읍 비슬로***길 ***, *층","42999","저먼유로","2026-01-15 11:30:19","I","2026-01-17 00:20:02","","330587.050964374","245051.557950585","0","0","0","",
"163","방문판매업","08_26_02_P","3630000","2024363031123200012","2024-08-12","","03","폐업","03","폐업처리","2026-01-15","","","","062-973-6966","","","광주광역시 광산구 월계동 ***-*","광주광역시 광산구 월계로 ***, *층 ***호 (월계동)","62266","주식회사 주주통신","2026-01-15 12:28:21","U","2026-01-17 02:40:00","","185172.985730705","190481.587488164","10000000","0","10000000","",
"164","방문판매업","08_26_02_P","3560000","2020356018723200026","2020-06-11","","01","영업/정상","01","정상영업","","","","","","","","인천광역시 서구 당하동 ****-* 그린프라자","인천광역시 서구 고산후로**번길 **, 그린프라자 ***-*호 (당하동)","22682","윤선생 영어교실 인천원당센터","2026-01-15 13:56:00","U","2026-01-17 02:40:00","","173119.787728896","454530.318561169","0","0","0","",
"165","방문판매업","08_26_02_P","3590000","2004359006023200037","2006-02-17","","03","폐업","03","폐업처리","2026-01-15","","","","062 236 3355","","","광주광역시 동구 대인동 ***-**","광주광역시 동구 독립로 *** (대인동)","61426","기아무등대리점","2026-01-15 16:41:46","U","2026-01-17 02:40:00","","191997.851699244","184101.780756184","10000000","0","10000000","",
"166","방문판매업","08_26_02_P","3460000","2025346019723200006","2025-03-20","","03","폐업","03","폐업처리","2026-01-15","","","","","","","대구광역시 수성구 대흥동 ***-*","대구광역시 수성구 알파시티*로*길 **, 수성엘센트로알파 ***호 (대흥동)","42251","에스엠통신","2026-01-15 13:49:35","U","2026-01-17 02:40:00","","352374.832836016","261308.402864803","0","0","0","",
