"번호","개방서비스명","개방서비스아이디","개방자치단체코드","관리번호","인허가일자","인허가취소일자","영업상태구분코드","영업상태명","상세영업상태코드","상세영업상태명","폐업일자","휴업시작일자","휴업종료일자","재개업일자","소재지전화","소재지면적","소재지우편번호","소재지전체주소","도로명전체주소","도로명우편번호","사업장명","최종수정시점","데이터갱신구분","데이터갱신일자","업태구분명","좌표정보x(epsg5174)","좌표정보y(epsg5174)","약국영업면적","지정일자",
"1","약국","01_01_06_P","5350000","PHMD120255350351084000004","2025-12-31","","01","영업/정상","13","영업중","","","","","055-724-0450","","","경상남도 김해시 삼계동 1501-2","경상남도 김해시 삼계중앙로 22, 1층 107호 (삼계동)","50902","하루약국","2025-12-31 09:40:55","I","2026-01-03 00:20:02","","369881.292422865","197245.819039752","66.08","20251231",
"2","약국","01_01_06_P","4610000","PHMD119934610020084000003","1993-10-23","","02","휴업","02","휴업","","2026-01-01","2026-06-30","","041-335-6199","","","충청남도 예산군 예산읍 예산리 381-8","충청남도 예산군 예산읍 신흥길 54","32437","오행당약국","2025-12-31 17:32:32","U","2026-01-03 02:40:00","","186305.556369816","352907.76834326","27.86","19931023",
"3","약국","01_01_06_P","3070000","PHMD120123070034084000002","2012-02-16","","01","영업/정상","13","영업중","","","","","02-941-3802","","","서울특별시 성북구 하월곡동 230 동일하이빌 뉴시티","서울특별시 성북구 종암로 167, 지하1층 700호 (하월곡동, 동일하이빌 뉴시티)","02734","화인온누리약국","2025-12-31 09:14:51","U","2026-01-03 02:40:00","","202667.468802014","455858.920803881","32","20120216",
"4","약국","01_01_06_P","3980000","PHMD120223980021084000001","2022-04-26","","01","영업/정상","13","영업중","","","","","031-552-2500","","","경기도 구리시 교문동 244-6","경기도 구리시 경춘로 165, 1~2층 (교문동)","11923","바로약국","2025-12-30 17:19:04","U","2026-01-03 02:40:00","","211732.907131375","455403.093633264","142","20220426",
"5","약국","01_01_06_P","3900000","PHMD120233900028084000007","2023-08-11","","01","영업/정상","13","영업중","","","","","02-2687-5850","","","경기도 광명시 광명동 158-795","경기도 광명시 광명로 891-1, 1층 일부호 (광명동)","14286","사거리약국","2025-12-31 11:05:30","U","2026-01-03 02:40:00","","186995.652891353","441843.578572626","122.75","20230811",
"6","약국","01_01_06_P","3120000","PHMD120233120033084000008","2023-07-17","","01","영업/정상","13","영업중","","","","","","","","서울특별시 서대문구 홍제동 90-19","서울특별시 서대문구 통일로27길 5, 1층 4호 (홍제동)","03730","케이약국","2025-12-30 14:54:52","U","2026-01-03 02:40:00","","195432.285773269","453467.338107246","29","20230717",
"7","약국","01_01_06_P","4170000","PHMD120134170019084000001","2013-05-27","","03","폐업","03","폐업","2025-12-30","","","","031-773-9151","","476-863","경기도 양평군 청운면 용두리 650번지 1호","경기도 양평군 청운면 용두로139번길 1","12530","건강약국","2025-12-31 09:27:06","U","2026-01-03 02:40:00","","262533.566633176","450480.903015846","36","20130527",
"8","약국","01_01_06_P","3910000","PHMD120243910165084000008","2024-10-08","","03","폐업","03","폐업","2025-12-30","","","","","","","경기도 평택시 장당동 483-4 엘림하우스","경기도 평택시 탄현로1번길 11, 202호 (장당동, 엘림하우스)","17783","생명나무약국","2025-12-30 14:26:59","U","2026-01-03 02:40:00","","204813.601004976","394653.833486982","20.81","20241008",
"9","약국","01_01_06_P","3530000","PHMD120063530019084000005","2006-03-22","","01","영업/정상","13","영업중","","","","","","","","인천광역시 남동구 구월동 1475 벽성빌딩","인천광역시 남동구 인하로507번길 4, 벽성빌딩 102호 (구월동)","21574","윤슬약국","2025-12-30 11:22:23","U","2026-01-03 02:40:00","","173666.597202762","437966.878473039","35.62","20060322",
"10","약국","01_01_06_P","5530000","PHMD120225530439084000002","2022-02-08","","01","영업/정상","13","영업중","","","","","031-296-0365","","","경기도 화성시 봉담읍 상리 690-3","경기도 화성시 봉담읍 상리2길 51, 101-105호","18309","365봉담약국","2025-12-30 13:41:23","U","2026-01-03 02:40:00","","195238.534634398","413630.318703919","222","20220208",
"11","약국","01_01_06_P","3940000","PHMD120223940140084000003","2022-03-22","","03","폐업","03","폐업","2025-12-31","","","","031-975-0321","","","경기도 고양시 일산서구 일산동 955 아카메디 106호, 117호","경기도 고양시 일산서구 고양대로 632, 아카메디 106호, 117호 (일산동)","10352","샤인약국","2025-12-31 09:05:34","U","2026-01-03 02:40:00","","179311.215713947","464812.311698401","99.38","20220322",
"12","약국","01_01_06_P","4020000","PHMD120234020028084000001","2023-06-07","","01","영업/정상","13","영업중","","","","","031-395-9475","","","경기도 군포시 산본동 1240 래미안 하이어스 아파트 상가(145동)","경기도 군포시 금산로 89, 래미안 하이어스 아파트 상가(145동) 1105호 (산본동)","15815","힐링약국","2025-12-31 16:03:53","U","2026-01-03 02:40:00","","194189.37215072","429607.667400243","33.49","20230607",
"13","약국","01_01_06_P","3700000","PHMD120083700018084000006","2008-05-02","","03","폐업","03","폐업","2025-12-31","","","","052-261-7510","","680-803","울산광역시 남구 달동 758번지 2호 2층 202호","울산광역시 남구 신정로 9, 2층 202호 (달동)","44724","동인당한약국","2025-12-31 15:11:56","U","2026-01-03 02:40:00","","410568.920931292","228390.494859375","37.92","20080502",
"14","약국","01_01_06_P","3720000","PHMD120123720017084000007","2012-09-24","","01","영업/정상","13","영업중","","","","","052-297-9334","","683-480","울산광역시 북구 상안동 357번지","울산광역시 북구 신답로 48 (상안동)","","정성약국","2025-12-31 10:26:40","U","2026-01-03 02:40:00","","412186.126630814","239113.362725732","84.06","20120924",
"15","약국","01_01_06_P","4820000","PHMD120184820026084000008","2018-05-18","","01","영업/정상","13","영업중","","","","","061-745-3311","","","전라남도 순천시 덕암동 157번지 9호","전라남도 순천시 팔마로 217, 1층 (덕암동)","57964","새하나약국","2025-12-30 13:26:41","U","2026-01-03 02:40:00","","246516.337801062","160288.246587363","54.02","20180518",
"16","약국","01_01_06_P","6510000","PHMD119816510098084000001","1981-09-07","","03","폐업","03","폐업","2025-12-31","","","","064-783-2010","","695-973","제주특별자치도 제주시 구좌읍 세화리 1465-1","제주특별자치도 제주시 구좌읍 구좌로 47","63361","제일약국","2025-12-31 12:54:46","U","2026-01-03 02:40:00","","186604.666008181","2990.31895469413","38","19810907",
"17","약국","01_01_06_P","6510000","PHMD120186510097084000001","2018-01-02","","01","영업/정상","13","영업중","","","","","064-796-2567","","","제주특별자치도 제주시 한림읍 한림리 1073-1","제주특별자치도 제주시 한림읍 한림중앙로 1","63029","세창약국","2025-12-31 11:09:26","U","2026-01-03 02:40:00","","131546.043579925","-8832.57973808462","46.2","20180102",
"18","약국","01_01_06_P","3090000","PHMD120203090033084000002","2020-02-10","","03","폐업","03","폐업","2025-12-31","","","","02-953-3119","","","서울특별시 도봉구 방학동 707번지 7호 홈플러스데스코㈜방학점","서울특별시 도봉구 도봉로 678, 홈플러스데스코㈜방학점 지하2층 (방학동)","01334","미소약국","2025-12-31 10:10:16","U","2026-01-03 02:40:00","","203790.013568785","462495.417040876","29.36","20200210",
"19","약국","01_01_06_P","3230000","PHMD120233230034084000006","2023-05-23","","01","영업/정상","13","영업중","","","","","070-8080-4509","","","서울특별시 송파구 잠실동 209 송천빌딩","서울특별시 송파구 석촌호수로 80, 송천빌딩 1층 02호 (잠실동)","05564","잠실팜약국","2025-12-31 09:09:33","U","2026-01-03 02:40:00","","207562.998269706","445212.647550343","36.36","20230523",
"20","약국","01_01_06_P","3050000","PHMD120243050034084000007","2024-04-29","","03","폐업","03","폐업","2025-12-31","","","","02-3493-6912","","","서울특별시 동대문구 용두동 100-1 랜드마크타워1","서울특별시 동대문구 천호대로25길 81, 랜드마크타워1 103호 (용두동)","02585","청수약국","2025-12-31 10:03:52","U","2026-01-03 02:40:00","","202929.480858008","452835.10567055","26.4","20240429",
"21","약국","01_01_06_P","3650000","PHMD120003650023084000001","2000-02-09","","03","폐업","03","폐업","2025-12-31","","","","255-0720","","301-800","대전광역시 중구 대사동 121번지 5호","대전광역시 중구 보문산공원로 541 (대사동)","35043","보문산 약국","2025-12-31 14:03:45","U","2026-01-03 02:40:00","","238130.481367104","312873.640889769","46.08","20000209",
"22","약국","01_01_06_P","4671000","PHMD120204670076084000002","2020-04-27","","01","영업/정상","13","영업중","","","","","063-465-4555","","","전북특별자치도 군산시 나운동 316번지 12호","전북특별자치도 군산시 공단대로 388 (나운동)","54139","하나약국","2025-12-31 11:21:25","U","2026-01-03 02:40:00","","172823.483382324","273618.730181127","151.8","20200427",
"23","약국","01_01_06_P","3660000","PHMD120253660023084000014","2025-11-11","","01","영업/정상","13","영업중","","","","","070-8691-0187","","","대전광역시 서구 월평동 493","대전광역시 서구 한밭대로570번길 14, 1층 (월평동)","35221","알약트레이더스약국","2025-12-30 10:34:53","U","2026-01-03 02:40:00","","232404.531512887","317489.175238957","226.7","20251111",
"24","약국","01_01_06_P","4060000","PHMD120244060482084000001","2024-01-17","","02","휴업","02","휴업","","2025-06-11","2026-03-31","","031-941-0589","","","경기도 파주시 동패동 2125","경기도 파주시 양지로 119, 신화프라자 1층 102호 (동패동)","10888","초롱꽃약국","2025-12-31 09:44:32","U","2026-01-03 02:40:00","","","","42","20240117",
"25","약국","01_01_06_P","5330000","PHMD119865330023084000002","1986-09-30","","01","영업/정상","13","영업중","","","","","645-9272","","","경상남도 통영시 광도면 죽림리 1613 힐스테이트 통영","경상남도 통영시 광도면 죽림안길 61, 상가동 206호 (힐스테이트 통영)","53021","천지약국","2025-12-30 16:13:05","U","2026-01-03 02:40:00","","330782.880647375","151350.790259976","43","19860930",
"26","약국","01_01_06_P","3160000","PHMD120203160034084000009","2020-06-30","","01","영업/정상","13","영업중","","","","","02-837-9998","","","서울특별시 구로구 구로동 3-25 신도림테크노마트 판매동","서울특별시 구로구 새말로 97, 판매동 1층 40,73,74,82,83,118,119호 (구로동)","08288","라온약국","2025-12-30 15:14:41","U","2026-01-03 02:40:00","","190232.524534335","444978.682746138","77.42","20200630",
"27","약국","01_01_06_P","5590000","PHMD120215590021084000004","2021-06-28","","02","휴업","02","휴업","","2026-01-01","2026-12-31","","031-867-7577","","","경기도 양주시 고암동 92-22","경기도 양주시 화합로 1493, 메디타운 103호 (고암동)","11452","가까운약국","2025-12-31 14:36:41","U","2026-01-03 02:40:00","","206367.277705536","481696.215481774","183","20210628",
"28","약국","01_01_06_P","3940000","PHMD120173940138084000017","2017-09-01","","03","폐업","03","폐업","2025-12-31","","","","0319787999","","","경기도 고양시 덕양구 화정동 1147번지 112호","경기도 고양시 덕양구 성신로 10, 112호 (화정동, 글로버프라자)","10503","화정푸른솔약국","2025-12-31 17:35:27","U","2026-01-03 02:40:00","","184904.961055197","458378.952908826","48.7","20170901",
"29","약국","01_01_06_P","3930000","PHMD120183930154084000007","2018-03-26","","03","폐업","03","폐업","2025-12-31","","","","031-402-2081","","","경기도 안산시 단원구 고잔동 707번지 2호 삼성홈플러스","경기도 안산시 단원구 광덕대로 175, 삼성홈플러스 2층 (고잔동)","15471","건강플러스약국","2025-12-31 13:07:45","U","2026-01-03 02:40:00","","184766.070784522","423338.223688148","22.2","20180326",
"30","약국","01_01_06_P","3780000","PHMD120103780062084000014","2010-11-18","","03","폐업","03","폐업","2025-12-30","","","","031-757-5461","","461-804","경기도 성남시 수정구 수진1동 1번지 1호 1층","경기도 성남시 수정구 수정로 144, 1층 (수진동)","13327","이화온누리약국","2025-12-31 09:14:08","U","2026-01-03 02:40:00","","211968.801097672","437745.215497028","33.88","20101118",
"31","약국","01_01_06_P","3080000","PHMD120163080033084000002","2016-02-01","","01","영업/정상","13","영업중","","","","","02-6312-6351","","","서울특별시 강북구 미아동 1364번지 연이빌딩 7층","서울특별시 강북구 도봉로 52, 7층 (미아동, 연이빌딩)","01215","한빛약국","2025-12-31 18:06:03","U","2026-01-03 02:40:00","","202624.617262819","456818.85207077","163.05","20160201",
"32","약국","01_01_06_P","3390000","PHMD120203390023084000006","2020-09-16","","01","영업/정상","13","영업중","","","","","070-4038-9826","","","부산광역시 사상구 괘법동 546-14","부산광역시 사상구 광장로 77 (괘법동)","46968","서부산약국","2025-12-30 15:48:08","U","2026-01-03 02:40:00","","380782.146864752","186636.553825021","129","20200916",
"33","약국","01_01_06_P","4010000","PHMD120254010281084000005","2025-07-08","","03","폐업","03","폐업","2026-01-02","","","","","","","경기도 시흥시 대야동 542 롯데마트 시흥점","경기도 시흥시 비둘기공원로 28, 롯데마트 시흥점 2층 (대야동)","14912","더드림약국","2025-12-31 17:46:30","U","2026-01-03 02:40:00","","181520.673307238","437898.181862031","30.7","20250708",
"34","약국","01_01_06_P","5020000","PHMD120225020055084000007","2022-11-10","","01","영업/정상","13","영업중","","","","","054-614-0858","","","경상북도 포항시 남구 효자동 595-6","경상북도 포항시 남구 효성로 46, 1층 (효자동)","37836","레몬약국","2025-12-31 17:03:35","U","2026-01-03 02:40:00","","410796.072576137","280933.520250712","85.18","20221110",
"35","약국","01_01_06_P","3330000","PHMD120223330024084000009","2022-10-04","","01","영업/정상","13","영업중","","","","","051-784-1933","","","부산광역시 해운대구 반여동 1609-1 문훈치과","부산광역시 해운대구 재반로 253-1, 문훈치과 1층 (반여동)","48024","지리산약국","2025-12-31 10:24:46","U","2026-01-03 02:40:00","","394029.29313286","191052.246835551","90.03","20221004",
"36","약국","01_01_06_P","3860000","PHMD120083860049084000025","2008-07-02","","01","영업/정상","13","영업중","","","","","032-345-2256","","","","경기도 부천시 원미구 역곡로 7, 105호 (역곡동)","14671","역곡태평양약국","2025-12-31 10:11:30","U","2026-01-03 02:40:00","","183240.48636337","442664.738703069","1","20080702",
"37","약국","01_01_06_P","3060000","PHMD120133060034084000004","2013-02-28","","01","영업/정상","13","영업중","","","","","02-493-5074","","131-828","서울특별시 중랑구 면목동 634번지 8호","서울특별시 중랑구 면목로 305, 1층 (면목동, 성일빌딩)","02238","이안온누리약국","2025-12-31 15:39:36","U","2026-01-03 02:40:00","","207653.828967538","453048.690091451","58.3","20130228",
"38","약국","01_01_06_P","3060000","PHMD120123060034084000001","2012-01-12","","01","영업/정상","13","영업중","","","","","491-0081","","131-781","서울특별시 중랑구 신내동 397번지 동성아파트 근린생활시설동","서울특별시 중랑구 신내로 128, 근린생활시설동 1층 (신내동, 동성아파트)","02054","중앙약국","2025-12-30 10:31:37","U","2026-01-03 02:40:00","","208536.163679365","456379.478717154","78.8","20120112",
"39","약국","01_01_06_P","3120000","PHMD120143120033084000004","2014-02-26","","01","영업/정상","13","영업중","","","","","02-392-4932","","120-060","서울특별시 서대문구 옥천동 1번지","서울특별시 서대문구 통일로 177, 1층 (옥천동)","03734","서대문약국","2025-12-30 15:55:24","U","2026-01-03 02:40:00","","196646.316262816","451906.882016285","84.7","20140226",
"40","약국","01_01_06_P","3230000","PHMD120143230034084000039","2014-10-27","","01","영업/정상","13","영업중","","","","","02-406-5258","","","서울특별시 송파구 오금동 18번지 38호","서울특별시 송파구 위례성대로20길 31, 1층 (오금동)","05657","햇살약국","2025-12-30 15:00:21","U","2026-01-03 02:40:00","","211182.039440114","445171.927200021","65","20141027",
"41","약국","01_01_06_P","5380000","PHMD120185380021084000021","2018-12-07","","01","영업/정상","13","영업중","","","","","055-385-6663","","","경상남도 양산시 중부동 685번지 4호 늘푸른빌딩","경상남도 양산시 강변로 442, 늘푸른빌딩 1층 101호 (중부동)","50629","양산늘푸른약국","2025-12-31 14:56:20","U","2026-01-03 02:40:00","","384232.71200234","206239.031503393","58.69","20181207",
"42","약국","01_01_06_P","3290000","PHMD120233290024084000020","2023-10-30","","02","휴업","02","휴업","","2026-01-01","2026-12-31","","","","","부산광역시 부산진구 범천동 1643 범일역풍림아이원","부산광역시 부산진구 범일로154번길 33, 1층 1063호 (범천동, 범일역풍림아이원)","47361","중앙하나약국","2025-12-31 15:26:33","U","2026-01-03 02:40:00","","387758.905527561","184731.35167587","55","20231030",
"43","약국","01_01_06_P","3220000","PHMD120263220033084000001","2026-01-02","","01","영업/정상","13","영업중","","","","","","","","서울특별시 강남구 역삼동 682-17","서울특별시 강남구 봉은사로54길 9, 1층 (역삼동)","06143","싱싱약국","2026-01-02 14:32:25","I","2026-01-04 00:20:12","","203797.336891864","445241.770411677","33.85","20260102",
"44","약국","01_01_06_P","3480000","PHMD120263480012084000001","2026-01-02","","01","영업/정상","13","영업중","","","","","","","","","대구광역시 달성군 화원읍 비슬로 2595, 1층","42955","화원우정약국","2026-01-02 13:29:30","I","2026-01-04 00:20:12","","335539.595725001","257100.502776805","50","20260102",
"45","약국","01_01_06_P","3610000","PHMD120263610019084000001","2026-01-02","","01","영업/정상","13","영업중","","","","","062-681-1296","","","광주광역시 남구 봉선동 473-18","광주광역시 남구 봉선중앙로 51, 1층 102-3, 102-4호 (봉선동)","61684","봉선친한약국","2026-01-02 16:40:31","I","2026-01-04 00:20:12","","191811.789319166","180699.29883664","184.8","20260102",
"46","약국","01_01_06_P","3240000","PHMD120263240033084000001","2026-01-02","","01","영업/정상","13","영업중","","","","","070-4184-0026","","","서울특별시 강동구 성내동 244 라이저강동빌딩","서울특별시 강동구 천호대로 1116, 103호 (성내동, 라이저강동빌딩)","05373","땡큐약국","2026-01-02 13:00:12","I","2026-01-04 00:20:12","","211878.097723811","448049.826281484","50","20260102",
"47","약국","01_01_06_P","4550000","PHMD120264550041084000001","2026-01-02","","01","영업/정상","13","영업중","","","","","","","","충청남도 금산군 금산읍 중도리 56-9 칠보네집","충청남도 금산군 금산읍 비단로 184, 칠보네집","32738","금산종로약국","2026-01-02 14:14:56","I","2026-01-04 00:20:12","","244652.994685819","289383.721923846","112.31","20260102",
"48","약국","01_01_06_P","3070000","PHMD120103070034084000016","2010-09-20","","01","영업/정상","13","영업중","","","","","02-916-6222","","","서울특별시 성북구 장위동 66번지 309호","서울특별시 성북구 돌곶이로27길 79 (장위동)","02771","드림약국","2026-01-02 17:40:50","U","2026-01-04 02:40:00","","204519.411004897","456418.703834684","70.7","20100920",
"49","약국","01_01_06_P","3550000","PHMD120193550020084000002","2019-02-20","","03","폐업","03","폐업","2026-01-01","","","","032-544-6265","","","인천광역시 계양구 동양동 605번지 1층","인천광역시 계양구 양지로 40, 1층 (동양동)","21018","사랑인약국","2026-01-02 13:28:37","U","2026-01-04 02:40:00","","178322.188869029","451120.806828105","72.16","20190220",
"50","약국","01_01_06_P","3910000","PHMD119683910165084000001","1968-01-27","","03","폐업","03","폐업","2025-12-31","","","","031-666-3158","","","경기도 평택시 신장동 300번지 77호","경기도 평택시 신장로 28 (신장동)","17758","성신약국","2026-01-02 10:49:07","U","2026-01-04 02:40:00","","204526.986628632","397506.497871059","33","19680127",
"51","약국","01_01_06_P","3900000","PHMD120193900028084000009","2019-06-17","","01","영업/정상","13","영업중","","","","","02-898-2655","","","경기도 광명시 소하동 1340번지 5호 웅신아트","경기도 광명시 금하로 458, 웅신아트 113호 (소하동)","14316","마음드림약국","2026-01-02 09:09:18","U","2026-01-04 02:40:00","","189604.623666721","438478.689394262","59.82","20190617",
"52","약국","01_01_06_P","3240000","PHMD120233240033084000011","2023-06-09","","03","폐업","03","폐업","2026-01-01","","","","070-4184-0026","","","서울특별시 강동구 성내동 244 라이저강동빌딩","서울특별시 강동구 천호대로 1116, 1층 103호 (성내동, 라이저강동빌딩)","05373","땡큐약국","2026-01-02 10:22:32","U","2026-01-04 02:40:00","","211878.097723811","448049.826281484","45.4","20230609",
"53","약국","01_01_06_P","4671000","PHMD120034670076084000008","2008-10-31","","01","영업/정상","13","영업중","","","","","063-471-8321","","573-390","전북특별자치도 군산시 지곡동 555-6","전북특별자치도 군산시 의료원로 34 (지곡동)","54104","건강일등약국","2026-01-02 13:37:03","U","2026-01-04 02:40:00","","173931.452288945","272868.990870448","172","20081031",
"54","약국","01_01_06_P","4050000","PHMD120234050149084000005","2023-05-16","","03","폐업","03","폐업","2025-12-31","","","","0312648756","","","경기도 용인시 수지구 상현동 254-9 나래빌딩","경기도 용인시 수지구 상현로 114, 나래빌딩 103호 (상현동)","16930","별빛약국","2026-01-02 16:31:35","U","2026-01-04 02:40:00","","207413.508279365","422801.305623025","36.82","20230516",
"55","약국","01_01_06_P","3330000","PHMD120163330024084000001","2020-05-01","","01","영업/정상","13","영업중","","","","","051-784-8999","","","부산광역시 해운대구 재송동 1094번지 29호","부산광역시 해운대구 해운대로 133 (재송동)","48055","소나무약국","2026-01-02 16:08:06","U","2026-01-04 02:40:00","","393154.982660292","189403.474258719","56.7","20200501",
"56","약국","01_01_06_P","4060000","PHMD120204060023084000009","2020-03-31","","01","영업/정상","13","영업중","","","","","031-947-3304","","","경기도 파주시 광탄면 용미리 327번지 3호","경기도 파주시 광탄면 혜음로 495","10955","광탄동화약국","2026-01-02 13:41:56","U","2026-01-04 02:40:00","","189379.132587449","470460.405730628","90","20200331",
"57","약국","01_01_06_P","4671000","PHMD120244671044084000002","2024-03-08","","01","영업/정상","13","영업중","","","","","063-462-0555","","","전북특별자치도 군산시 지곡동 136-1","전북특별자치도 군산시 계산로 51, 109호 (지곡동)","54106","봄봄약국","2026-01-02 14:06:01","U","2026-01-04 02:40:00","","173737.415385719","272472.463759274","88.2","20240308",
"58","약국","01_01_06_P","3740000","PHMD120163740106084000003","2016-01-26","","01","영업/정상","13","영업중","","","","","0312131442","","","","경기도 수원시 영통구 대학로 56 (이의동)","16226","광교 백두산 온누리 약국","2026-01-02 11:13:38","U","2026-01-04 02:40:00","","203939.95637886","422092.505028437","45.88","20160126",
"59","약국","01_01_06_P","5530000","PHMD120205530021084000004","2020-03-30","","01","영업/정상","13","영업중","","","","","031-302-0439","","","경기도 화성시 장지동 971번지 1호","경기도 화성시 동탄대로4길 39, 포트센트럴파크 104호 (장지동)","18506","서연센트럴약국","2026-01-02 14:50:01","U","2026-01-04 02:40:00","","209721.874407526","406673.380942227","49.5","20200330",
"60","약국","01_01_06_P","3780000","PHMD120093780064084000001","2009-01-02","","01","영업/정상","13","영업중","","","","","622-1100","","463-828","경기도 성남시분당구 야탑동 358번지 2호 아미고타워 303-1호","경기도 성남시 분당구 야탑로81번길 10, 303-1호 (야탑동, 아미고타워)","13497","21세기분당종로약국","2026-01-02 10:07:57","U","2026-01-04 02:40:00","","211279.67","434316.175","37.27","20090102",
"61","약국","01_01_06_P","3000000","PHMD120203000034084000012","2020-09-15","","01","영업/정상","13","영업중","","","","","02-763-7639","","","서울특별시 종로구 연건동 110-1 101호, 201호","서울특별시 종로구 대학로5길 35, 101호, 201호 (연건동)","03082","교회옆약국","2026-01-02 11:00:55","U","2026-01-04 02:40:00","","199988.091498626","452967.930180689","71.9","20200915",
"62","약국","01_01_06_P","3120000","PHMD120253120033084000005","2025-05-01","","01","영업/정상","13","영업중","","","","","","","","서울특별시 서대문구 홍제동 82 홍제한양아파트","서울특별시 서대문구 통일로25길 30, 제상가동 제2층 201호 (홍제동, 홍제한양아파트)","03730","한양약국","2026-01-02 11:36:37","U","2026-01-04 02:40:00","","195259.429272709","453430.811542203","30.4","20250501",
"63","약국","01_01_06_P","3170000","PHMD120223170035084000005","2022-08-01","","01","영업/정상","13","영업중","","","","","02-802-8788","","","","서울특별시 금천구 시흥대로26길 9(시흥동)","08652","다보약국","2026-01-02 10:43:49","U","2026-01-04 02:40:00","","191459.522639876","437752.098773321","106.5","20220801",
"64","약국","01_01_06_P","3860000","PHMD120193860384084000015","2019-06-26","","03","폐업","03","폐업","2025-12-31","","","","070-8839-1104","","","경기도 부천시 소사구 옥길동 744번지 5호","경기도 부천시 소사구 옥길로 110-7, 1층 106호 (옥길동)","14786","서울바른약국","2026-01-02 10:46:08","U","2026-01-04 02:40:00","","184288.81369549","440524.019086913","46.08","20190626",
"65","약국","01_01_06_P","5350000","PHMD120185350029084000008","2018-06-01","","01","영업/정상","13","영업중","","","","","055-343-7277","","","경상남도 김해시 진영읍 여래리 700번지 149호","경상남도 김해시 진영읍 여래로 21, 102호","50864","진영우리약국","2026-01-02 11:36:12","U","2026-01-04 02:40:00","","357735.533516104","201931.772889841","68.1","20180601",
"66","약국","01_01_06_P","3100000","PHMD120123100034084000015","2012-08-17","","01","영업/정상","13","영업중","","","","","931-5355","","139-722","서울특별시 노원구 상계동 723번지 KT노원플라자 별관 1층","서울특별시 노원구 노해로 502, 1층 (상계동, KT노원플라자별관)","01752","좋은약국","2026-01-02 10:48:31","U","2026-01-04 02:40:00","","205550.908407551","461343.062226682","42.17","20120817",
"67","약국","01_01_06_P","3030000","PHMD120033030033084000003","2003-04-16","","03","폐업","03","폐업","2026-01-02","","","","02-2292-9231","","133-871","서울특별시 성동구 행당1동 19번지 54호","서울특별시 성동구 마조로 17 (행당동)","04760","한양약국","2026-01-02 15:12:23","U","2026-01-04 02:40:00","","203512.949927348","450799.537553394","0","20030416",
"68","약국","01_01_06_P","3010000","PHMD120083010033084000004","2008-04-25","","02","휴업","02","휴업","","2026-01-02","2026-02-28","","02-777-0505","","100-011","서울특별시 중구 충무로1가 25번지 9호","서울특별시 중구 명동8나길 49 (충무로1가)","04535","명동중앙약국","2026-01-02 11:37:29","U","2026-01-04 02:40:00","","198353.066587345","450971.489112471","34.15","20080425",
"69","약국","01_01_06_P","5570000","PHMD120185570012084000001","2018-06-08","","01","영업/정상","13","영업중","","","","","0438388757","","","충청북도 증평군 증평읍 신동리 71번지","충청북도 증평군 증평읍 역전로 53","27930","유일약국","2026-01-02 11:23:12","U","2026-01-04 02:40:00","","251815.459840351","364653.743120422","50","20180608",
"70","약국","01_01_06_P","3180000","PHMD120203180034084000020","2020-12-18","","01","영업/정상","13","영업중","","","","","02-2633-3669","","","서울특별시 영등포구 당산동6가 339-4","서울특별시 영등포구 양평로 68, DN빌딩 1층 (당산동6가)","07222","수성약국","2026-01-02 13:17:41","U","2026-01-04 02:40:00","","191046.720915509","448126.220291917","32","20201218",
"71","약국","01_01_06_P","3540000","PHMD120213540021084000001","2021-01-28","","01","영업/정상","13","영업중","","","","","070-7788-7582","","","인천광역시 부평구 부개동 496-20 태성프라자 104호","인천광역시 부평구 길주남로 157, 태성프라자 104호 (부개동)","21345","착한약국","2026-01-02 14:53:16","U","2026-01-04 02:40:00","","176882.556487961","444674.098221859","23.7","20210128",
"72","약국","01_01_06_P","3100000","PHMD120223100034084000010","2022-05-30","","03","폐업","03","폐업","2026-01-02","","","","02-931-6528","","","서울특별시 노원구 중계동 359-14 원광빌딩","서울특별시 노원구 중계로 218, 원광빌딩 1층 102호 (중계동)","01714","중계상록수약국","2026-01-02 11:27:27","U","2026-01-04 02:40:00","","206637.892930184","460946.518479375","52.5","20220530",
"73","약국","01_01_06_P","4681000","PHMD120204680066084000006","2020-04-03","","01","영업/정상","13","영업중","","","","","","","","전북특별자치도 익산시 신동 787번지 1호","전북특별자치도 익산시 익산대로68길 42 (신동)","54645","청년약국","2026-01-03 13:23:31","U","2026-01-05 02:40:00","","196138.792419718","273507.073570421","29","20200403",
"74","약국","01_01_06_P","3530000","PHMD120253530019084000009","2025-12-24","","01","영업/정상","13","영업중","","","","","032-431-4821","","","인천광역시 남동구 논현동 673-2 씨티짱","인천광역시 남동구 앵고개로934번길 5, 씨티짱 1층 112호 (논현동)","21673","늘봄약국","2026-01-05 11:17:07","I","2026-01-07 00:20:36","","176478.846172335","433338.894253817","50.43","20251224",
"75","약국","01_01_06_P","4390000","PHMD120264390029084000001","2026-01-05","","01","영업/정상","13","영업중","","","","","","","","충청북도 충주시 칠금동 855","충청북도 충주시 봉계1길 58, 1층 (칠금동)","27361","곰약국","2026-01-05 13:56:07","I","2026-01-07 00:20:36","","281475.822678001","387034.093222287","100","20260105",
"76","약국","01_01_06_P","3430000","PHMD120193430019084000005","2019-02-25","","03","폐업","03","폐업","2026-01-01","","","","053-352-0085","","","대구광역시 서구 원대동3가 1367번지 3호","대구광역시 서구 팔달로 176, 1층 (원대동3가)","41716","행운약국","2026-01-05 13:30:31","U","2026-01-07 02:40:00","","341615.713225319","266493.270800116","33","20190225",
"77","약국","01_01_06_P","5590000","PHMD120145590021084000002","2014-03-26","","01","영업/정상","13","영업중","","","","","031-858-4575","","482-060","경기도 양주시 덕정동 208번지 1호 해밀프라자 209호","경기도 양주시 회정로 120, 209호 (덕정동)","11456","연세진약국","2026-01-05 20:45:34","U","2026-01-07 02:40:00","","205784.864369849","481630.587568533","44.96","20140326",
"78","약국","01_01_06_P","3220000","PHMD120193220033084000023","2019-04-24","","03","폐업","03","폐업","2025-12-28","","","","","","","서울특별시 강남구 수서동 716번지 사이룩스오피스텔 서관동 1층 101호","서울특별시 강남구 광평로 295, 사이룩스오피스텔 서관동 1층 101호 (수서동)","06349","수서홍약국","2026-01-05 13:28:48","U","2026-01-07 02:40:00","","209144.783150288","442922.611326787","31","20190424",
"79","약국","01_01_06_P","4301000","PHMD120164300012084000007","2016-12-20","","01","영업/정상","13","영업중","","","","","033-458-0828","","","","강원특별자치도 철원군 서면 와수로 162-2 (와수리 약국)","24058","와수리온누리약국","2026-01-05 17:48:33","U","2026-01-07 02:40:00","","238280.298177478","526218.047529898","64","20161220",
"80","약국","01_01_06_P","4950000","PHMD120244950018084000001","2024-11-07","","02","휴업","02","휴업","","2025-05-01","2026-12-31","","061-284-8800","","","전라남도 무안군 삼향읍 남악리 2308 102호","전라남도 무안군 삼향읍 남악로 243, 102호","58567","최고약국","2026-01-05 15:21:57","U","2026-01-07 02:40:00","","150987.049654908","145404.254300265","138","20241107",
"81","약국","01_01_06_P","3600000","PHMD120023600020084000005","2002-04-22","","03","폐업","03","폐업","2026-01-01","","","","062-383-8884","","","광주광역시 서구 치평동 1239 롯데마트","광주광역시 서구 시청로 40, 1층 (치평동)","61948","마트약국","2026-01-05 11:11:32","U","2026-01-07 02:40:00","","186476.010874769","183702.292924632","28.4","20020422",
"82","약국","01_01_06_P","4510000","PHMD120204510030084000001","2020-01-01","","03","폐업","03","폐업","2026-01-06","","","","041-933-0092","","","충청남도 보령시 죽정동 669번지 5호","충청남도 보령시 지장골길 69 (죽정동)","33443","팜플러스약국","2026-01-05 19:59:30","U","2026-01-07 02:40:00","","164271.662860801","317632.333706849","41.87","20200101",
"83","약국","01_01_06_P","3710000","PHMD120223710033084000002","2022-03-31","","01","영업/정상","13","영업중","","","","","","","","울산광역시 동구 전하동 779 스위첸 웰츠타워 1차 상가동 405호","울산광역시 동구 방어진순환도로 863(전하동, 스위첸 웰츠타워 1차)","44033","건강백세약국","2026-01-05 09:27:36","U","2026-01-07 02:40:00","","420342.624791293","226962.780182974","117","20220331",
"84","약국","01_01_06_P","3340000","PHMD120073340025084000008","2007-06-15","","01","영업/정상","13","영업중","","","","","051-206-4422","","","부산광역시 사하구 신평동 589-2","부산광역시 사하구 하신번영로 199, 1층 (신평동)","49431","하남우리들약국","2026-01-05 13:05:49","U","2026-01-07 02:40:00","","378513.090586414","179501.049341468","99.12","20070615",
"85","약국","01_01_06_P","4060000","PHMD120234060477084000003","2023-05-04","","01","영업/정상","13","영업중","","","","","031-952-5700","","","경기도 파주시 문산읍 당동리 904","경기도 파주시 문산읍 방촌로 1675-22","10816","가까운 약국","2026-01-05 17:32:45","U","2026-01-07 02:40:00","","180700.192616853","484643.845173095","64.25","20230504",
"86","약국","01_01_06_P","3910000","PHMD120243910165084000004","2024-05-23","","01","영업/정상","13","영업중","","","","","031-6192-0310","","","경기도 평택시 고덕동 1695 삼성전자(주) 평택캠퍼스","경기도 평택시 삼성로 114, 삼성전자(주) 평택캠퍼스 사무3동 2층 (고덕동)","17786","삼동약국","2026-01-05 15:03:36","U","2026-01-07 02:40:00","","205276.542163998","392561.65560657","43.2","20240523",
"87","약국","01_01_06_P","3250000","PHMD119993250021084000001","1999-12-28","","01","영업/정상","13","영업중","","","","","051-441-8275","","600-025","부산광역시 중구 동광동5가 15번지 78호","부산광역시 중구 동영로 9-2 (동광동5가)","48918","메리놀약국","2026-01-05 15:36:56","U","2026-01-07 02:40:00","","385325.286704541","180675.864874955","48.76","19991228",
"88","약국","01_01_06_P","3340000","PHMD120253340025084000004","2025-11-28","","01","영업/정상","13","영업중","","","","","051-208-2229","","","","부산광역시 사하구 낙동대로 214-1, 1층 102호 (괴정동)","49338","다솜약국","2026-01-05 11:27:53","U","2026-01-07 02:40:00","","381683.180237749","179741.922080363","26.72","20251128",
"89","약국","01_01_06_P","4080000","PHMD120124080023084000006","2022-01-03","","01","영업/정상","13","영업중","","","","","672-2739","","","경기도 안성시 당왕동 544-4","경기도 안성시 대학로 65 (당왕동)","17570","늘푸른 온누리 약국","2026-01-05 09:14:13","U","2026-01-07 02:40:00","","223622.76655099","390320.874563246","55.8","20220103",
"90","약국","01_01_06_P","3240000","PHMD119813240033084000005","1981-11-04","","01","영업/정상","13","영업중","","","","","02-478-9587","","134-851","서울특별시 강동구 성내동 553번지 20호","서울특별시 강동구 성내로 4 (성내동)","05398","강동새로운약국","2026-01-05 11:26:10","U","2026-01-07 02:40:00","","210641.175203495","447579.166945103","24.8","19811104",
"91","약국","01_01_06_P","3050000","PHMD120253050034084000013","2025-07-17","","01","영업/정상","13","영업중","","","","","02-6449-7004","","","서울특별시 동대문구 이문동 305-59 1층","서울특별시 동대문구 휘경로 12, 1층 (이문동)","02441","든든약국","2026-01-05 12:22:56","U","2026-01-07 02:40:00","","205341.673793045","454835.667578621","22.49","20250717",
"92","약국","01_01_06_P","4681000","PHMD120134680066084000001","2013-01-03","","01","영업/정상","13","영업중","","","","","063-832-0760","","","전북특별자치도 익산시 영등동 852번지 4호","전북특별자치도 익산시  무왕로  1101 (영등동)","","보람찬약국","2026-01-05 10:13:14","U","2026-01-07 02:40:00","","198055.465580833","273173.172547794","72","20130103",
"93","약국","01_01_06_P","4400000","PHMD119804400020084000001","1980-06-25","","01","영업/정상","13","영업중","","","","","043-648-5129","","","충청북도 제천시 수산면 수산리 597-9","충청북도 제천시 수산면 월악로26길 52-1","27220","수산약국","2026-01-05 09:04:58","U","2026-01-07 02:40:00","","305283.058264221","381977.60820381","33","19800625",
"94","약국","01_01_06_P","3090000","PHMD120173090033084000008","2017-04-18","","01","영업/정상","13","영업중","","","","","02-900-2055","","","서울특별시 도봉구 창동 661번지 38호 1층 102호","서울특별시 도봉구 도봉로 496, 1층 102호 (창동)","01453","참좋은약국","2026-01-05 10:02:43","U","2026-01-07 02:40:00","","203084.15164045","460814.414238496","45.03","20170418",
"95","약국","01_01_06_P","4490000","PHMD120264490260084000001","2026-01-06","","01","영업/정상","13","영업중","","","","","041-572-8399","","","충청남도 천안시 동남구 봉명동 208-3","충청남도 천안시 동남구 봉명로 58 (봉명동)","31151","메가센트럴약국","2026-01-06 10:04:11","I","2026-01-09 00:20:01","","211976.663648754","367289.597631146","446.67","20260106",
"96","약국","01_01_06_P","4510000","PHMD120264510030084000001","2026-01-07","","01","영업/정상","13","영업중","","","","","041-933-0092","","","충청남도 보령시 죽정동 669-5","충청남도 보령시 지장골길 69, 101호 (죽정동)","33443","팜플러스 약국","2026-01-07 11:50:49","I","2026-01-09 00:20:01","","164271.662860801","317632.333706849","41.87","20260107",
"97","약국","01_01_06_P","4050000","PHMD120264050149084000001","2026-01-06","","01","영업/정상","13","영업중","","","","","","","","경기도 용인시 수지구 성복동 33-1 수지 골드프라자1","경기도 용인시 수지구 성복2로 17, 수지 골드프라자1 114-1호 (성복동)","16860","성복나은약국","2026-01-06 11:16:34","I","2026-01-09 00:20:01","","207127.809553669","423202.488409925","60.28","20260106",
"98","약국","01_01_06_P","3460000","PHMD120263460023084000001","2026-01-07","","01","영업/정상","13","영업중","","","","","","","","대구광역시 수성구 신매동 224-4","대구광역시 수성구 달구벌대로 3250, 103호 (신매동)","42277","기쁨약국","2026-01-07 13:29:36","I","2026-01-09 00:20:01","","354562.880456567","261161.23834989","36.3","20260107",
"99","약국","01_01_06_P","3940000","PHMD120263940140084000001","2026-01-07","","01","영업/정상","13","영업중","","","","","","","","경기도 고양시 일산서구 일산동 955 아카메디","경기도 고양시 일산서구 고양대로 632, 아카메디 1층 106,117호 (일산동)","10352","다올약국","2026-01-07 16:12:20","I","2026-01-09 00:20:01","","179311.215713947","464812.311698401","99.38","20260107",
"100","약국","01_01_06_P","3510500","PHMD120263510513084000001","2026-01-12","","01","영업/정상","13","영업중","","","","","032-874-0888","","","인천광역시 미추홀구 주안동 24-68","인천광역시 미추홀구 염창로 51, 1층 103호 (주안동)","22128","주안팔팔약국","2026-01-07 16:16:02","I","2026-01-09 00:20:01","","171575.834730522","440469.450301891","31.1","20260112",
"101","약국","01_01_06_P","3490000","PHMD120253490019084000004","2025-12-30","","01","영업/정상","13","영업중","","","","","","","","","인천광역시 중구 차이나타운로 52, 1층 1호 (북성동2가)","22312","니하오안녕약국","2026-01-06 17:52:29","I","2026-01-09 00:20:01","","166200.721714584","441499.769640636","216.73","20251230",
"102","약국","01_01_06_P","4520000","PHMD120044520031084000004","2004-05-20","","02","휴업","02","휴업","","2026-01-07","2026-02-28","","041-545-2284","","","충청남도 아산시 모종동 566번지 12호","충청남도 아산시 삼동로40번길 33 (모종동)","31521","아산약국","2026-01-07 11:47:16","U","2026-01-09 02:40:00","","201241.052791637","364648.719332871","49.6","20040520",
"103","약국","01_01_06_P","3520000","PHMD120133520019084000001","2013-02-28","","01","영업/정상","13","영업중","","","","","032-817-9082","","406-819","인천광역시 연수구 연수동 634번지 우성2차@상가 101호","인천광역시 연수구 원인재로 180, 101호 (연수동, 연수우성2차아파트상가)","21931","봄빛약국","2026-01-06 10:37:28","U","2026-01-09 02:40:00","","172046.025602008","434468.611547525","37.34","20130228",
"104","약국","01_01_06_P","4520000","PHMD120174520031084000020","2017-10-30","","03","폐업","03","폐업","2025-12-31","","","","041-548-4292","","","충청남도 아산시 배방읍 북수리 1449번지","충청남도 아산시 배방읍 북수로 103, 1층","31491","노벨약국","2026-01-07 11:47:37","U","2026-01-09 02:40:00","","206376.324367875","363628.683180266","61.04","20171030",
"105","약국","01_01_06_P","5590000","PHMD120115590021084000004","2011-02-18","","03","폐업","03","폐업","2026-01-07","","","","031-836-7205","","482-844","경기도 양주시 광적면 석우리 720번지 5호","경기도 양주시 광적면 가래비길 148","11419","아침향기약국","2026-01-07 17:06:10","U","2026-01-09 02:40:00","","198458.830901622","480460.010722368","63.37","20110218",
"106","약국","01_01_06_P","4060000","PHMD120194060023084000007","2019-04-18","","01","영업/정상","13","영업중","","","","","031-943-2729","","","경기도 파주시 금촌동 237번지 1호","경기도 파주시 새꽃로 62, 107호 (금촌동)","10926","베스트소망약국","2026-01-07 11:44:43","U","2026-01-09 02:40:00","","179569.724366396","472580.265825203","54.39","20190418",
"107","약국","01_01_06_P","4170000","PHMD120124170019084000003","2012-03-12","","01","영업/정상","13","영업중","","","","","031-775-7273","","","","경기도 양평군 양평읍 시민로 40","12561","신우리약국","2026-01-07 10:13:30","U","2026-01-09 02:40:00","","243799.953542541","443225.810142543","67.1","20120312",
"108","약국","01_01_06_P","4060000","PHMD120174060023084000011","2017-08-21","","01","영업/정상","13","영업중","","","","","031-957-7582","","","경기도 파주시 금촌동 988-8 금촌크리닉센터 109,110호","경기도 파주시 새꽃로 27, 금촌크리닉센터 109,110호 (금촌동)","10915","나은약국","2026-01-06 15:02:02","U","2026-01-09 02:40:00","","179514.147452588","472240.187407436","53.6","20170821",
"109","약국","01_01_06_P","4060000","PHMD120074060023084000011","2007-10-22","","01","영업/정상","13","영업중","","","","","031-947-0309","","","경기도 파주시 광탄면 신산리 575-14","경기도 파주시 광탄면 등원로 526, 1층 3호","10948","중앙당약국","2026-01-07 11:05:43","U","2026-01-09 02:40:00","","186320.645761247","475558.8776637","66.32","20071022",
"110","약국","01_01_06_P","3460000","PHMD120193460023084000021","2019-10-28","","01","영업/정상","13","영업중","","","","","053-217-6933","","","대구광역시 수성구 범물동 1321-1","대구광역시 수성구 범안로 70, 1층 (범물동)","42241","용지봉약국","2026-01-06 11:24:18","U","2026-01-09 02:40:00","","348657.046329215","258788.02115363","39","20191028",
"111","약국","01_01_06_P","3220000","PHMD120223220033084000006","2022-02-23","","03","폐업","03","폐업","2025-12-31","","","","02-2088-2851","","","서울특별시 강남구 신사동 547-2","서울특별시 강남구 가로수길 78, 1층 (신사동)","06029","밍약국","2026-01-07 13:01:28","U","2026-01-09 02:40:00","","201942.124829253","446761.12623739","26.4","20220223",
"112","약국","01_01_06_P","3730000","PHMD120173730017084000004","2017-05-29","","01","영업/정상","13","영업중","","","","","052-211-8418","","","","울산광역시 울주군 범서읍 천상중앙길 80","44928","천상약국","2026-01-07 16:05:07","U","2026-01-09 02:40:00","","401907.614524927","231542.624183339","48.55","20170529",
"113","약국","01_01_06_P","4820000","PHMD120004820026084000009","1996-12-24","","01","영업/정상","13","영업중","","","","","723-6669","","","전라남도 순천시 조례동 839번지 3호","전라남도 순천시 봉화3길 14 (조례동)","57934","명성온누리약국","2026-01-07 11:33:34","U","2026-01-09 02:40:00","","247416.541791859","162837.091534413","132","19961224",
"114","약국","01_01_06_P","5050000","PHMD120245050041084000001","2024-01-05","","01","영업/정상","13","영업중","","","","","054-776-9927","","","경상북도 경주시 석장동 1108-4","경상북도 경주시 동대로 112 (석장동)","38067","보은약국","2026-01-07 17:52:50","U","2026-01-09 02:40:00","","398344.017521256","264347.388149804","116.45","20240105",
"115","약국","01_01_06_P","3640000","PHMD120243640023084000002","2024-04-18","","01","영업/정상","13","영업중","","","","","042-622-0366","","","대전광역시 동구 용전동 51-1","대전광역시 동구 한밭대로 1254, 1층 (용전동)","34543","365열린약국","2026-01-06 11:03:55","U","2026-01-09 02:40:00","","239056.731602686","317296.780448572","43.1","20240418",
"116","약국","01_01_06_P","3940000","PHMD120243940138084000003","2024-05-14","","02","휴업","02","휴업","","2026-01-05","2026-05-16","","0319661303","","","경기도 고양시 덕양구 원흥동 728","경기도 고양시 덕양구 서오릉로 640, 101(일부)호 (원흥동)","10550","유진약국","2026-01-07 09:26:55","U","2026-01-09 02:40:00","","188679.370629719","459304.482786154","30","20240514",
"117","약국","01_01_06_P","3290000","PHMD120053290024084000004","2005-05-03","","03","폐업","03","폐업","2026-01-01","","","","051-808-5002","","614-844","부산광역시 부산진구 부전동 83번지","부산광역시 부산진구 중앙대로 770 (부전동)","47244","푸른약국","2026-01-06 15:56:26","U","2026-01-09 02:40:00","","387811.305023568","186582.282898676","19.8","20050503",
"118","약국","01_01_06_P","3250000","PHMD120123250021084000002","2012-04-10","","01","영업/정상","13","영업중","","","","","051-245-1081","","600-818","부산광역시 중구 창선동2가 21번지 2호 3,4,6번지","부산광역시 중구 광복로 33 (창선동2가)","48946","세명약국","2026-01-06 10:21:19","U","2026-01-09 02:40:00","","384923.565817085","179708.747800094","172.5","20120410",
"119","약국","01_01_06_P","3740000","PHMD120233740033084000002","2023-01-19","","01","영업/정상","13","영업중","","","","","031-225-6066","","","경기도 수원시 팔달구 인계동 1124 한국교직원공제회 경기회관","경기도 수원시 팔달구 권광로 178, 한국교직원공제회 경기회관 102호 (인계동)","16488","수원약국","2026-01-06 17:20:00","U","2026-01-09 02:40:00","","202867.593879545","417926.366209221","86.27","20230119",
"120","약국","01_01_06_P","5380000","PHMD120235380021084000001","2023-01-02","","01","영업/정상","13","영업중","","","","","055-365-4100","","","경상남도 양산시 동면 내송리 0","경상남도 양산시 동면 내송내안2길 29, 1층 104호","50644","내송드림약국","2026-01-07 13:53:58","U","2026-01-09 02:40:00","","","","0","20230102",
"121","약국","01_01_06_P","5670000","PHMD120165670066084000019","2016-11-07","","01","영업/정상","13","영업중","","","","","055-242-8275","","","경상남도 창원시 마산합포구 장군동4가 26번지 86호","경상남도 창원시 마산합포구 완월동15길 15 (장군동4가, 청원그린빌라)","51264","새한독약국","2026-01-07 09:22:14","U","2026-01-09 02:40:00","","342567.848783187","190065.822732018","63","20161107",
"122","약국","01_01_06_P","5130000","PHMD120255130030084000003","2025-07-01","","01","영업/정상","13","영업중","","","","","053-255-6151","","","경상북도 경산시 와촌면 소월리 31-1","경상북도 경산시 와촌면 금송로 405","38412","와촌경북약국","2026-01-07 17:08:34","U","2026-01-09 02:40:00","","365553.671757835","273230.947650608","150","20250701",
"123","약국","01_01_06_P","3940000","PHMD120063940140084000092","2006-02-17","","03","폐업","03","폐업","2026-01-07","","","","031 975 0401","","","경기도 고양시 일산서구 일산2동637-27외1필지","경기도 고양시 일산서구 고양대로675번길 8 (일산동)","10342","열린큰사랑약국","2026-01-07 16:11:15","U","2026-01-09 02:40:00","","179773.085514343","464708.159538153","24.01","20060217",
"124","약국","01_01_06_P","3300000","PHMD120253300024084000001","2025-02-20","","01","영업/정상","13","영업중","","","","","0518668020","","","부산광역시 동래구 안락동 437-12","부산광역시 동래구 충렬대로 385, 1층 (안락동)","47797","겸애약국","2026-01-07 15:45:43","U","2026-01-09 02:40:00","","391251.204890444","190704.959397672","50","20250220",
"125","약국","01_01_06_P","3120000","PHMD120173120033084000017","2017-09-28","","01","영업/정상","13","영업중","","","","","02-336-3667","","","서울특별시 서대문구 창천동 72번지 12호","서울특별시 서대문구 신촌로 73, 1층 (창천동, 거화빌딩)","03789","행복가득약국","2026-01-07 10:21:43","U","2026-01-09 02:40:00","","194170.408172645","450453.360532061","15.22","20170928",
"126","약국","01_01_06_P","3060000","PHMD120173060034084000002","2017-01-02","","01","영업/정상","13","영업중","","","","","02-432-6641","","","서울특별시 중랑구 면목동 473번지 16호","서울특별시 중랑구 사가정로 395 (면목동)","02214","드림약국","2026-01-07 10:09:38","U","2026-01-09 02:40:00","","207761.604066557","453177.187155618","36","20170102",
"127","약국","01_01_06_P","3120000","PHMD119933120033084000001","1993-04-03","","01","영업/정상","13","영업중","","","","","02-335-2313","","","서울특별시 서대문구 연희동 702-13 1층 103호","서울특별시 서대문구 증가로 84, 1층 103호 (연희동)","03695","명신당약국","2026-01-07 10:36:37","U","2026-01-09 02:40:00","","193489.683567114","452522.453101847","38.8","19930403",
"128","약국","01_01_06_P","3120000","PHMD120083120033084000012","2008-11-05","","01","영업/정상","13","영업중","","","","","02-312-5103","","120-160","서울특별시 서대문구 대신동 16번지 21호","서울특별시 서대문구 성산로 486 (대신동)","03765","위드팜신촌약국","2026-01-07 10:40:54","U","2026-01-09 02:40:00","","194739.549647853","450940.52900625","171.74","20081105",
"129","약국","01_01_06_P","3740000","PHMD120253740033084000001","2025-01-24","","01","영업/정상","13","영업중","","","","","031-239-7774","","","경기도 수원시 팔달구 인계동 1033","경기도 수원시 팔달구 인계로108번길 31, 107,108,109호 (인계동)","16489","인계백화점약국","2026-01-06 16:17:42","U","2026-01-09 02:40:00","","202512.374365321","418268.742363655","203.17","20250124",
"130","약국","01_01_06_P","3160000","PHMD120263160034084000001","2026-01-08","","01","영업/정상","13","영업중","","","","","","","","서울특별시 구로구 신도림동 400-3 엘림빌딩","서울특별시 구로구 신도림로 2, 엘림빌딩 1층 102호 (신도림동)","08212","상상약국","2026-01-08 15:50:48","I","2026-01-10 00:20:07","","189078.445478987","444826.551842007","24.36","20260108",
"131","약국","01_01_06_P","5530000","PHMD120265530507084000001","2026-01-07","","01","영업/정상","13","영업중","","","","","031-235-6119","","","","경기도 화성시 효행로 1337-23 (반월동, e편한세상 반월 나노시티역)","18383","아이온누리약국","2026-01-08 17:17:08","I","2026-01-10 00:20:07","","205354.311885065","413724.701543383","39.6","20260107",
"132","약국","01_01_06_P","4181000","PHMD120264181030084000001","2026-01-08","","01","영업/정상","13","영업중","","","","","033-257-5789","","","강원특별자치도 춘천시 동면 만천리 632-17","강원특별자치도 춘천시 동면 춘천순환로 446","24213","춘천메디타운약국","2026-01-08 16:28:14","I","2026-01-10 00:20:07","","267464.440597458","486807.752370905","636","20260108",
"133","약국","01_01_06_P","3010000","PHMD120263010033084000001","2026-01-07","","01","영업/정상","13","영업중","","","","","","","","서울특별시 중구 충무로1가 22-9","서울특별시 중구 명동8나길 28-1, 1층 (충무로1가)","04536","충무로 에이트약국","2026-01-08 13:47:09","I","2026-01-10 00:20:07","","198464.198552809","451016.190204612","44.04","20260107",
"134","약국","01_01_06_P","3000000","PHMD120263000034084000001","2026-01-07","","01","영업/정상","13","영업중","","","","","02-766-2055","","","서울특별시 종로구 종로4가 6-4","서울특별시 종로구 종로 197, 1층 (종로4가)","03130","종로더서울약국","2026-01-07 09:36:43","I","2026-01-10 00:20:07","","199890.81381782","452093.260628925","85.45","20260107",
"135","약국","01_01_06_P","4191000","PHMD120254191050084000003","2025-12-18","","01","영업/정상","13","영업중","","","","","033-763-3434","","","강원특별자치도 원주시 태장동 1379-23 북원상가","강원특별자치도 원주시 북원상가길 13, 북원상가 1층 34호 (태장동)","26316","북원우리약국","2026-01-08 14:22:28","I","2026-01-10 00:20:07","","283960.641282355","431787.035435458","30","20251218",
"136","약국","01_01_06_P","4191000","PHMD120264191050084000001","2026-01-06","","01","영업/정상","13","영업중","","","","","033-762-2783","","","강원특별자치도 원주시 단구동 1713-1","강원특별자치도 원주시 오성마을길 57-22, 103호 (단구동)","26400","나나약국","2026-01-08 14:21:18","I","2026-01-10 00:20:07","","283999.416107608","424451.153333608","51.86","20260106",
"137","약국","01_01_06_P","4040000","PHMD120264040023084000001","2026-01-02","","01","영업/정상","13","영업중","","","","","031-8027-6632","","","경기도 하남시 신장동 519-2 코아빌딩","경기도 하남시 대청로 13, 코아빌딩 2층 일부호 (신장동)","12950","다나을약국","2026-01-08 15:36:47","I","2026-01-10 00:20:07","","218811.767633904","448688.614106745","33.06","20260102",
"138","약국","01_01_06_P","3000000","PHMD120133000034084000014","2013-10-29","","01","영업/정상","13","영업중","","","","","02-730-0737","","","서울특별시 종로구 평동 233 경희궁자이 3단지","서울특별시 종로구 경교장길 35, 3137호 (평동, 경희궁자이 3단지)","03180","신서대문대학약국","2026-01-06 13:40:00","U","2026-01-10 02:40:00","","196931.854196185","451813.489945391","47.3","20131029",
"139","약국","01_01_06_P","3830000","PHMD120233830263084000005","2023-06-29","","01","영업/정상","13","영업중","","","","","031-426-8304","","","경기도 안양시 동안구 관양동 1488-39 인덕원 메트로빌","경기도 안양시 동안구 관악대로 488, 인덕원 메트로빌 308호 (관양동)","13951","한양약국","2026-01-08 10:46:22","U","2026-01-10 02:40:00","","197769.870672596","433321.894200761","57.5","20230629",
"140","약국","01_01_06_P","4590000","PHMD120104590042084000002","2010-05-13","","01","영업/정상","13","영업중","","","","","041-942-7582","","","충청남도 청양군 청양읍 읍내리 234-12","충청남도 청양군 청양읍 칠갑산로7길 51","33327","정성약국","2026-01-07 09:00:25","U","2026-01-10 02:40:00","","182365.373974177","328252.891644338","86.82","20100513",
"141","약국","01_01_06_P","3160000","PHMD120193160034084000011","2019-05-24","","01","영업/정상","13","영업중","","","","","0226157570","","","","서울특별시 구로구 오류로8길 16, 세명프라자 201호 (오류동)","08343","세명약국","2026-01-08 11:24:22","U","2026-01-10 02:40:00","","185924.416468235","443212.428774109","29.5","20190524",
"142","약국","01_01_06_P","5530000","PHMD120245530506084000008","2024-10-14","","01","영업/정상","13","영업중","","","","","","","","경기도 화성시 오산동 1089 동탄역 롯데캐슬","경기도 화성시 동탄역로 160, 동탄역 롯데백화점 동탄점 지하1층 (오산동)","18478","동탄바라기한약국","2026-01-08 15:07:05","U","2026-01-10 02:40:00","","208569.642431686","410949.263462028","42.98","20241014",
"143","약국","01_01_06_P","3610000","PHMD120103610019084000007","2010-08-31","","03","폐업","03","폐업","2026-01-07","","","","681-8989","","","","광주광역시 남구 서문대로701번길 2, 1층 103-2호 (진월동)","61725","하누리약국","2026-01-07 11:08:03","U","2026-01-10 02:40:00","","190635.477936701","180345.157511934","33","20100831",
"144","약국","01_01_06_P","4900000","PHMD120044900013084000001","2004-06-10","","01","영업/정상","13","영업중","","","","","061-375-3676","","","전라남도 화순군 화순읍 일심리 410번지","전라남도 화순군 화순읍 중앙로 171","58115","전남약국","2026-01-08 09:06:57","U","2026-01-10 02:40:00","","199939.962989016","173510.620581716","100","20040610",
"145","약국","01_01_06_P","5530000","PHMD120215530440084000014","2021-12-28","","01","영업/정상","13","영업중","","","","","","","","경기도 화성시 영천동 99-6","경기도 화성시 동탄대로 683, SH스퀘어2 116-1호 (영천동)","18468","동약국","2026-01-08 15:11:31","U","2026-01-10 02:40:00","","208852.766485422","412511.171850892","19.11","20211228",
"146","약국","01_01_06_P","3370000","PHMD120163370022084000012","2016-12-29","","01","영업/정상","13","영업중","","","","","051-868-5523","","","부산광역시 연제구 연산동 787번지 20호","부산광역시 연제구 월드컵대로 17 (연산동)","47603","연산시장약국","2026-01-08 10:08:13","U","2026-01-10 02:40:00","","389932.051183065","188322.049422077","65.75","20161229",
"147","약국","01_01_06_P","3340000","PHMD120013340025084000005","2001-05-04","","01","영업/정상","13","영업중","","","","","051-203-0633","","","부산광역시 사하구 괴정동 998-1","부산광역시 사하구 낙동대로 214(괴정동)","49338","팜약국","2026-01-08 15:08:07","U","2026-01-10 02:40:00","","381696.602043958","179746.820941897","60","20010504",
"148","약국","01_01_06_P","3940000","PHMD120203940139084000002","2020-04-10","","01","영업/정상","13","영업중","","","","","031-904-4123","","","경기도 고양시 일산동구 장항동 891번지 일산법조빌딩","경기도 고양시 일산동구 장백로 212, 일산법조빌딩 1층 일부호 (장항동)","10414","휴베이스명인약국","2026-01-08 18:13:22","U","2026-01-10 02:40:00","","180145.933942359","461268.126485876","162.9","20200410",
"149","약국","01_01_06_P","3740000","PHMD120213740031084000003","2021-12-09","","01","영업/정상","13","영업중","","","","","031-269-9067","","","경기도 수원시 장안구 정자동 950 화서역 파크푸르지오","경기도 수원시 장안구 대평로 27, 201동 214호 (정자동, 화서역 파크푸르지오)","16318","라온약국","2026-01-08 15:50:01","U","2026-01-10 02:40:00","","199460.301398641","420871.789200422","71.07","20211209",
"150","약국","01_01_06_P","5530000","PHMD120255530506084000009","2025-11-11","","01","영업/정상","13","영업중","","","","","031-373-6539","","","경기도 화성시 송동 725-1 더샵 동탄센텀폴리스 2단지","경기도 화성시 동탄대로5길 9, 더샵 동탄센텀폴리스 2단지 1012호 외 7개호 (송동)","18497","동탄메가온누리약국","2026-01-07 15:04:52","U","2026-01-10 02:40:00","","209361.779396358","407341.074013984","273.76","20251111",
"151","약국","01_01_06_P","4181000","PHMD120254181030084000004","2025-12-24","","01","영업/정상","13","영업중","","","","","033-818-0500","","","강원특별자치도 춘천시 동내면 학곡리 396","강원특별자치도 춘천시 동내면 영서로 1832, 1층 101-2호","24408","학곡온누리약국","2026-01-06 09:24:04","U","2026-01-10 02:40:00","","266788.139311053","482241.886625609","26","20251224",
"152","약국","01_01_06_P","5530000","PHMD120255530506084000012","2025-12-12","","01","영업/정상","13","영업중","","","","","031-8043-4481","","","경기도 화성시 석우동 36-1 동탄 삼성쉐르빌","경기도 화성시 큰재봉길 23-11, 동탄 삼성쉐르빌 111,112호 (석우동)","18450","동탄건강약국","2026-01-08 14:52:10","U","2026-01-10 02:40:00","","206951.541808859","412838.056390546","104","20251212",
"153","약국","01_01_06_P","5530000","PHMD120255530506084000010","2025-11-25","","01","영업/정상","13","영업중","","","","","031-376-0356","","","경기도 화성시 오산동 1040-1","경기도 화성시 동탄신리천로 268, 109호 (오산동)","18486","희망찬약국","2026-01-08 14:55:00","U","2026-01-10 02:40:00","","209497.781172803","409091.619082366","33.2","20251125",
"154","약국","01_01_06_P","5530000","PHMD120255530506084000008","2025-10-02","","01","영업/정상","13","영업중","","","","","031-8015-5286","","","경기도 화성시 석우동 31-7","경기도 화성시 삼성1로 144-9, 108호 (석우동)","18450","삼성제일약국","2026-01-08 14:56:48","U","2026-01-10 02:40:00","","206897.518921346","412801.813621207","47.04","20251002",
"155","약국","01_01_06_P","4641000","PHMD120254641062084000007","2025-09-25","","01","영업/정상","13","영업중","","","","","","","","전북특별자치도 전주시 덕진구 송천동2가 1332-2","전북특별자치도 전주시 덕진구 과학로 16 (송천동2가)","55149","365에코1번약국","2026-01-06 11:41:26","U","2026-01-10 02:40:00","","210989.02654013","263513.97328998","80.64","20250925",
"156","약국","01_01_06_P","3650000","PHMD120253650023084000005","2025-09-30","","01","영업/정상","13","영업중","","","","","042-587-0077","","","대전광역시 중구 산성동 121-9 금정빌딩","대전광역시 중구 보문산로 50, 금정빌딩 1층 (산성동)","35079","산성넘버원약국","2026-01-08 15:18:02","U","2026-01-10 02:40:00","","234592.071936213","311576.229470984","33","20250930",
"157","약국","01_01_06_P","3600000","PHMD120253600020084000008","2025-08-06","","01","영업/정상","13","영업중","","","","","062-375-9375","","","광주광역시 서구 치평동 265-1","광주광역시 서구 상무대로 799, 1층 (치평동)","61963","센트럴봄약국","2026-01-08 09:00:22","U","2026-01-10 02:40:00","","186268.492963851","183187.664429812","48","20250806",
"158","약국","01_01_06_P","5530000","PHMD120255530506084000006","2025-09-30","","01","영업/정상","13","영업중","","","","","031-378-9551","","","경기도 화성시 장지동 912-1","경기도 화성시 동탄순환대로 4, 106,107호 (장지동)","18498","아리랑약국","2026-01-08 14:58:47","U","2026-01-10 02:40:00","","208261.445668651","406969.259485437","115.76","20250930",
"159","약국","01_01_06_P","3660000","PHMD120113660023084000021","2011-12-19","","03","폐업","03","폐업","2026-01-11","","","","042-471-7320","","302-829","대전광역시 서구 둔산동 1082번지","대전광역시 서구 둔산로 14, 115호 (둔산동)","35230","상아약국","2026-01-08 09:32:22","U","2026-01-10 02:40:00","","233623.092507383","316881.489263804","14.53","20111219",
"160","약국","01_01_06_P","5530000","PHMD120125530021084000010","2012-03-19","","01","영업/정상","13","영업중","","","","","031-353-5856","","445-915","경기도 화성시 팔탄면 구장리 23번지 1호","경기도 화성시 팔탄면 푸른들판로 670","18527","건강제일약국","2026-01-07 09:32:09","U","2026-01-10 02:40:00","","190621.013623972","407368.26993483","120","20120319",
"161","약국","01_01_06_P","5530000","PHMD120055530021084000006","2005-07-20","","03","폐업","03","폐업","2026-01-08","","","","031-231-1016","","","경기도 화성시 진안동 512번지 1호 비젼월드","경기도 화성시 효행로 990, 비젼월드 108호 (진안동)","18401","신태안약국","2026-01-08 17:19:46","U","2026-01-10 02:40:00","","203164.820809131","412147.458999303","73.12","20050720",
"162","약국","01_01_06_P","5530000","PHMD120115530021084000036","2011-07-27","","01","영업/정상","13","영업중","","","","","070-4406-3852","","445-320","경기도 화성시 능동 1113번지 5호 우리프라자203호","경기도 화성시 동탄지성로 136, 203호 (능동, 우리프라자)","18433","능동키즈약국","2026-01-08 15:13:52","U","2026-01-10 02:40:00","","205316.76547947","411981.724514285","49.5","20110727",
"163","약국","01_01_06_P","3240000","PHMD120213240033084000005","2021-03-29","","01","영업/정상","13","영업중","","","","","02-3426-5384","","","서울특별시 강동구 암사동 502-22 이에스타워","서울특별시 강동구 상암로 31, 이에스타워 1층 (암사동)","05241","바른메디칼약국","2026-01-08 07:05:37","U","2026-01-10 02:40:00","","211165.95995659","449812.95523133","68.34","20210329",
"164","약국","01_01_06_P","5530000","PHMD120185530021084000039","2018-09-17","","01","영업/정상","13","영업중","","","","","070-4143-2700","","","경기도 화성시 반송동 47번지 1호","경기도 화성시 동탄공원로3길 36, 1층 (반송동)","18435","동탄하나약국","2026-01-08 14:15:59","U","2026-01-10 02:40:00","","205473.247429891","411818.424005328","143.07","20180917",
"165","약국","01_01_06_P","3200000","PHMD120223200033084000008","2022-07-14","","03","폐업","03","폐업","2026-01-08","","","","02-6339-9398","","","서울특별시 관악구 신림동 1602-1","서울특별시 관악구 신원로 23, 105호 (신림동)","08774","은약국","2026-01-08 14:58:29","U","2026-01-10 02:40:00","","193558.722989156","442164.620829978","22","20220714",
"166","약국","01_01_06_P","3150000","PHMD120123150037084000020","2012-07-19","","01","영업/정상","13","영업중","","","","","2661-7563","","157-812","서울특별시 강서구 공항동 42번지 22호","서울특별시 강서구 공항대로 34 (공항동)","07623","송정온누리약국","2026-01-08 11:17:42","U","2026-01-10 02:40:00","","183227.963853126","450986.476023762","50.49","20120719",
"167","약국","01_01_06_P","3170000","PHMD119753170035084000001","1975-06-24","","01","영업/정상","13","영업중","","","","","855-9558","","","서울특별시 금천구 독산동 146-1","서울특별시 금천구 시흥대로 471-1 (독산동)","08531","박애약국","2026-01-08 16:01:40","U","2026-01-10 02:40:00","","190923.963679959","441510.743691033","41.04","19750624",
"168","약국","01_01_06_P","3040000","PHMD120003040033084000010","2000-09-20","","01","영업/정상","13","영업중","","","","","469-3363","","143-843","서울특별시 광진구 자양동 45번지 17호","서울특별시 광진구 뚝섬로 496 (자양동)","05085","뉴메디칼약국","2026-01-08 10:21:30","U","2026-01-10 02:40:00","","205695.245621954","448195.920508043","38.5","20000920",
"169","약국","01_01_06_P","5590000","PHMD120235590021084000010","2023-10-11","","01","영업/정상","13","영업중","","","","","031-928-5603","","","경기도 양주시 덕계동 928-7","경기도 양주시 덕계로 132-12, 제이타워 108호,109호 (덕계동)","11444","약사랑온누리약국","2026-01-08 11:05:13","U","2026-01-10 02:40:00","","204818.198656222","479562.802632092","77.62","20231011",
"170","약국","01_01_06_P","3830000","PHMD120243830263084000009","2024-12-30","","01","영업/정상","13","영업중","","","","","031-380-1442","","","경기도 안양시 동안구 호계동 1039-3 킴스아울렛","경기도 안양시 동안구 동안로 119, 킴스아울렛 지하1층 일부호 (호계동)","14073","안양365약국","2026-01-08 10:14:17","U","2026-01-10 02:40:00","","195607.793974827","431900.704084955","9.91","20241230",
"171","약국","01_01_06_P","3010000","PHMD120263010033084000002","2026-01-09","","01","영업/정상","13","영업중","","","","","02-318-1416","","","서울특별시 중구 명동2가 54-30","서울특별시 중구 명동4길 19, 1~3층 (명동2가)","04536","에이트명동1번가약국","2026-01-09 15:52:51","I","2026-01-11 00:20:02","","198506.606542076","451169.659942791","174.44","20260109",
"172","약국","01_01_06_P","4490000","PHMD120144490260084000011","2014-02-24","","01","영업/정상","13","영업중","","","","","041-533-0825","","","충청남도 천안시 동남구 신방동 57-6 신방동새말빌딩","충청남도 천안시 동남구 서부대로 245, 신방동새말빌딩 1층 (신방동)","31176","신방종로약국","2026-01-09 16:32:10","I","2026-01-11 00:20:02","","211401.271157246","365413.49696395","185.09","20140224",
"173","약국","01_01_06_P","3010000","PHMD120143010033084000005","2014-05-19","","03","폐업","03","폐업","2026-01-09","","","","2252-1621","","","서울특별시 중구 신당동 368번지 58호","서울특별시 중구 다산로 114-8, 1층 (신당동)","04597","좋은약국","2026-01-09 16:17:04","U","2026-01-11 02:40:00","","200875.293256646","450173.90940827","50.02","20140519",
"174","약국","01_01_06_P","5590000","PHMD120095590021084000005","2009-05-18","","01","영업/정상","13","영업중","","","","","031-868-1101","","","경기도 양주시 덕계동 694-6 리치마트","경기도 양주시 평화로 1417, 리치마트 1층 일부호 (덕계동)","11442","리치마트약국","2026-01-09 14:26:08","U","2026-01-11 02:40:00","","203847.739204009","479450.728704419","28","20090518",
"175","약국","01_01_06_P","3540000","PHMD120023540021084000012","2002-06-03","","01","영업/정상","13","영업중","","","","","032-501-7545","","","인천광역시 부평구 부평동 549-3","인천광역시 부평구 부평대로 23, 1층 102호 (부평동)","21389","자연약국","2026-01-09 11:14:01","U","2026-01-11 02:40:00","","175396.803778938","443523.443994674","108.22","20020603",
"176","약국","01_01_06_P","3310000","PHMD120143310024084000008","2014-10-01","","01","영업/정상","13","영업중","","","","","051-622-6421","","608-805","부산광역시 남구 대연동 73번지 18호","부산광역시 남구 수영로 299 (대연동)","48434","대학온누리약국","2026-01-09 16:51:16","U","2026-01-11 02:40:00","","391224.21582126","184018.67025578","89.71","20141001",
"177","약국","01_01_06_P","3410000","PHMD120253410023084000012","2025-12-22","","01","영업/정상","13","영업중","","","","","053-262-8946","","","","대구광역시 중구 이천로 237, 1층 (봉산동)","41959","시온약국","2026-01-09 17:10:41","U","2026-01-11 02:40:00","","344357.504884139","263636.780913209","52.57","20251222",
"178","약국","01_01_06_P","5080000","PHMD120255080035084000011","2025-12-23","","01","영업/정상","13","영업중","","","","","054-715-7340","","","경상북도 구미시 원평동 68-1 멀티복합상가","경상북도 구미시 구미중앙로 44, 멀티복합상가 2층 205호 (원평동)","39222","알파약국","2026-01-09 11:10:11","U","2026-01-11 02:40:00","","319433.140075016","292986.790402908","25","20251223",
"179","약국","01_01_06_P","5360000","PHMD120075360021084000002","2007-02-28","","01","영업/정상","13","영업중","","","","","055-352-1314","","627-140","경상남도 밀양시 내일동 389번지","경상남도 밀양시 중앙로 358 (내일동)","50429","배약국","2026-01-09 15:37:34","U","2026-01-11 02:40:00","","359013.33291606","223044.742066349","29.5","20070228",
"180","약국","01_01_06_P","4140000","PHMD120254140020084000002","2025-07-09","","03","폐업","03","폐업","2026-01-13","","","","","","","","경기도 연천군 백학면 두백로 33","11048","백학종점약국","2026-01-09 16:33:16","U","2026-01-11 02:40:00","","192351.639523333","503261.69623967","99.15","20250709",
"181","약국","01_01_06_P","3660000","PHMD120183660023084000020","2018-10-24","","01","영업/정상","13","영업중","","","","","042-486-7009","","","대전광역시 서구 둔산동 1046번지","대전광역시 서구 대덕대로 189 (둔산동)","35230","도담약국","2026-01-09 16:42:21","U","2026-01-11 02:40:00","","233792.927406403","316667.90899688","25.62","20181024",
"182","약국","01_01_06_P","5350000","PHMD120175350029084000013","2017-05-04","","01","영업/정상","13","영업중","","","","","328-0011","","","경상남도 김해시 관동동 1068-7 1층","경상남도 김해시 율하카페길 5-17, 1층 (관동동)","51014","자연담은 민산한약국","2026-01-09 17:10:54","U","2026-01-11 02:40:00","","364527.971147577","187900.438763715","26.4","20170504",
"183","약국","01_01_06_P","4050000","PHMD120264050147084000001","2026-01-12","","01","영업/정상","13","영업중","","","","","031-321-8818","","","경기도 용인시 처인구 포곡읍 둔전리 158","경기도 용인시 처인구 포곡읍 포곡로 121, 1층","17027","고은약국","2026-01-12 16:30:01","I","2026-01-14 00:20:02","","219299.542368824","418712.09701519","63","20260112",
"184","약국","01_01_06_P","3010000","PHMD120263010033084000003","2026-01-09","","01","영업/정상","13","영업중","","","","","","","","서울특별시 중구 명동2가 83-5 Noon Square","서울특별시 중구 명동길 14, Noon Square 1층 (명동2가)","04536","명동 퍼스트 약국","2026-01-12 09:19:10","I","2026-01-14 00:20:02","","198418.741655644","451237.168596152","18.18","20260109",
"185","약국","01_01_06_P","3740000","PHMD120263740033084000001","2026-01-12","","01","영업/정상","13","영업중","","","","","031-237-9207","","","경기도 수원시 팔달구 인계동 1038-3","경기도 수원시 팔달구 권광로 197, 101호 (인계동)","16489","수원대형약국","2026-01-12 15:12:55","I","2026-01-14 00:20:02","","202836.499702032","418142.319944071","495","20260112",
"186","약국","01_01_06_P","3920000","PHMD120263920017084000001","2026-01-12","","01","영업/정상","13","영업중","","","","","0318367205","","","경기도 동두천시 생연동 611-27","경기도 동두천시 동광로 52, 1층 (생연동)","11328","아침향기약국","2026-01-12 09:24:22","I","2026-01-14 00:20:02","","204685.740737981","489533.818670678","33","20260112",
"187","약국","01_01_06_P","3830000","PHMD120263830262084000001","2026-01-09","","01","영업/정상","13","영업중","","","","","031-442-2221","","","경기도 안양시 만안구 안양동 676-214","경기도 안양시 만안구 안양로 297, 1층 102호 (안양동)","14001","안양우리들약국","2026-01-12 10:23:51","I","2026-01-14 00:20:02","","","","76","20260109",
"188","약국","01_01_06_P","3430000","PHMD120263430019084000001","2026-01-07","","01","영업/정상","13","영업중","","","","","053-522-0789","","","대구광역시 서구 평리동 1535-12","대구광역시 서구 국채보상로 161-1, 1층 (평리동)","41768","백화점약국","2026-01-12 09:46:59","I","2026-01-14 00:20:02","","339810.858455188","264372.134196815","330.6","20260107",
"189","약국","01_01_06_P","3430000","PHMD120263430019084000002","2026-01-12","","01","영업/정상","13","영업중","","","","","053-522-0789","","","대구광역시 서구 평리동 1535-12","대구광역시 서구 국채보상로 161-1, 1층 (평리동)","41768","백화점약국","2026-01-12 17:32:22","I","2026-01-14 00:20:02","","339810.858455188","264372.134196815","330.6","20260112",
"190","약국","01_01_06_P","3060000","PHMD120023060034084000007","2002-07-12","","03","폐업","03","폐업","2026-01-12","","","","02-2207-3402","","","서울특별시 중랑구 망우동 355번지 12호","서울특별시 중랑구 망우로71길 39 (망우동)","02059","조은약국","2026-01-12 15:01:47","U","2026-01-14 02:40:00","","208937.171025791","455538.867654047","42","20020712",
"191","약국","01_01_06_P","3300000","PHMD120233300024084000006","2023-06-30","","03","폐업","03","폐업","2026-01-12","","","","051-555-3503","","","부산광역시 동래구 온천동 1853-29","부산광역시 동래구 금정마을로 152, 1층 (온천동)","47719","공감약국","2026-01-12 15:28:04","U","2026-01-14 02:40:00","","","","63.33","20230630",
"192","약국","01_01_06_P","3820000","PHMD120163820050084000003","2016-02-22","","01","영업/정상","13","영업중","","","","","031-841-1942","","","경기도 의정부시 의정부동 235번지 17호","경기도 의정부시 평화로 635 (의정부동, 미림프라자)","11686","국민약국","2026-01-12 15:21:12","U","2026-01-14 02:40:00","","203877.860464049","471799.285751954","52","20160222",
"193","약국","01_01_06_P","4090000","PHMD120124090023084000015","2012-03-22","","01","영업/정상","13","영업중","","","","","031-998-0005","","","경기도 김포시 구래동 6883번지 7호","경기도 김포시 김포한강9로 90, 성현프라자 112호 (구래동)","10071","새봄약국","2026-01-12 11:39:59","U","2026-01-14 02:40:00","","166939.608701573","460317.848530038","41","20120322",
"194","약국","01_01_06_P","4520000","PHMD120194520031084000012","2019-11-25","","01","영업/정상","13","영업중","","","","","041-541-5841","","","충청남도 아산시 온천동 1991번지","충청남도 아산시 아산로 118-3, 1층 103호 (온천동)","31509","온약국","2026-01-12 15:49:57","U","2026-01-14 02:40:00","","199512.80057722","365703.851805628","33.44","20191125",
"195","약국","01_01_06_P","3210000","PHMD120223210034084000001","2022-02-03","","01","영업/정상","13","영업중","","","","","02-598-6335","","","서울특별시 서초구 서초동 1445-4 래미안 서초유니빌","서울특별시 서초구 서초중앙로 26, 2층 221호 (서초동, 래미안 서초유니빌)","06720","소망약국","2026-01-12 09:46:37","U","2026-01-14 02:40:00","","201430.900026124","442500.630366001","46.8","20220203",
"196","약국","01_01_06_P","4201000","PHMD120184200028084000011","2018-10-05","","01","영업/정상","13","영업중","","","","","033-642-5581","","","강원특별자치도 강릉시 홍제동 1031번지 4호","강원특별자치도 강릉시 선수촌로 64-3, 1층 (홍제동)","25522","해담은유진약국","2026-01-12 15:58:54","U","2026-01-14 02:40:00","","364788.423273745","474355.105155646","36.8","20181005",
"197","약국","01_01_06_P","6510000","PHMD120056510098084000001","2005-08-31","","01","영업/정상","13","영업중","","","","","064-784-8434","","695-965","제주특별자치도 제주시 조천읍 함덕리 72-4","제주특별자치도 제주시 조천읍 함와로 40","63334","함덕하나로약국","2026-01-12 15:22:55","U","2026-01-14 02:40:00","","169673.426099339","4523.1427653302","34.56","20050831",
"198","약국","01_01_06_P","5350000","PHMD120245350356084000001","2024-01-05","","01","영업/정상","13","영업중","","","","","055-327-2226","","","경상남도 김해시 대청동 300 롯데마트, 1층","경상남도 김해시 번화1로56번길 15, 롯데마트 1층 (대청동)","51004","파랑새약국","2026-01-12 17:58:55","U","2026-01-14 02:40:00","","363984.907414338","189687.574572712","77.34","20240105",
"199","약국","01_01_06_P","3000000","PHMD120243000034084000003","2024-03-15","","01","영업/정상","13","영업중","","","","","","","","서울특별시 종로구 묘동 20-5 3호선 종로3가역","서울특별시 종로구 돈화문로 지하30, 3호선 종로3가역 지하2층 319-205-4호 (묘동)","03138","종로팔팔온누리약국","2026-01-12 11:42:22","U","2026-01-14 02:40:00","","199214.362022069","452131.74440025","85.68","20240315",
"200","약국","01_01_06_P","3510500","PHMD120243510513084000001","2024-03-15","","01","영업/정상","13","영업중","","","","","032-872-8544","","","인천광역시 미추홀구 학익동 661-1","인천광역시 미추홀구 매소홀로 466, 1층 (학익동)","22223","다정한온누리약국","2026-01-12 18:55:13","U","2026-01-14 02:40:00","","171043.268419145","437518.572474754","24.1","20240315",
"201","약국","01_01_06_P","3680000","PHMD120113680022084000010","2011-12-23","","01","영업/정상","13","영업중","","","","","931-7570","","306-803","대전광역시 대덕구 덕암동 10번지 6호","대전광역시 대덕구 덕암로265번길 25 (덕암동)","34330","영화약국","2026-01-12 13:47:41","U","2026-01-14 02:40:00","","237972.368997333","327137.453301094","40.66","20111223",
"202","약국","01_01_06_P","3200000","PHMD120213200033084000003","2021-08-24","","01","영업/정상","13","영업중","","","","","02-849-7770","","","","서울특별시 관악구 보라매로3길 29, 3층 11호 (봉천동, 해태보라매타워)","08708","나나약국","2026-01-12 11:35:25","U","2026-01-14 02:40:00","","193306.240555398","443221.321009043","45","20210824",
"203","약국","01_01_06_P","5310000","PHMD120185310029084000004","2018-02-09","","01","영업/정상","13","영업중","","","","","055-741-2454","","","경상남도 진주시 장대동 128번지 15호","경상남도 진주시 진양호로 555-1, 1층 (장대동)","52755","대학당약국","2026-01-12 11:08:55","U","2026-01-14 02:40:00","","298849.317161964","188830.745503194","72.73","20180209",
"204","약국","01_01_06_P","3780000","PHMD120133780064084000017","2013-05-31","","01","영업/정상","13","영업중","","","","","031-714-7975","","463-805","경기도 성남시 분당구 금곡동 154번지 미금프라자 106호","경기도 성남시 분당구 돌마로 75, 106호 (금곡동, 미금프라자)","13618","새분당서울약국","2026-01-12 17:56:22","U","2026-01-14 02:40:00","","209712.870686403","427601.150435861","121.16","20130531",
"205","약국","01_01_06_P","3980000","PHMD120173980021084000010","2017-11-14","","03","폐업","03","폐업","2026-01-02","","","","031-565-4577","","","경기도 구리시 교문동 766번지","경기도 구리시 이문안로 31, 204호 (교문동)","11937","윤약국","2026-01-12 17:24:48","U","2026-01-14 02:40:00","","211883.553917781","454545.440884413","38.7","20171114",
"206","약국","01_01_06_P","5600000","PHMD120255600005084000001","2025-02-24","","01","영업/정상","13","영업중","","","","","031-532-2466","","","","경기도 포천시 내촌면 내촌로 60","11189","서울약국","2026-01-12 15:09:17","U","2026-01-14 02:40:00","","219939.509453034","475899.489947461","35.52","20250224",
"207","약국","01_01_06_P","3050000","PHMD120033050034084000004","2003-03-11","","02","휴업","02","휴업","","2026-01-13","2027-01-12","","02-957-9981","","","서울특별시 동대문구 제기동 992번지 37호","서울특별시 동대문구 고산자로38길 18, 1층 (제기동)","02571","우리약국","2026-01-13 11:14:54","U","2026-01-15 02:40:00","","203428.053883877","453066.365976228","16.1","20030311",
"208","약국","01_01_06_P","5710000","PHMD120195710109084000005","2019-09-10","","03","폐업","03","폐업","2026-01-13","","","","043-714-3013","","","충청북도 청주시 청원구 율량동 500번지 3호 홈플러스","충청북도 청주시 청원구 충청대로 114, 홈플러스 (율량동)","28320","유유약국","2026-01-13 13:39:22","U","2026-01-15 02:40:00","","244184.944567344","351834.595747257","36.54","20190910",
"209","약국","01_01_06_P","4301000","PHMD120124300012084000008","2012-12-10","","01","영업/정상","13","영업중","","","","","033-452-2321","","269-805","강원특별자치도 철원군 갈말읍 신철원리 973번지 5호","강원특별자치도 철원군 갈말읍 삼부연로8번길 4-2","24048","한일약국","2026-01-13 14:47:33","U","2026-01-15 02:40:00","","227000.593802156","515800.520244644","66","20121210",
"210","약국","01_01_06_P","3740000","PHMD120193740033084000008","2019-09-03","","01","영업/정상","13","영업중","","","","","031-235-1388","","","경기도 수원시 팔달구 인계동 753번지 5호","경기도 수원시 팔달구 중부대로 42, 1층 (인계동)","16470","참약국","2026-01-13 15:16:45","U","2026-01-15 02:40:00","","201828.912806477","419242.437962276","49","20190903",
"211","약국","01_01_06_P","3830000","PHMD120223830263084000013","2022-11-23","","01","영업/정상","13","영업중","","","","","031-381-8864","","","경기도 안양시 동안구 호계동 1049 백두프라자","경기도 안양시 동안구 평촌대로217번길 27, 백두프라자 1층 108호 (호계동)","14072","365스마일약국","2026-01-13 13:52:05","U","2026-01-15 02:40:00","","195858.489111917","432023.709404664","42","20221123",
"212","약국","01_01_06_P","3820000","PHMD120203820050084000011","2020-09-25","","01","영업/정상","13","영업중","","","","","851-8711","","","경기도 의정부시 용현동 276","경기도 의정부시 용민로 60, 1층 106호 (용현동)","11785","은하수약국","2026-01-13 10:20:53","U","2026-01-15 02:40:00","","207442.708658193","470461.992139669","30.97","20200925",
"213","약국","01_01_06_P","5710000","PHMD120074410018084000008","2007-07-11","","03","폐업","03","폐업","2026-01-12","","","","043-216-8575","","363-885","충청북도 청주시 청원구 오창읍 각리 646번지 1호","충청북도 청주시 청원구 오창읍 오창중앙로 47-16, 205호 (우림필유2차 상가)","28124","하늘약국","2026-01-13 17:12:34","U","2026-01-15 02:40:00","","237753.060596299","356083.638973121","0","20070711",
"214","약국","01_01_06_P","3220000","PHMD120103220033084000046","2010-11-30","","03","폐업","03","폐업","2026-01-01","","","","568-7347","","135-500","서울특별시 강남구 대치1동 1019번지 15호 아주빌딩 106호","서울특별시 강남구 삼성로 225, 106호 (대치동, 아주빌딩)","06279","유정약국","2026-01-13 11:52:04","U","2026-01-15 02:40:00","","205355.5442331","443886.953546051","34.02","20101130",
"215","약국","01_01_06_P","3020000","PHMD120143020033084000003","2014-01-24","","01","영업/정상","13","영업중","","","","","02-701-8224","","","서울특별시 용산구 효창동 286-1","서울특별시 용산구 백범로51길 6, 지하1층 (효창동)","04318","수약국","2026-01-13 19:04:32","U","2026-01-15 02:40:00","","196325.553848282","448686.217025972","56.19","20140124",
"216","약국","01_01_06_P","3020000","PHMD120043020033084000002","2004-08-09","","01","영업/정상","13","영업중","","","","","02-794-0705","","","서울특별시 용산구 남영동 24-4","서울특별시 용산구 한강대로 290-1, 1층 (남영동)","04352","국제약국","2026-01-13 19:08:35","U","2026-01-15 02:40:00","","197504.994272381","449104.953362094","22.84","20040809",
"217","약국","01_01_06_P","3020000","PHMD119993020033084000001","1999-10-19","","01","영업/정상","13","영업중","","","","","02-792-9290","","","서울특별시 용산구 이촌동 301-263 렉스상가","서울특별시 용산구 이촌로 300, 렉스상가 2-2,3-1호 (이촌동)","04425","한국구일온누리약국","2026-01-13 18:33:34","U","2026-01-15 02:40:00","","198165.767858385","446185.244544796","47.46","19991019",
"218","약국","01_01_06_P","3020000","PHMD120073020033084000003","2007-03-05","","01","영업/정상","13","영업중","","","","","02-718-6448","","","서울특별시 용산구 효창동 80","서울특별시 용산구 백범로 285 (효창동)","04318","신효창프라자약국","2026-01-13 18:58:25","U","2026-01-15 02:40:00","","196490.844311727","448594.448927151","50.53","20070305",
"219","약국","01_01_06_P","3210000","PHMD119983210034084000006","1998-12-04","","01","영업/정상","13","영업중","","","","","02-3487-4233","","","서울특별시 서초구 서초동 1603-1 블루핀타워 107호","서울특별시 서초구 서초중앙로 42, 107호 (서초동)","06643","장수알파약국","2026-01-13 14:39:29","U","2026-01-15 02:40:00","","201353.74049169","442618.447987766","49.29","19981204",
"220","약국","01_01_06_P","5590000","PHMD120215590021084000001","2021-01-27","","01","영업/정상","13","영업중","","","","","031-866-1440","","","경기도 양주시 남면 신산리 285-192","경기도 양주시 남면 개나리길 70, 101호","11404","신모범약국","2026-01-13 09:14:14","U","2026-01-15 02:40:00","","197705.194696232","488151.831047655","59.4","20210127",
"221","약국","01_01_06_P","3470000","PHMD120213470022084000003","2021-02-02","","01","영업/정상","13","영업중","","","","","053-556-7900","","","대구광역시 달서구 감삼동 280-7 숭조빌딩","대구광역시 달서구 와룡로 138, 숭조빌딩 1층 101호 (감삼동)","42653","본리선약국","2026-01-13 10:23:51","U","2026-01-15 02:40:00","","338832.397519044","261617.334932444","42.52","20210202",
"222","약국","01_01_06_P","4191000","PHMD120264191050084000002","2026-01-13","","01","영업/정상","13","영업중","","","","","033-763-6888","","","강원특별자치도 원주시 개운동 451-4 한신프라자","강원특별자치도 원주시 서원대로 383, 한신프라자 126,127호 (개운동)","26448","상도약국","2026-01-14 13:11:48","I","2026-01-16 00:20:02","","283988.068430024","425979.3239463","93.6","20260113",
"223","약국","01_01_06_P","3930000","PHMD120263930154084000001","2026-01-14","","01","영업/정상","13","영업중","","","","","031-413-4131","","","경기도 안산시 단원구 선부동 1071 한영타워","경기도 안산시 단원구 선부광장1로 186, 한영타워 1층 121호 (선부동)","15367","한도건강약국","2026-01-14 13:30:43","I","2026-01-16 00:20:02","","182835.362623803","425800.465276863","86.25","20260114",
"224","약국","01_01_06_P","3100000","PHMD120263100034084000001","2026-01-13","","01","영업/정상","13","영업중","","","","","02-933-2321","","","서울특별시 노원구 상계동 749-8 삼양빌딩","서울특별시 노원구 동일로 1350, 삼양빌딩 103,104호 (상계동)","01756","대기없는1등약국","2026-01-14 10:27:46","I","2026-01-16 00:20:02","","205437.99609028","460765.486012553","38.61","20260113",
"225","약국","01_01_06_P","3220000","PHMD120233220033084000018","2023-08-02","","01","영업/정상","13","영업중","","","","","02-6958-5937","","","서울특별시 강남구 신사동 662 남송빌딩","서울특별시 강남구 압구정로50길 11, 1층 105호 (신사동)","06018","샤인약국","2026-01-14 10:21:47","U","2026-01-16 02:40:00","","203307.540869552","447246.876536676","20.6","20230802",
"226","약국","01_01_06_P","5590000","PHMD120175590021084000003","2017-07-19","","01","영업/정상","13","영업중","","","","","031-861-8288","","","","경기도 양주시 평화로 1426 (덕계동)","11444","가족약국","2026-01-14 17:45:04","U","2026-01-16 02:40:00","","","","29.7","20170719",
"227","약국","01_01_06_P","4231000","PHMD119984230018084000001","1998-07-03","","01","영업/정상","13","영업중","","","","","033-636-5668","","217-010","강원특별자치도 속초시 영랑동165-2","강원특별자치도 속초시 번영로 207 (영랑동)","24821","금강산약국","2026-01-14 09:49:24","U","2026-01-16 02:40:00","","339185.125665492","524990.658181644","0","19980703",
"228","약국","01_01_06_P","4820000","PHMD120054820026084000018","2008-01-14","","03","폐업","03","폐업","2026-01-08","","","","061-721-6700","","540-969","전라남도 순천시 조례동 1834번지 4호","전라남도 순천시 백연길 98 (조례동)","57971","비타민약국","2026-01-14 11:09:03","U","2026-01-16 02:40:00","","248561.25","161764.475","99.17","20080114",
"229","약국","01_01_06_P","4170000","PHMD120254170019084000002","2025-09-01","","01","영업/정상","13","영업중","","","","","031-773-7735","","","경기도 양평군 용문면 다문리 321-2","경기도 양평군 용문면 용문로 380-2, 1층","12523","용문온누리약국","2026-01-14 17:58:17","U","2026-01-16 02:40:00","","252593.490242532","442787.685926213","89.01","20250901",
"230","약국","01_01_06_P","5380000","PHMD120105380021084000010","2010-11-29","","01","영업/정상","13","영업중","","","","","055-385-9636","","","경상남도 양산시 중부동 403번지 1호 영일약국","경상남도 양산시 서일동2길 56, 영일약국 (중부동)","50621","영일약국","2026-01-14 11:56:12","U","2026-01-16 02:40:00","","384972.083489629","206808.88337539","99","20101129",
"231","약국","01_01_06_P","5670000","PHMD120175670554084000018","2017-11-16","","01","영업/정상","13","영업중","","","","","055-273-0809","","","경상남도 창원시 의창구 봉곡동 36번지 7호 고려상가","경상남도 창원시 의창구 원이대로 277, 103호 (봉곡동)","51176","창원메디칼약국","2026-01-14 14:34:51","U","2026-01-16 02:40:00","","350161.287114831","194976.315486409","50","20171116",
"232","약국","01_01_06_P","3070000","PHMD120213070034084000002","2021-02-08","","01","영업/정상","13","영업중","","","","","02-957-2583","","","서울특별시 성북구 석관동 250-10","서울특별시 성북구 돌곶이로 60, 1층 (석관동)","02784","팜케어건강약국","2026-01-14 14:30:53","U","2026-01-16 02:40:00","","205137.290183608","456325.215592871","22","20210208",
"233","약국","01_01_06_P","3180000","PHMD120183180034084000005","2018-01-25","","03","폐업","03","폐업","2026-01-14","","","","02-835-1106","","","서울특별시 영등포구 신길동 4679번지","서울특별시 영등포구 신길로 18, 103호 (신길동)","07437","성심바른약국","2026-01-14 13:36:10","U","2026-01-16 02:40:00","","191894.024853709","443571.156401847","22.91","20180125",
"234","약국","01_01_06_P","3010000","PHMD120263010033084000004","2026-01-05","","01","영업/정상","13","영업중","","","","","","","","서울특별시 중구 명동2가 33-9","서울특별시 중구 명동10길 12, 1~2층 (명동2가)","04536","브라이튼약국","2026-01-14 13:53:10","I","2026-01-17 00:20:02","","198616.458709294","451223.68604589","154","20260105",
"235","약국","01_01_06_P","3130000","PHMD120263130033084000001","2026-01-15","","01","영업/정상","13","영업중","","","","","","","","서울특별시 마포구 대흥동 325-78","서울특별시 마포구 독막로 241, B103호 (대흥동)","04096","든든약국","2026-01-15 14:33:03","I","2026-01-17 00:20:02","","194681.263317912","449408.790227561","69.22","20260115",
"236","약국","01_01_06_P","3900000","PHMD120263900028084000001","2026-01-15","","01","영업/정상","13","영업중","","","","","02-6941-0956","","","경기도 광명시 하안동 34-3 세인빌딩","경기도 광명시 하안로 309, 세인빌딩 101호 (하안동)","14248","봉약국","2026-01-15 13:41:54","I","2026-01-17 00:20:02","","189237.766064871","440096.604556056","28.08","20260115",
"237","약국","01_01_06_P","3230000","PHMD120263230034084000001","2026-01-15","","01","영업/정상","13","영업중","","","","","02-417-2234","","","서울특별시 송파구 방이동 122-7 은석빌딩","서울특별시 송파구 백제고분로48길 38, 1층 101호 (방이동, 은석빌딩)","05643","성현약국","2026-01-15 13:28:23","I","2026-01-17 00:20:02","","210274.201196758","445350.750059985","24.52","20260115",
"238","약국","01_01_06_P","3110000","PHMD120263110032084000001","2026-01-14","","01","영업/정상","13","영업중","","","","","070-7809-6119","","","서울특별시 은평구 역촌동 85-1 더-위일 이노 펠리체 1동 101호","서울특별시 은평구 연서로 17, 1동 101호 (역촌동, 더-위일 이노 펠리체)","03421","참약사응암샘터약국","2026-01-14 09:35:22","I","2026-01-17 00:20:02","","192493.098532428","455371.370186958","86.69","20260114",
"239","약국","01_01_06_P","4490000","PHMD120264490261084000001","2026-01-14","","01","영업/정상","13","영업중","","","","","041-415-1858","","","충청남도 천안시 서북구 성성동 757","충청남도 천안시 서북구 성성11길 53, 1층 (성성동)","31079","써니약국","2026-01-14 10:37:33","I","2026-01-17 00:20:02","","212128.342849226","371166.696690049","41.7","20260114",
"240","약국","01_01_06_P","4520000","PHMD120144520031084000007","2014-02-24","","03","폐업","03","폐업","2026-01-08","","","","041-533-0825","","","충청남도 아산시 용화동 1440","충청남도 아산시 용화로9번길 4-24, 102호 (용화동)","31575","친절한마음약국","2026-01-15 17:40:32","U","2026-01-17 02:40:00","","200705.792172199","363490.2361083","53.5","20140224",
"241","약국","01_01_06_P","4641000","PHMD119914640131084000002","1991-01-21","","01","영업/정상","13","영업중","","","","","063-222-0088","","","전북특별자치도 전주시 완산구 효자동2가 1246번지 14호","전북특별자치도 전주시 완산구 서원로 66 (효자동2가)","55060","마더온누리약국","2026-01-15 10:35:57","U","2026-01-17 02:40:00","","209112.223258401","257034.650902519","66.42","19910121",
"242","약국","01_01_06_P","5380000","PHMD120235380021084000009","2023-08-04","","01","영업/정상","13","영업중","","","","","055-383-8837","","","경상남도 양산시 동면 사송리 1119-1","경상남도 양산시 동면 내송큰들로 15, 106호","50637","사송온누리약국","2026-01-15 10:10:17","U","2026-01-17 02:40:00","","","","51.12","20230804",
"243","약국","01_01_06_P","3530000","PHMD120133530019084000027","2013-12-16","","01","영업/정상","13","영업중","","","","","0324267911","","","인천광역시 남동구 구월동 1469-1 푸른세상안과","인천광역시 남동구 인하로 497-5, 푸른세상안과 1층 104호,105호 (구월동)","21574","인천메디칼약국","2026-01-15 10:22:08","U","2026-01-17 02:40:00","","173523.451160064","437981.354335537","121.45","20131216",
"244","약국","01_01_06_P","3530000","PHMD120043530019084000003","2004-04-10","","01","영업/정상","13","영업중","","","","","442-7070","","405-280","인천광역시 남동구 도림동 248번지 3호 1층일부","인천광역시 남동구 논고개로 337, 1층 (도림동)","21645","참약국","2026-01-15 09:35:48","U","2026-01-17 02:40:00","","176035.943012758","435344.244347789","27","20040410",
"245","약국","01_01_06_P","4641000","PHMD120144640131084000021","2014-07-04","","01","영업/정상","13","영업중","","","","","063-227-0073","","","전북특별자치도 전주시 완산구 효자동1가 454번지 3호","전북특별자치도 전주시 완산구 효자천변2길 7, 101호 (효자동1가)","55080","광혜당약국","2026-01-14 17:39:48","U","2026-01-17 02:40:00","","210222.449095045","256167.184095348","81.2","20140704",
"246","약국","01_01_06_P","4040000","PHMD120244040023084000005","2024-07-12","","03","폐업","03","폐업","2026-01-02","","","","02-479-0304","","","경기도 하남시 감이동 524-1","경기도 하남시 감일백제로 111, 102호 (감이동)","13004","하남K약국","2026-01-15 13:25:03","U","2026-01-17 02:40:00","","214112.476106261","444750.310163051","45.39","20240712",
"247","약국","01_01_06_P","4641000","PHMD120244641050084000004","2024-06-07","","01","영업/정상","13","영업중","","","","","063-227-7335","","","전북특별자치도 전주시 완산구 삼천동1가 725-14 영재빌딩","전북특별자치도 전주시 완산구 용리로 37, 영재빌딩 1층 (삼천동1가)","55085","우연약국","2026-01-14 09:22:15","U","2026-01-17 02:40:00","","210215.890982004","255426.053177996","50","20240607",
"248","약국","01_01_06_P","3330000","PHMD120143330024084000003","2014-03-10","","01","영업/정상","13","영업중","","","","","051-523-3485","","612-061","부산광역시 해운대구 반여동 1639번지 1호","부산광역시 해운대구 선수촌로 98 (반여동)","48037","새씨앗약국","2026-01-15 13:07:27","U","2026-01-17 02:40:00","","392956.485222407","191299.167783606","149.34","20140310",
"249","약국","01_01_06_P","5020000","PHMD119945020055084000001","1994-03-07","","03","폐업","03","폐업","2026-01-14","","","","054-291-7661","","","경상북도 포항시 남구 오천읍 세계리833-8","경상북도 포항시 남구 오천읍 장기로 1691","37912","대구약국","2026-01-14 16:37:56","U","2026-01-17 02:40:00","","417900.901161105","276662.643419005","0","19940307",
"250","약국","01_01_06_P","4751000","PHMD120174750029084000001","2017-04-19","","01","영업/정상","13","영업중","","","","","063-352-5588","","","","전북특별자치도 장수군 장계면 한들로 90-1","55614","터미널약국","2026-01-15 13:58:54","U","2026-01-17 02:40:00","","252561.518168322","248031.854214734","15","20170419",
"251","약국","01_01_06_P","3330000","PHMD120263330024084000001","2026-01-07","","01","영업/정상","13","영업중","","","","","051-710-5022","","","부산광역시 해운대구 좌동 1432-4 르네상스오피스텔","부산광역시 해운대구 좌동순환로249번길 11, 르네상스오피스텔 101호 (좌동)","48108","가까운약국","2026-01-15 17:14:46","U","2026-01-17 02:40:00","","398665.261087992","188263.875653104","79.04","20260107",
"252","약국","01_01_06_P","5530000","PHMD120265530505084000001","2026-01-15","","01","영업/정상","13","영업중","","","","","","","","경기도 화성시 봉담읍 왕림리 103","경기도 화성시 봉담읍 삼천병마로 1013, 1동","18332","화성백화점대형약국","2026-01-15 14:32:09","U","2026-01-17 02:40:00","","194573.753392684","410692.264520368","267.8","20260115",
"253","약국","01_01_06_P","3240000","PHMD120253240033084000047","2025-12-22","","01","영업/정상","13","영업중","","","","","02-6396-7390","","","서울특별시 강동구 성내동 139-4","서울특별시 강동구 풍성로37길 41, 1층 일부호 (성내동)","05387","눈사랑온누리약국","2026-01-15 15:17:52","U","2026-01-17 02:40:00","","211097.317300083","447947.990989725","52.44","20251222",
"254","약국","01_01_06_P","3160000","PHMD120253160034084000006","2025-10-20","","01","영업/정상","13","영업중","","","","","0507-1355-8498","","","서울특별시 구로구 오류동 213-1","서울특별시 구로구 오리로 1165, 상가동 B213호 (오류동)","08363","모아약국","2026-01-15 17:47:45","U","2026-01-17 02:40:00","","185557.827666309","442841.709835625","86","20251020",
"255","약국","01_01_06_P","5530000","PHMD120215530440084000007","2021-07-08","","01","영업/정상","13","영업중","","","","","031-376-9106","","","","경기도 화성시 동탄오산로 86-3, mk타워 106호 (오산동)","18478","동탄행복약국","2026-01-15 10:41:20","U","2026-01-17 02:40:00","","","","39.66","20210708",
"256","약국","01_01_06_P","5530000","PHMD120255530505084000009","2025-09-24","","01","영업/정상","13","영업중","","","","","031-354-9066","","","경기도 화성시 팔탄면 서근리 183-5","경기도 화성시 팔탄면 버들로 1349, 102호","18578","새대신약국","2026-01-15 11:36:47","U","2026-01-17 02:40:00","","187019.058731589","402873.577079826","72","20250924",
"257","약국","01_01_06_P","3930000","PHMD120073930154084000017","2007-10-31","","01","영업/정상","13","영업중","","","","","031-480-1276","","","경기도 안산시 단원구 원곡동 846번지 보성프라자 3층(302호)","경기도 안산시 단원구 원초로 30, 3층 302호 (원곡동, 보성프라자)","15382","모아약국","2026-01-15 14:49:58","U","2026-01-17 02:40:00","","182360.561668051","425167.879472381","74.4","20071031",
"258","약국","01_01_06_P","3930000","PHMD120173930154084000010","2017-09-11","","01","영업/정상","13","영업중","","","","","031-493-4590","","","경기도 안산시 단원구 신길동 1612번지","경기도 안산시 단원구 신길로 8, 107호 (신길동)","15402","봄약국","2026-01-15 14:52:37","U","2026-01-17 02:40:00","","181037.727297625","425451.54445531","45.98","20170911",
"259","약국","01_01_06_P","3940000","PHMD120143940138084000014","2014-07-01","","01","영업/정상","13","영업중","","","","","070-4139-3902","","412-271","경기도 고양시 덕양구 화정동 982번지 롯데마트 1층","경기도 고양시 덕양구 화중로 66, 1층 (화정동, 롯데마트)","10500","스카이약국","2026-01-15 17:45:20","U","2026-01-17 02:40:00","","185024.681774615","458969.125315118","44.6","20140701",
"260","약국","01_01_06_P","3200000","PHMD119983200033084000019","1998-08-17","","01","영업/정상","13","영업중","","","","","02-874-2231","","151-832","서울특별시 관악구 봉천동 1639번지 3호","서울특별시 관악구 인헌6길 9 (봉천동)","08797","동방약국","2026-01-14 13:07:57","U","2026-01-17 02:40:00","","196937.086446207","441297.226107209","168.8","19980817",
"261","약국","01_01_06_P","3100000","PHMD120093100034084000006","2009-03-26","","03","폐업","03","폐업","2026-01-15","","","","930-4213","","139-862","서울특별시 노원구 중계동 423번지 40호 태인빌딩 102호","서울특별시 노원구 덕릉로73길 18, 102호 (중계동, 태인빌딩)","01707","부용온누리약국","2026-01-15 13:45:04","U","2026-01-17 02:40:00","","206324.595951422","461091.913391026","48.6","20090326",
"262","약국","01_01_06_P","4520000","PHMD120254520031084000005","2025-06-05","","01","영업/정상","13","영업중","","","","","0507-1495-9875","","","충청남도 아산시 온천동 79-1","충청남도 아산시 온천대로 1538, 1층 8-9호 (온천동)","31520","아산365온누리약국","2026-01-15 14:04:18","U","2026-01-17 02:40:00","","200683.757221653","364318.906214091","84.85","20250605",
"263","약국","01_01_06_P","3180000","PHMD120213180034084000002","2021-04-06","","03","폐업","03","폐업","2026-01-15","","","","","","","서울특별시 영등포구 영등포동 618-496 영등포 민자역사","서울특별시 영등포구 경인로 846, 영등포 민자역사 백화점동 지하1층 (영등포동)","07306","튼튼약국","2026-01-15 10:46:04","U","2026-01-17 02:40:00","","191741.345847708","445970.307641467","40.9","20210406",
"264","약국","01_01_06_P","3980000","PHMD120163980021084000016","2016-11-28","","01","영업/정상","13","영업중","","","","","031-555-2080","","","경기도 구리시 수택동 486-9 굿빌딩","경기도 구리시 검배로 46, 굿빌딩 1층 102호 (수택동)","11932","바로굿약국","2026-01-15 17:56:22","U","2026-01-17 02:40:00","","212640.806781549","455006.350386873","33.9","20161128",
"265","약국","01_01_06_P","3080000","PHMD120223080033084000008","2022-07-11","","01","영업/정상","13","영업중","","","","","02-980-3033","","","서울특별시 강북구 수유동 57-116 진주빌딩","서울특별시 강북구 삼양로 308, 진주빌딩 104호 (수유동)","01112","코리아약국","2026-01-14 13:53:51","U","2026-01-17 02:40:00","","201522.175825751","458722.544970762","24.3","20220711",
"266","약국","01_01_06_P","3860000","PHMD120093860051084000003","2009-04-01","","01","영업/정상","13","영업중","","","","","032-671-3448","","421-200","경기도 부천시 오정구 원종동 375-3번지","경기도 부천시 오정구 소사로 709 (원종동)","14465","그린메디약국","2026-01-14 17:16:56","U","2026-01-17 02:40:00","","182646.330270706","446357.327550673","132","20090401",
"267","약국","01_01_06_P","5350000","PHMD120175350029084000003","2017-01-02","","01","영업/정상","13","영업중","","","","","070-8829-9195","","","경상남도 김해시 내동 1123번지 4호","경상남도 김해시 내외중앙로 91 (내동)","50948","뉴삼성약국","2026-01-14 10:54:30","U","2026-01-17 02:40:00","","369878.949800245","194806.851920252","59.84","20170102",
"268","약국","01_01_06_P","3130000","PHMD120063130033084000017","2006-08-25","","01","영업/정상","13","영업중","","","","","02-701-7760","","121-806","서울특별시 마포구 노고산동 31번지 135호 1층","서울특별시 마포구 신촌로 102-1, 1층 (노고산동)","04101","용약국","2026-01-14 17:01:22","U","2026-01-17 02:40:00","","194397.553052703","450261.160409978","114.5","20060825",
"269","약국","01_01_06_P","3150000","PHMD120123150037084000005","2012-01-30","","03","폐업","03","폐업","2026-01-14","","","","02-2663-7575","","157-852","서울특별시 강서구 방화동 607번지 211호","서울특별시 강서구 방화동로 70 (방화동)","07616","김포약국","2026-01-14 13:08:16","U","2026-01-17 02:40:00","","183394.543338863","451619.605169039","22","20120130",
"270","약국","01_01_06_P","3210000","PHMD120113210034084000002","2011-01-06","","03","폐업","03","폐업","2026-01-15","","","","5255143","","137-857","서울특별시 서초구 서초동 1319번지 13호 서초현대타워 4층","서울특별시 서초구 강남대로 375, 4층 (서초동, 서초현대타워)","06620","현대영약국","2026-01-15 14:17:42","U","2026-01-17 02:40:00","","202389.26","443804.065","24","20110106",
"271","약국","01_01_06_P","4610000","PHMD120224610020084000003","2022-04-22","","03","폐업","03","폐업","2026-01-15","","","","070-4224-2399","","","충청남도 예산군 삽교읍 목리 738 삽교농협 내포농수산물 종합유통센터","충청남도 예산군 삽교읍 예목로 171, 삽교농협 내포농수산물 종합유통센터 1층","32416","성신약국","2026-01-15 17:03:13","U","2026-01-17 02:40:00","","171768.460043206","352378.838481424","7","20220422",
