"번호","개방서비스명","개방서비스아이디","개방자치단체코드","관리번호","인허가일자","인허가취소일자","영업상태구분코드","영업상태명","상세영업상태코드","상세영업상태명","폐업일자","휴업시작일자","휴업종료일자","재개업일자","소재지전화","소재지면적","소재지우편번호","소재지전체주소","도로명전체주소","도로명우편번호","사업장명","최종수정시점","데이터갱신구분","데이터갱신일자","업태구분명","좌표정보x(epsg5174)","좌표정보y(epsg5174)","위생업태명","건물지상층수","건물지하층수","사용시작지상층","사용끝지상층","사용시작지하층","사용끝지하층","조건부허가신고사유","조건부허가시작일자","조건부허가종료일자","건물소유구분명","세탁기수","여성종사자수","남성종사자수","회수건조기수","다중이용업소여부",
"1","세탁업","06_20_01_P","5530000","5530000-205-2025-00012","2025-12-31","","01","영업/정상","01","영업","","","","","","66.56","445-380","경기도 화성시 안녕동 186-9","경기도 화성시 효행로 528-20, 1층 일부호 (안녕동)","18325","주식회사 세탁포유","2025-12-31 13:37:04","I","2026-01-03 00:20:02","일반세탁업","199239.096157891","411473.615640854","일반세탁업","0","0","1","1","0","0","","","","","2","0","0","2","N",
"2","세탁업","06_20_01_P","4090000","4090000-205-2025-00008","2025-12-31","","01","영업/정상","01","영업","","","","","","333.38","415-868","경기도 김포시 통진읍 수참리 416-4","경기도 김포시 통진읍 김포대로1950번길 60, 가동","10014","주식회사 세봄","2025-12-31 09:23:50","I","2026-01-03 00:20:02","일반세탁업","167234.04911218","464278.788287262","일반세탁업","0","0","0","0","0","0","","","","임대","0","0","0","0","N",
"3","세탁업","06_20_01_P","3530000","3530000-205-2025-00006","2025-12-31","","01","영업/정상","01","영업","","","","","","24.40","405-849","인천광역시 남동구 논현동 448 논현2차푸르지오시티","인천광역시 남동구 남동서로236번길 30, 논현2차푸르지오시티 137호 (논현동)","21632","해피크리닝","2025-12-31 17:29:08","I","2026-01-03 00:20:02","일반세탁업","172937.577216559","434208.033824157","일반세탁업","0","0","1","1","0","0","","","","","1","0","0","1","N",
"4","세탁업","06_20_01_P","4520000","4520000-205-2011-00005","2011-07-25","","01","영업/정상","01","영업","","","","","041 5482244","36.72","336-020","충청남도 아산시 실옥동 156-24 중부팬더아파트상가 106호","충청남도 아산시 아산로 103-17, 106호 (실옥동,중부팬더아파트상가)","31503","일류세탁 이분점","2025-12-31 16:38:19","U","2026-01-03 02:40:00","일반세탁업","199382.08383133","365422.658113057","일반세탁업","0","0","","","","","","","","","2","","","1","N",
"5","세탁업","06_20_01_P","4241000","4241000-205-2021-00001","2021-12-01","","01","영업/정상","01","영업","","","","","","95.82","","강원특별자치도 삼척시 사직동 59-1 삼척장애인종합복지센터","강원특별자치도 삼척시 중앙로 28, 삼척장애인종합복지센터 (사직동)","25930","삼척시장애인보호작업장","2025-12-31 16:40:56","U","2026-01-03 02:40:00","일반세탁업","392608.719332317","438787.556123547","일반세탁업","2","0","1","0","0","0","","","","","3","0","0","3","N",
"6","세탁업","06_20_01_P","4231000","4231000-205-2003-00045","1998-11-05","","01","영업/정상","01","영업","","","","","033637 9772","488.80","","강원특별자치도 속초시 대포동 37","강원특별자치도 속초시 방축길 86 (대포동)","24899","백설실업","2025-12-31 10:21:28","U","2026-01-03 02:40:00","세탁업 기타","339444.653491768","520101.885992243","세탁업 기타","0","0","0","0","0","0","","","","","0","0","0","0","N",
"7","세탁업","06_20_01_P","4840000","4840000-205-2003-00028","2003-07-01","","03","폐업","02","폐업","2025-12-31","","","","061 7615134","","545-807","전라남도 광양시 광양읍 인서리 484-14","전라남도 광양시 광양읍 인서1길 18","57757","반도크리닝세탁소","2025-12-31 17:19:39","U","2026-01-03 02:40:00","일반세탁업","253363.500526371","163310.57369914","일반세탁업","0","0","0","0","0","0","","","","","0","0","0","0","N",
"8","세탁업","06_20_01_P","3120000","3120000-205-2019-00003","2019-07-12","","03","폐업","02","폐업","2025-12-31","","","","02 3042145","29.44","120-130","서울특별시 서대문구 북가좌동 484 성공타워2 상가 A동 1층107호","서울특별시 서대문구 수색로6길 17-14, 성공타워2 상가A동 1층 107호 (북가좌동)","03791","성공세탁","2025-12-31 11:30:21","U","2026-01-03 02:40:00","일반세탁업","192178.634161709","452110.722725976","일반세탁업","0","0","1","1","0","0","","","","임대","1","0","0","0","N",
"9","세탁업","06_20_01_P","4060000","4060000-205-2022-00002","2022-01-14","","03","폐업","02","폐업","2025-12-31","","","","","53.00","413-100","경기도 파주시 동패동 1915 1층일부","경기도 파주시 동패로63번길 36-11, 1층일부 (동패동)","10902","명품 크린플러스","2025-12-31 09:05:23","U","2026-01-03 02:40:00","운동화전문세탁업","176810.229986368","467582.894533797","운동화전문세탁업","0","0","0","0","0","0","","","","","1","0","0","1","N",
"10","세탁업","06_20_01_P","4050000","5630000-205-2023-00005","2023-05-26","","01","영업/정상","01","영업","","","","","","186.66","446-599","경기도 용인시 기흥구 신갈동 423-1","경기도 용인시 기흥구 상미로50번길 8-9, 1층 (신갈동)","17094","사계절 세탁","2025-12-31 11:36:32","U","2026-01-03 02:40:00","일반세탁업","208973.267084205","419197.972937117","일반세탁업","0","0","0","0","0","0","","","","","0","0","0","0","N",
"11","세탁업","06_20_01_P","4191000","4191000-205-2025-00002","2025-12-09","","01","영업/정상","01","영업","","","","","033 7455552","251.91","","강원특별자치도 원주시 행구동 200-22","강원특별자치도 원주시 행구로 481, 1층 (행구동)","26455","마가렛보호작업장이음세탁장","2025-12-31 16:51:55","U","2026-01-03 02:40:00","일반세탁업","289351.157945214","427441.318271537","일반세탁업","3","0","1","1","0","0","","","","임대","2","0","0","4","N",
"12","세탁업","06_20_01_P","3940000","3950000-205-2023-00002","2023-03-14","","03","폐업","02","폐업","2025-12-31","","","","","187.80","412-520","경기도 고양시 덕양구 내유동 379-1 1층 전체 라동","경기도 고양시 덕양구 통일로1031번길 366-16, 1층 전체 라동 (내유동)","10262","대양클리닉","2025-12-31 15:42:11","U","2026-01-03 02:40:00","세탁업 기타","186122.819293644","468259.813418931","세탁업 기타","0","0","0","0","0","0","","","","","2","0","0","0","N",
"13","세탁업","06_20_01_P","3630000","3630000-205-2014-00001","2014-01-03","","03","폐업","02","폐업","2025-12-31","","","","062 9550542","30.60","506-301","광주광역시 광산구 도천동 628-1 상가동 101호","광주광역시 광산구 비아로62번길 12, 상가동 101호 (도천동)","62235","중흥세탁소","2025-12-31 17:24:10","U","2026-01-03 02:40:00","일반세탁업","183403.527706993","191228.687948609","일반세탁업","0","0","0","0","0","0","","","","","3","0","0","0","N",
"14","세탁업","06_20_01_P","3630000","3630000-205-2013-00011","2013-09-27","","03","폐업","02","폐업","2025-12-31","","","","","106.40","506-800","광주광역시 광산구 도산동 726","광주광역시 광산구 송도로182번길 79-46 (도산동)","","하얀장갑","2025-12-31 16:22:44","U","2026-01-03 02:40:00","일반세탁업","181238.710925283","180954.98173596","일반세탁업","1","0","0","0","0","0","","","","","5","0","0","0","N",
"15","세탁업","06_20_01_P","3530000","3530000-205-2014-00002","2014-02-21","","03","폐업","02","폐업","2025-12-31","","","","032 812 6704","24.40","405-849","인천광역시 남동구 논현동 448","인천광역시 남동구 남동서로236번길 30, 1층 137호 (논현동)","21632","해피크리닝하우스","2025-12-31 10:41:24","U","2026-01-03 02:40:00","일반세탁업","172937.577216559","434208.033824157","일반세탁업","0","0","1","0","0","0","","","","","2","0","0","1","N",
"16","세탁업","06_20_01_P","3990000","3990000-205-2020-00007","2020-09-08","","01","영업/정상","01","영업","","","","","","198.00","472-883","경기도 남양주시 오남읍 오남리 546-8 1층","","","탑크린","2025-12-31 15:20:04","U","2026-01-03 02:40:00","세탁업 기타","218315.921882852","464732.270774651","세탁업 기타","2","0","1","1","","","","","","","2","0","0","3","N",
"17","세탁업","06_20_01_P","4810000","4810000-205-2020-00003","2020-10-23","","03","폐업","02","폐업","2025-12-31","","","","","55.30","550-806","전라남도 여수시 국동 704-1","전라남도 여수시 국동4길 32 (국동)","59757","베베유카","2025-12-31 14:30:48","U","2026-01-03 02:40:00","일반세탁업","265514.278105346","137269.772273499","일반세탁업","2","0","2","0","0","0","","","","임대","1","0","0","1","N",
"18","세탁업","06_20_01_P","4020000","4020000-205-2004-00003","2004-01-28","","03","폐업","02","폐업","2025-12-31","","","","031 437 7779","33.49","435-060","경기도 군포시 대야미동 650-5 102호","경기도 군포시 대야2로7번길 16, 102호 (대야미동)","15887","대야세탁소","2025-12-31 15:19:55","U","2026-01-03 02:40:00","일반세탁업","192730.338336424","425152.62016818","일반세탁업","0","0","1","1","0","0","","","","임대","0","0","0","0","N",
"19","세탁업","06_20_01_P","3920000","3920000-205-2018-00004","2018-05-30","","03","폐업","02","폐업","2025-12-31","","","","031 858 1918","39.83","483-030","경기도 동두천시 생연동 334 황금프라자","경기도 동두천시 행선로110번길 12, 108호 (생연동, 황금프라자)","11359","하늘세탁","2025-12-31 09:26:21","U","2026-01-03 02:40:00","일반세탁업","205555.284104826","488338.425023089","일반세탁업","0","0","0","0","0","0","","","","","3","0","0","1","N",
"20","세탁업","06_20_01_P","3930000","5560000-205-2007-00014","2007-11-20","","01","영업/정상","01","영업","","","","","031 494 9621","35.10","425-828","경기도 안산시 단원구 선부동 1003 안산 중흥S-클래스 더 퍼스트","경기도 안산시 단원구 선이로 17, A동 1층 101호 (선부동, 안산 중흥S-클래스 더 퍼스트)","15223","중흥세탁 전문점","2025-12-31 14:16:35","U","2026-01-03 02:40:00","일반세탁업","182762.211378434","426779.366142107","일반세탁업","0","0","0","0","0","0","","","","","2","","","0","N",
"21","세탁업","06_20_01_P","3200000","3200000-205-1992-02818","1992-10-09","","01","영업/정상","01","영업","","","","","02 8540903","19.80","151-869","서울특별시 관악구 신림동 1595-5","서울특별시 관악구 신원로3길 40 (신림동)","08774","협신사","2025-12-31 12:57:32","U","2026-01-03 02:40:00","일반세탁업","193441.378191575","442258.705838748","일반세탁업","3","0","1","1","0","0","","","","","0","0","0","0","N",
"22","세탁업","06_20_01_P","3200000","3200000-205-2000-00009","2000-11-13","","01","영업/정상","01","영업","","","","","02 837 4742","20.63","151-015","서울특별시 관악구 신림동 1727 임광관악파크 105동 지하204호","서울특별시 관악구 난곡로 167, 105동 지하204호 (신림동,임광관악파크)","08858","임광세탁","2025-12-31 15:19:03","U","2026-01-03 02:40:00","일반세탁업","192773.751831861","440839.689205962","일반세탁업","5","1","2","2","0","0","","","","","0","0","0","0","N",
"23","세탁업","06_20_01_P","5710000","5725000-205-1994-02011","1994-10-12","","03","폐업","02","폐업","2025-12-31","","","","043 2728985","29.24","361-140","충청북도 청주시 서원구 모충동 산 36-5 한솔아파트상가 203호","","","한솔세탁소","2025-12-31 10:44:32","U","2026-01-03 02:40:00","일반세탁업","","","일반세탁업","0","0","0","0","0","0","","","","","0","0","0","0","N",
"24","세탁업","06_20_01_P","3940000","3960100-205-2013-00002","2013-03-06","","03","폐업","02","폐업","2025-12-31","","","","031 927 7700","491.86","410-835","경기도 고양시 일산동구 장항동 1756","경기도 고양시 일산동구 태극로 20, B110호 (장항동)","10394","소노캄고양세탁실","2025-12-31 11:29:59","U","2026-01-03 02:40:00","일반세탁업","177950.802263582","462211.391982139","일반세탁업","20","4","0","0","1","1","","","","","0","0","0","0","N",
"25","세탁업","06_20_01_P","3640000","3640000-205-2020-00002","2020-12-29","","03","폐업","02","폐업","2025-12-31","","","","042 633 2122","36.96","300-835","대전광역시 동구 홍도동 47-2","대전광역시 동구 동산초교로 41, 106호 (홍도동)","34556","신동아 세탁소","2025-12-31 11:20:30","U","2026-01-03 02:40:00","일반세탁업","238092.285624623","316364.894312182","일반세탁업","0","0","0","0","0","0","","","","","3","0","0","0","N",
"26","세탁업","06_20_01_P","3120000","3120000-205-2026-00001","2026-01-02","","01","영업/정상","01","영업","","","","","02  304 2145","29.44","120-130","서울특별시 서대문구 북가좌동 484 성공타워2","서울특별시 서대문구 수색로6길 17-14, 성공타워2 에이동 1층 107호 (북가좌동)","03791","성공세탁","2026-01-02 11:44:50","I","2026-01-04 00:20:12","일반세탁업","192178.634161709","452110.722725976","일반세탁업","0","0","1","1","0","0","","","","","1","0","0","0","N",
"27","세탁업","06_20_01_P","3150000","3150000-205-2026-00001","2026-01-02","","01","영업/정상","01","영업","","","","","0226999485","24.00","157-846","서울특별시 강서구 방화동 249-202","서울특별시 강서구 초원로14길 28-4, 1층 (방화동)","07616","방화동세탁소","2026-01-02 10:17:24","I","2026-01-04 00:20:12","빨래방업","183431.992405907","451695.954665388","빨래방업","0","0","0","0","0","0","","","","","0","0","0","0","N",
"28","세탁업","06_20_01_P","3510500","3510500-205-2026-00001","2026-01-02","","01","영업/정상","01","영업","","","","","","59.00","","인천광역시 미추홀구 주안동 1331-36","인천광역시 미추홀구 신기길16번길 1-1, 1층 (주안동)","22217","장인세탁소","2026-01-02 10:44:55","I","2026-01-04 00:20:12","일반세탁업","171307.557813266","438412.249638795","일반세탁업","0","0","0","0","0","0","","","","","1","0","0","1","N",
"29","세탁업","06_20_01_P","3210000","3210000-205-2026-00001","2026-01-02","","01","영업/정상","01","영업","","","","","","174.75","137-829","서울특별시 서초구 방배동 766-2","서울특별시 서초구 방배중앙로27길 29, 1층 101호 (방배동)","06555","크린에코","2026-01-02 17:00:07","I","2026-01-04 00:20:12","일반세탁업","198522.378903836","443658.098277933","일반세탁업","0","0","1","1","0","0","","","","","2","0","0","2","N",
"30","세탁업","06_20_01_P","3210000","3210000-205-2014-00007","2014-12-01","","03","폐업","02","폐업","2026-01-02","","","","02532 3012","174.75","137-829","서울특별시 서초구 방배동 766-2 101호","서울특별시 서초구 방배중앙로27길 29, 1층 101호 (방배동)","06555","크린에코 서초지사","2026-01-02 16:39:41","U","2026-01-04 02:40:00","일반세탁업","198522.378903836","443658.098277933","일반세탁업","0","0","1","1","0","0","","","","임대","7","0","0","0","N",
"31","세탁업","06_20_01_P","6510000","6510000-205-1987-00038","1987-06-12","","01","영업/정상","01","영업","","","","","064 7475000","0.00","690-813","제주특별자치도 제주시 연동 263-15 (연동로 101)","제주특별자치도 제주시 노연로 80 (연동,(연동로 101))","63132","글래드호텔앤리조트(주)메종글래드제주","2026-01-02 15:05:40","U","2026-01-04 02:40:00","일반세탁업","152390.482526722","-1164.56501308051","일반세탁업","0","0","0","0","0","0","","","","","0","0","0","0","N",
"32","세탁업","06_20_01_P","3200000","3200000-205-2019-00003","2019-09-23","","03","폐업","02","폐업","2026-01-02","","","","","30.00","151-913","서울특별시 관악구 봉천동 952-9","서울특별시 관악구 봉천로23나길 52, 1층 (봉천동)","08717","복음세탁소","2026-01-02 09:16:56","U","2026-01-04 02:40:00","일반세탁업","194465.827595477","442731.374990484","일반세탁업","3","1","1","1","0","0","","","","임대","1","0","0","0","N",
"33","세탁업","06_20_01_P","3520000","3520000-205-2004-00017","2004-06-16","","03","폐업","02","폐업","2026-01-02","","","","032 8330403","13.20","406-838","인천광역시 연수구 옥련동 194-4 IF상가 1층 117호","인천광역시 연수구 독배로 35 (옥련동,IF상가 1층 117호)","21958","운동화 빨래방","2026-01-02 09:46:18","U","2026-01-04 02:40:00","운동화전문세탁업","168454.658046789","435811.44754117","운동화전문세탁업","0","0","1","1","0","0","","","","임대","0","0","0","0","N",
"34","세탁업","06_20_01_P","3500000","3500000-205-2006-00002","2006-03-16","","03","폐업","02","폐업","2026-01-02","","","","032777 4832","27.36","401-040","인천광역시 동구 송현동 154 솔빛마을 주공아파트 분산상가 1층 b동 103호","인천광역시 동구 송현로 24, b동 103호 (송현동, 솔빛주공상가 )","22547","한미세탁","2026-01-02 14:09:20","U","2026-01-04 02:40:00","일반세탁업","167816.651034315","441843.07833343","일반세탁업","0","0","1","1","0","0","","","","","0","0","0","0","N",
"35","세탁업","06_20_01_P","3670000","3670000-205-2007-00010","2007-11-29","","01","영업/정상","01","영업","","","","","042 823 0075","12.21","305-308","대전광역시 유성구 장대동 285-8","대전광역시 유성구 유성대로720번길 106 (장대동)","34170","행복세탁소","2026-01-02 17:17:59","U","2026-01-04 02:40:00","일반세탁업","230251.027723522","317437.357888623","일반세탁업","0","0","1","1","0","0","","","","임대","0","","","","N",
"36","세탁업","06_20_01_P","3150000","3150000-205-2020-00001","2020-01-02","","03","폐업","02","폐업","2026-01-02","","","","0226999485","24.00","157-846","서울특별시 강서구 방화동 249-202","서울특별시 강서구 초원로14길 28-4, 1층 (방화동)","07616","방화동 세탁소","2026-01-02 10:02:10","U","2026-01-04 02:40:00","빨래방업","183431.992405907","451695.954665388","빨래방업","0","0","1","0","0","0","","","","","1","0","0","0","N",
"37","세탁업","06_20_01_P","3350000","3350000-205-2020-00001","2020-03-16","","01","영업/정상","01","영업","","","","","","56.50","609-828","부산광역시 금정구 서동 141-415","부산광역시 금정구 금사로 37, 1층 (서동)","46315","백송크리닝","2026-01-02 16:11:14","U","2026-01-04 02:40:00","일반세탁업","391897.219739398","192889.944682652","일반세탁업","0","0","","","","","","","","","2","0","0","3","N",
"38","세탁업","06_20_01_P","3940000","4100100-205-2024-00002","2024-05-16","","01","영업/정상","01","영업","","","","","","278.00","411-808","경기도 고양시 일산서구 덕이동 359-13","경기도 고양시 일산서구 경의로 963-67 (덕이동)","10231","새물내 클린","2026-01-02 11:16:58","U","2026-01-04 02:40:00","일반세탁업","178457.642558495","466663.020749565","일반세탁업","0","0","0","0","0","0","","","","","2","0","0","0","N",
"39","세탁업","06_20_01_P","3620000","3620000-205-2008-00013","2008-08-08","","03","폐업","02","폐업","2025-12-31","","","","062 653 5150","35.00","500-190","광주광역시 북구 연제동 1009 대주2차아파트 상가 103호","광주광역시 북구 양일로 52-1 (연제동, 대주2차@상가 103호)","61091","대주세탁소","2026-01-02 10:52:19","U","2026-01-04 02:40:00","일반세탁업","188089.27881409","188635.58959181","일반세탁업","0","0","0","0","0","0","","","","","1","0","0","0","N",
"40","세탁업","06_20_01_P","3620000","3620000-205-1992-00034","1992-11-24","","03","폐업","02","폐업","2025-12-31","","","","062 2662359","37.49","500-841","광주광역시 북구 오치동 1003 주공종합상가 105호","광주광역시 북구 서하로194번길 2 (오치동, 주공A 종합상가105호)","61119","그랜드사","2026-01-02 10:48:23","U","2026-01-04 02:40:00","일반세탁업","190889.056443471","187398.6795568","일반세탁업","0","0","0","0","0","0","","","","","0","0","0","0","N",
"41","세탁업","06_20_01_P","3220000","3220000-205-2009-00008","2009-03-24","","03","폐업","02","폐업","2026-01-02","","","","02572 0334","59.40","135-855","서울특별시 강남구 도곡동 458-8 1층","서울특별시 강남구 논현로26길 54 (도곡동,1층)","06300","크리네코 도곡","2026-01-02 10:16:22","U","2026-01-04 02:40:00","일반세탁업","204039.597083984","442435.293739552","일반세탁업","0","0","1","1","0","0","","","","임대","1","0","0","1","N",
"42","세탁업","06_20_01_P","3460000","3460000-205-2012-00007","2012-07-23","","01","영업/정상","01","영업","","","","","053 744 4327","60.64","706-821","대구광역시 수성구 범어동 204-1","대구광역시 수성구 범어로19길 11, 41호,42호,43호,51,52호 (범어동)","42087","명품세탁옷수선","2026-01-02 09:54:55","U","2026-01-04 02:40:00","일반세탁업","347631.711844926","263195.091440135","일반세탁업","3","1","2","2","0","0","","","","임대","2","","","1","N",
"43","세탁업","06_20_01_P","3150000","3150000-205-1998-00012","1998-08-11","","03","폐업","02","폐업","2026-01-02","","","","0226666886","22.08","157-856","서울특별시 강서구 방화동 817 동성아파트상가 106호","서울특별시 강서구 금낭화로23길 8 (방화동,동성아파트상가 106호)","07509","동성세탁소","2026-01-02 14:12:48","U","2026-01-04 02:40:00","일반세탁업","183340.03965069","453050.733807442","일반세탁업","0","0","0","0","0","0","","","","","0","0","0","1","N",
"44","세탁업","06_20_01_P","3330000","3330000-205-2018-00004","2018-09-28","","01","영업/정상","01","영업","","","","","","70.40","612-808","부산광역시 해운대구 반송동 872 삼한그린타운2차","부산광역시 해운대구 신반송로 102, 213동 지하1층 103호 (반송동, 삼한그린타운2차)","48012","대진세탁","2026-01-02 15:33:19","U","2026-01-04 02:40:00","일반세탁업","396841.065778346","194463.478475608","일반세탁업","5","-1","0","0","0","0","","","","","2","0","0","0","N",
"45","세탁업","06_20_01_P","4721000","4721000-205-2015-00003","2015-12-02","","01","영업/정상","01","영업","","","","","0632232369","32.25","","전북특별자치도 완주군 이서면 갈산리 637","전북특별자치도 완주군 이서면 출판로 23","55365","한결같은 세탁소","2026-01-02 16:33:18","U","2026-01-04 02:40:00","일반세탁업","204848.726864938","260070.516875607","일반세탁업","0","0","0","0","0","0","","","","","2","0","0","1","N",
"46","세탁업","06_20_01_P","3200000","3200000-205-2006-00017","2006-09-07","","01","영업/정상","01","영업","","","","","02 8865009","24.00","151-892","서울특별시 관악구 신림동 1436-4","서울특별시 관악구 신림동5길 28 (신림동)","08760","세탁천국","2026-01-02 15:21:26","U","2026-01-04 02:40:00","일반세탁업","193507.280112401","442639.897579455","일반세탁업","","","1","1","","","","","","임대","","","","","N",
"47","세탁업","06_20_01_P","3540000","3540000-205-2026-00001","2026-01-05","","01","영업/정상","01","영업","","","","","","137.70","403-859","인천광역시 부평구 부평동 534-91 청자빌딩 1층","인천광역시 부평구 경원대로 1344, 청자빌딩 1층 (부평동)","21404","크린 마망","2026-01-05 14:06:27","I","2026-01-07 00:20:36","일반세탁업","175016.793583439","443231.547308962","일반세탁업","0","0","1","1","0","0","","","","","0","0","0","0","N",
"48","세탁업","06_20_01_P","3640000","3640000-205-2026-00001","2026-01-05","","01","영업/정상","01","영업","","","","","","36.96","300-835","대전광역시 동구 홍도동 47-2","대전광역시 동구 동산초교로 41, 106호 (홍도동)","34556","신동아세탁소","2026-01-05 15:13:26","I","2026-01-07 00:20:36","일반세탁업","238092.285624623","316364.894312182","일반세탁업","0","0","0","0","0","0","","","","","2","0","0","0","N",
"49","세탁업","06_20_01_P","4090000","4090000-205-2026-00001","2026-01-05","","01","영업/정상","01","영업","","","","","","84.32","415-060","경기도 김포시 장기동 1913-2","경기도 김포시 김포한강1로 77-33, 1층 (장기동)","10080","카시트&유모차 세탁 포베베 김포","2026-01-05 14:09:30","I","2026-01-07 00:20:36","일반세탁업","170785.980313986","460478.124547837","일반세탁업","0","0","0","0","0","0","","","","임대","4","0","0","0","N",
"50","세탁업","06_20_01_P","6520000","6520000-205-1990-00001","1990-02-13","","01","영업/정상","01","영업","","","","","064 7628981","38.86","697-844","제주특별자치도 서귀포시 서귀동 303-8","제주특별자치도 서귀포시 서문서로55번길 12 (서귀동)","63593","옥슨세탁소","2026-01-05 10:04:39","U","2026-01-07 02:40:00","일반세탁업","158745.086901403","-27053.1645347477","일반세탁업","0","0","0","0","0","0","","","","","0","","","0","N",
"51","세탁업","06_20_01_P","3000000","3000000-205-2006-00002","2006-02-17","","03","폐업","02","폐업","2026-01-05","","","","02  765 3485","20.40","110-840","서울특별시 종로구 창신동 232 두산상가 202호","서울특별시 종로구 지봉로5길 7 (창신동, 두산상가 202호)","03104","두산세탁소","2026-01-05 10:44:02","U","2026-01-07 02:40:00","일반세탁업","201192.534300327","452436.247037246","일반세탁업","0","0","2","2","0","0","","","","","0","0","0","0","N",
"52","세탁업","06_20_01_P","3990000","3990000-205-2017-00013","2017-11-20","","01","영업/정상","01","영업","","","","","","30.24","472-749","경기도 남양주시 오남읍 양지리 193-1 극동아파트 상가동 101호","경기도 남양주시 오남읍 진건오남로884번길 22-59, 상가동 101호 (극동아파트)","12036","아웃도어크리닝수선전문점","2026-01-05 16:57:45","U","2026-01-07 02:40:00","일반세탁업","217786.847131895","467099.600938788","일반세탁업","2","0","1","1","","","","","","임대","1","0","0","1","N",
"53","세탁업","06_20_01_P","3990000","3990000-205-2018-00002","2018-02-12","","03","폐업","02","폐업","2026-01-05","","","","","37.00","","경기도 남양주시 다산동 5864 다산 자연 앤 롯데캐슬 근린생활시설 상가동 201호","경기도 남양주시 다산중앙로146번길 5, 다산 자연 앤 롯데캐슬 근린생활시설 상가동 2층 201호 (다산동)","12285","롯데세탁","2026-01-05 14:45:16","U","2026-01-07 02:40:00","일반세탁업","213530.174051329","458327.645779041","일반세탁업","2","0","2","2","0","0","","","","","2","0","0","2","N",
"54","세탁업","06_20_01_P","4090000","4090000-205-2008-00007","2008-10-13","","01","영업/정상","01","영업","","","","","031 988 1103","40.50","415-080","경기도 김포시 구래동 6874-17 호수마을 e편한세상아파트 상가동 106호","경기도 김포시 김포한강5로 385, 상가동 106호 (구래동, 호수마을 e편한세상아파트)","10063","명품세탁","2026-01-05 13:47:11","U","2026-01-07 02:40:00","일반세탁업","167202.081452415","460902.05987808","일반세탁업","0","0","2","2","0","0","","","","임대","1","","","1","N",
"55","세탁업","06_20_01_P","5710000","5735000-205-1995-01006","1995-04-19","","01","영업/정상","01","영업","","","","","043 212 1260","28.42","360-820","충청북도 청주시 청원구 율량동 1204 성원아파트","충청북도 청주시 청원구 주성로132번길 14, 성원아파트 상가동 1층 104호 (율량동)","28339","성원세탁소","2026-01-05 16:24:05","U","2026-01-07 02:40:00","일반세탁업","242922.257699602","352121.755522768","일반세탁업","1","0","0","0","0","0","","","","","0","0","0","0","N",
"56","세탁업","06_20_01_P","5710000","5730000-205-2025-00001","2025-01-08","","01","영업/정상","01","영업","","","","","","493.95","361-913","충청북도 청주시 흥덕구 옥산면 신촌리 30-10 1층","충청북도 청주시 흥덕구 옥산면 신촌길 81-3, 1층","28114","레몬기업","2026-01-05 13:45:12","U","2026-01-07 02:40:00","일반세탁업","231570.302900742","350573.056892674","일반세탁업","0","0","0","0","0","0","","","","","1","0","0","1","N",
"57","세탁업","06_20_01_P","3500000","3500000-205-2026-00001","2026-01-07","","01","영업/정상","01","영업","","","","","","29.64","401-040","인천광역시 동구 송현동 154 솔빛마을주공아파트","인천광역시 동구 송현로 50, 솔빛마을 주공아파트 분산상가 B동 1층 103호 (송현동, 솔빛마을주공아파트)","22547","솔빛세탁소","2026-01-07 12:06:55","I","2026-01-09 00:20:01","일반세탁업","167816.651034315","441843.07833343","일반세탁업","0","0","0","0","0","0","","","","","2","0","0","1","N",
"58","세탁업","06_20_01_P","3210000","3210000-205-2026-00002","2026-01-06","","01","영업/정상","01","영업","","","","","","0.00","137-834","서울특별시 서초구 방배동 828-28 창희림","서울특별시 서초구 방배천로30길 22, 101호 (방배동, 창희림)","06564","마마운동화 이불 빨래방","2026-01-06 11:11:20","I","2026-01-09 00:20:01","세탁업 기타","198771.112974038","442870.390239061","세탁업 기타","1","0","0","0","0","0","","","","","3","0","0","0","N",
"59","세탁업","06_20_01_P","3090000","3090000-205-2026-00001","2026-01-06","","01","영업/정상","01","영업","","","","","","20.16","132-030","서울특별시 도봉구 쌍문동 산 69-1 금호타운2차아파트 상가동 106호","서울특별시 도봉구 해등로 241-14, 상가동 106호 (쌍문동, 금호타운2차아파트)","01429","금호세탁소","2026-01-06 15:12:40","I","2026-01-09 00:20:01","일반세탁업","202485.434176007","461657.415551729","일반세탁업","1","0","1","1","0","0","","","","","1","0","0","1","N",
"60","세탁업","06_20_01_P","3700000","3700000-205-2026-00001","2026-01-07","","01","영업/정상","01","영업","","","","","","0.00","680-801","울산광역시 남구 달동 611-14","울산광역시 남구 신정로68번길 19, 1층 (달동)","44694","운동화 닷컴 빨래방","2026-01-07 16:36:14","I","2026-01-09 00:20:01","일반세탁업","410624.38824773","229011.829739534","일반세탁업","0","0","0","0","0","0","","","","","1","0","0","2","N",
"61","세탁업","06_20_01_P","3120000","3120000-205-2005-00012","2005-08-03","","03","폐업","02","폐업","2026-01-06","","","","02 7327617","23.10","120-090","서울특별시 서대문구 홍제동 461 삼성아파트상가 105호","서울특별시 서대문구 통일로 319 (홍제동,삼성아파트상가 105호)","03731","삼성세탁소","2026-01-06 10:10:35","U","2026-01-09 02:40:00","일반세탁업","195628.369464108","452896.433148713","일반세탁업","1","0","1","1","0","0","","","","","0","0","0","1","N",
"62","세탁업","06_20_01_P","3430000","3430000-205-2003-00189","2003-07-16","","03","폐업","02","폐업","2026-01-06","","","","053 5553782","26.40","703-846","대구광역시 서구 평리동 1190-1","대구광역시 서구 평리로73길 42-2 (평리동)","41826","우리세탁소","2026-01-06 10:57:44","U","2026-01-09 02:40:00","일반세탁업","341050.641885301","264373.838669009","일반세탁업","2","0","1","1","0","0","","","","자가","1","0","0","1","N",
"63","세탁업","06_20_01_P","4050000","5640000-205-2004-00055","2004-10-28","","01","영업/정상","01","영업","","","","","031 272 7872","23.10","448-170","경기도 용인시 수지구 풍덕천동 1180-1 진산마을 삼성7차A 상가동   102호","경기도 용인시 수지구 진산로66번길 27 (풍덕천동,진산마을 삼성7차A 상가동   102호)","16925","쎄븐세탁","2026-01-06 09:46:59","U","2026-01-09 02:40:00","일반세탁업","208630.709808799","423653.517569031","일반세탁업","0","0","0","0","0","0","","","","","0","0","0","1","N",
"64","세탁업","06_20_01_P","3310000","3310000-205-1993-00870","1993-08-31","","03","폐업","02","폐업","2026-01-06","","","","051 6443703","15.48","608-841","부산광역시 남구 우암동 43-17","부산광역시 남구 우암로154번길 54 (우암동)","48489","제일세탁소","2026-01-06 10:22:17","U","2026-01-09 02:40:00","일반세탁업","389687.254101186","182699.370840142","일반세탁업","0","0","0","0","0","0","","","","","0","0","0","1","N",
"65","세탁업","06_20_01_P","4201000","4201000-205-1991-00001","1991-12-06","","01","영업/정상","01","영업","","","","","033 6451180","30.03","","강원특별자치도 강릉시 노암동 251-5","강원특별자치도 강릉시 율곡로2738번길 1, 1층 (노암동)","25584","현대컴퓨터크리닝","2026-01-06 10:45:05","U","2026-01-09 02:40:00","일반세탁업","367860.541561121","473825.561393237","일반세탁업","5","1","0","0","0","0","","","","","0","0","0","0","N",
"66","세탁업","06_20_01_P","3700000","3700000-205-2017-00005","2017-12-22","","03","폐업","02","폐업","2026-01-07","","","","052 271 7786","44.84","680-801","울산광역시 남구 달동 611-14","울산광역시 남구 신정로68번길 19, 1층 (달동)","44694","운동화닷컴빨래방","2026-01-07 08:46:22","U","2026-01-09 02:40:00","일반세탁업","410624.38824773","229011.829739534","일반세탁업","0","0","0","0","0","0","","","","","0","0","0","0","N",
"67","세탁업","06_20_01_P","4820000","4820000-205-1993-00021","1993-04-06","","03","폐업","02","폐업","2026-01-06","","","","061 7539371","25.10","540-945","전라남도 순천시 동외동 198-11 .13","전라남도 순천시 북부시장1길 22 (동외동, .13)","57939","행운 세탁소","2026-01-06 16:31:52","U","2026-01-09 02:40:00","일반세탁업","244332.309602223","162267.890781189","일반세탁업","0","0","0","0","0","0","","","","","0","0","0","0","N",
"68","세탁업","06_20_01_P","4800000","4800000-205-2010-00007","2010-09-29","","03","폐업","02","폐업","2026-01-06","","","","061 285 5989","35.28","530-852","전라남도 목포시 옥암동 1338 골든크래스아파트상가동104","전라남도 목포시 남악1로16번길 10 (옥암동,골든크래스아파트상가동104)","58680","골드클래스세탁","2026-01-06 10:16:23","U","2026-01-09 02:40:00","일반세탁업","149493.768308057","145435.560819882","일반세탁업","1","0","1","0","0","0","","","","임대","2","1","1","1","N",
"69","세탁업","06_20_01_P","4530000","4530000-205-2024-00001","2024-07-04","","01","영업/정상","01","영업","","","","","","485.82","356-883","충청남도 서산시 인지면 차리 567-1","충청남도 서산시 인지면 차리수량재길 21-29, 1층","32012","글로벌세탁소","2026-01-07 16:18:48","U","2026-01-09 02:40:00","일반세탁업","145536.961921036","364588.877223314","일반세탁업","1","0","1","1","0","0","","","","임대","3","0","0","2","N",
"70","세탁업","06_20_01_P","4800000","4800000-205-2013-00008","2013-11-06","","03","폐업","02","폐업","2026-01-06","","","","061 277 9922","40.00","530-840","전라남도 목포시 용해동 126","전라남도 목포시 삼학로 363, 1층 107호 (용해동, 신안인스빌상가동)","58702","신안인스빌세탁소","2026-01-06 13:31:25","U","2026-01-09 02:40:00","일반세탁업","145722.189749522","145095.384803475","일반세탁업","1","0","1","1","0","0","","","","","2","0","1","0","N",
"71","세탁업","06_20_01_P","3210000","3210000-205-2020-00001","2020-02-21","","03","폐업","02","폐업","2026-01-06","","","","","29.55","137-834","서울특별시 서초구 방배동 828-28 1동 101호","서울특별시 서초구 방배천로30길 22, 1층 101호 (방배동, 창희림)","06564","마마운동화이불빨래방","2026-01-06 11:56:03","U","2026-01-09 02:40:00","일반세탁업","198771.112974038","442870.390239061","일반세탁업","0","0","1","1","0","0","","","","임대","4","0","0","0","N",
"72","세탁업","06_20_01_P","3660000","3660000-205-2025-00005","2025-12-17","","01","영업/정상","01","영업","","","","","","25.95","302-782","대전광역시 서구 둔산동 1809 국화아파트","대전광역시 서구 둔산로 201, 동성상가동 2층 206호 (둔산동, 국화아파트)","35245","동성컴퓨터세탁","2026-01-07 17:43:37","U","2026-01-09 02:40:00","일반세탁업","235601.966296401","317086.727396939","일반세탁업","2","1","2","2","0","0","","","","임대","1","0","0","1","N",
"73","세탁업","06_20_01_P","3680000","3680000-205-2005-00004","2005-03-18","","01","영업/정상","01","영업","","","","","042 931 5859","51.04","306-816","대전광역시 대덕구 신탄진동 134-4","대전광역시 대덕구 신탄진북로 17 (신탄진동)","34310","운동화빨래방(신탄점)","2026-01-06 15:07:13","U","2026-01-09 02:40:00","일반세탁업","238939.72854695","327749.596243322","일반세탁업","0","0","1","0","0","0","","","","","0","","","0","N",
"74","세탁업","06_20_01_P","3090000","3090000-205-2006-00005","2006-05-25","","03","폐업","02","폐업","2026-01-06","","","","9082307","15.70","132-030","서울특별시 도봉구 쌍문동 산 69-1 상가동 106호지상1층","서울특별시 도봉구 해등로 241-14, 상가동 지상1층 106호 (쌍문동)","01429","금호세탁소","2026-01-06 13:46:40","U","2026-01-09 02:40:00","일반세탁업","202485.434176007","461657.415551729","일반세탁업","0","0","1","1","0","0","","","","","3","0","0","0","N",
"75","세탁업","06_20_01_P","3990000","3990000-205-2003-00055","2003-06-26","","03","폐업","02","폐업","2026-01-06","","","","031 5951510","","472-935","경기도 남양주시 평내동 41-5","경기도 남양주시 의안로260번길 44 (평내동)","12220","백구크리닝","2026-01-06 13:21:00","U","2026-01-09 02:40:00","빨래방업","221805.447530558","460819.844661254","빨래방업","0","0","0","0","0","0","","","","","0","0","0","0","N",
"76","세탁업","06_20_01_P","3780000","3810000-205-2016-00004","2016-08-29","","01","영업/정상","01","영업","","","","","031 701 0338","62.64","463-420","경기도 성남시 분당구 백현동 530 알파리움 타워2동 B101 일부","경기도 성남시 분당구 판교역로 145 (백현동, 알파리움 타워2동 B101 일부)","13530","알파돔세탁","2026-01-06 17:37:56","U","2026-01-09 02:40:00","일반세탁업","209526.962902505","432419.161779872","일반세탁업","0","0","0","0","0","0","","","","","4","0","0","2","N",
"77","세탁업","06_20_01_P","4641000","4651000-205-2017-00001","2017-02-01","","01","영업/정상","01","영업","","","","","","40.00","","전북특별자치도 전주시 완산구 효자동2가 1266-8","전북특별자치도 전주시 완산구 구룡1길 26, 1층 (효자동2가)","55061","오성세탁나라","2026-01-07 11:23:12","U","2026-01-09 02:40:00","일반세탁업","209376.972811414","256824.911290726","일반세탁업","4","0","1","1","0","0","","","","","2","0","0","0","N",
"78","세탁업","06_20_01_P","5710000","5720000-205-2005-01007","2005-07-26","","03","폐업","02","폐업","2026-01-07","","","","043 292 5706","68.99","360-823","충청북도 청주시 상당구 용암동 1275","충청북도 청주시 상당구 용암로87번길 6 (용암동)","28771","명품세탁소","2026-01-07 10:33:46","U","2026-01-09 02:40:00","일반세탁업","244986.094264611","346090.147854353","일반세탁업","2","0","1","1","0","0","","","","임대","0","0","0","0","N",
"79","세탁업","06_20_01_P","3460000","3460000-205-2006-00032","2006-12-27","","03","폐업","02","폐업","2026-01-06","","","","053 741 0076","30.24","706-807","대구광역시 수성구 만촌동 867-33","대구광역시 수성구 교학로7길 88 (만촌동)","42074","꿈에그린크리닝","2026-01-06 11:35:46","U","2026-01-09 02:40:00","일반세탁업","349514.590493317","262457.897841767","일반세탁업","2","0","1","1","0","0","","","","임대","2","0","1","0","N",
"80","세탁업","06_20_01_P","4530000","4530000-205-2009-00006","2009-11-19","","03","폐업","02","폐업","2026-01-06","","","","","257.42","356-883","충청남도 서산시 인지면 차리 567-1","충청남도 서산시 인지면 차리수량재길 21-29","32012","클린업(UP)","2026-01-06 15:50:03","U","2026-01-09 02:40:00","일반세탁업","145536.961921036","364588.877223314","일반세탁업","0","0","1","1","0","0","","","","임대","2","0","0","0","N",
"81","세탁업","06_20_01_P","3290000","3290000-205-2005-00015","2005-07-06","","01","영업/정상","01","영업","","","","","051 8059372","14.20","614-844","부산광역시 부산진구 부전동 351-12","부산광역시 부산진구 부전로152번길 33 (부전동)","47253","진주세탁소","2026-01-08 11:36:09","U","2026-01-10 02:40:00","일반세탁업","387469.246439586","186561.680068419","일반세탁업","2","","1","1","","","","","","임대","","","","","N",
"82","세탁업","06_20_01_P","3110000","3110000-205-2005-00001","2005-01-04","","03","폐업","02","폐업","2026-01-08","","","","02 3848563","22.92","122-814","서울특별시 은평구 갈현동 499-17","서울특별시 은평구 갈현로 234 (갈현동)","03332","선일사","2026-01-08 11:39:37","U","2026-01-10 02:40:00","일반세탁업","192441.146366445","457290.445569543","일반세탁업","4","0","1","1","0","0","","","","임대","2","0","0","0","N",
"83","세탁업","06_20_01_P","3330000","3330000-205-1996-01118","1996-05-08","","01","영업/정상","01","영업","","","","","051 7428526","16.90","612-818","부산광역시 해운대구 우동 267-31","부산광역시 해운대구 우동3로11번길 28 (우동)","48086","우일세탁소","2026-01-08 10:25:34","U","2026-01-10 02:40:00","일반세탁업","396965.5112972","187707.37307568","일반세탁업","3","1","","1","","","","","","임대","","","","1","N",
"84","세탁업","06_20_01_P","3990000","3990000-205-2018-00005","2018-08-27","","03","폐업","02","폐업","2026-01-08","","","","031 575 9021","69.52","","경기도 남양주시 퇴계원읍 퇴계원리 73-8","경기도 남양주시 퇴계원읍 퇴계원로 104, 2층","12119","슈즈닥터","2026-01-08 13:43:55","U","2026-01-10 02:40:00","운동화전문세탁업","212700.333773946","461471.162154675","운동화전문세탁업","0","0","0","0","0","0","","","","","3","0","0","3","N",
"85","세탁업","06_20_01_P","4900000","4900000-205-2024-00001","2024-01-03","","01","영업/정상","01","영업","","","","","","147.00","519-881","전라남도 화순군 동면 천덕리 368","전라남도 화순군 동면 충의로 811-1","58131","유한회사 스마트플러스세탁","2026-01-08 16:29:56","U","2026-01-10 02:40:00","일반세탁업","204076.326874658","170218.474805659","일반세탁업","0","0","0","0","0","0","","","","임대","3","0","0","2","N",
"86","세탁업","06_20_01_P","4751000","4751000-205-1987-00001","1987-06-01","","01","영업/정상","01","영업","","","","","063 3512432","11.84","","전북특별자치도 장수군 장수읍 장수리 508","전북특별자치도 장수군 장수읍 장천로 172","55633","광성세탁소","2026-01-08 15:45:56","U","2026-01-10 02:40:00","일반세탁업","246901.321533807","238756.234030797","일반세탁업","1","0","1","0","0","0","","","","","0","0","0","0","N",
"87","세탁업","06_20_01_P","4641000","4661000-205-1991-00014","1991-08-31","","01","영업/정상","01","영업","","","","","063 2752084","0.00","","전북특별자치도 전주시 덕진구 덕진동1가 1276-1","전북특별자치도 전주시 덕진구 덕진광장로 8 (덕진동1가)","54898","지구컴퓨터크리닝","2026-01-08 14:55:05","U","2026-01-10 02:40:00","일반세탁업","211189.717054736","260414.830283553","일반세탁업","0","0","0","0","0","0","","","","","0","0","0","0","N",
"88","세탁업","06_20_01_P","3480000","3480000-205-2014-00004","2014-08-19","","03","폐업","02","폐업","2026-01-08","","","","053 585 2260","91.80","711-813","대구광역시 달성군 다사읍 서재리 115-1","대구광역시 달성군 다사읍 서재로 103","42923","크린빌리지","2026-01-08 10:34:26","U","2026-01-10 02:40:00","일반세탁업","335174.101744819","264660.893765492","일반세탁업","2","0","1","1","0","0","","","","임대","2","0","0","0","N",
"89","세탁업","06_20_01_P","5670000","5670123-205-2025-00001","2025-01-22","","01","영업/정상","01","영업","","","","","055 2998219","199.63","641-863","경상남도 창원시 의창구 동읍 봉산리 153-3 1층","경상남도 창원시 의창구 동읍 자여로 50-26, 1층","51135","오늘도빨래방","2026-01-08 14:57:57","U","2026-01-10 02:40:00","일반세탁업","354352.623913608","198826.529407729","일반세탁업","0","0","1","1","0","0","","","","","3","0","0","4","N",
"90","세탁업","06_20_01_P","4810000","4810000-205-2026-00001","2026-01-09","","01","영업/정상","01","영업","","","","","","0.00","550-804","전라남도 여수시 교동 345-3","전라남도 여수시 통제영3길 6, 1층 (교동)","59736","제이런드리","2026-01-09 16:40:03","I","2026-01-11 00:20:02","일반세탁업","267159.321605303","138249.602849414","일반세탁업","3","1","1","1","0","0","","","","","2","0","0","2","N",
"91","세탁업","06_20_01_P","6510000","6510000-205-1995-00012","1995-04-01","","01","영업/정상","01","영업","","","","","064 7473790","29.67","690-818","제주특별자치도 제주시 연동 2318-15","제주특별자치도 제주시 성신로 20 (연동)","63127","럭키","2026-01-09 10:53:45","U","2026-01-11 02:40:00","일반세탁업","152103.545789816","-402.131564443397","일반세탁업","0","0","0","","0","","","","","","","","","","N",
"92","세탁업","06_20_01_P","3060000","3060000-205-1990-02178","1990-05-29","","03","폐업","02","폐업","2026-01-09","","","","0204342909","26.40","131-876","서울특별시 중랑구 중화동 133-1","서울특별시 중랑구 상봉중앙로5길 38 (중화동)","02090","영신사","2026-01-09 13:08:18","U","2026-01-11 02:40:00","일반세탁업","207462.158544969","455354.185365746","일반세탁업","0","0","0","0","0","0","","","","","0","0","0","0","N",
"93","세탁업","06_20_01_P","5020000","5040000-205-2016-00003","2016-11-30","","01","영업/정상","01","영업","","","","","054 256 1239","39.60","791-948","경상북도 포항시 북구 흥해읍 초곡리 1766 상가2동 103호","경상북도 포항시 북구 흥해읍 초곡지구로 178, 상가2동 103호","37560","호반명품세탁","2026-01-09 14:18:19","U","2026-01-11 02:40:00","일반세탁업","409817.749488394","290786.255623249","일반세탁업","0","0","1","1","0","0","","","","","4","0","0","0","N",
"94","세탁업","06_20_01_P","3360000","3360000-205-2012-00002","2012-03-02","","01","영업/정상","01","영업","","","","","051 338 8588","195.00","618-805","부산광역시 강서구 대저1동 317-21 2동 1층","부산광역시 강서구 대저중앙로 385, 2동 1층 (대저1동)","46701","부산물세탁","2026-01-09 11:48:19","U","2026-01-11 02:40:00","빨래방업","381044.294319984","193130.449345272","빨래방업","0","0","0","0","1","1","","","","","4","0","0","5","N",
"95","세탁업","06_20_01_P","3740000","3760000-205-2025-00002","2025-12-08","","01","영업/정상","01","영업","","","","","","16.63","441-805","경기도 수원시 권선구 고색동 47-6","경기도 수원시 권선구 고색로66번길 10, 1층 일부호 (고색동)","16649","신발세탁","2026-01-09 09:56:39","U","2026-01-11 02:40:00","운동화전문세탁업","198517.008353348","416481.938664782","운동화전문세탁업","0","0","1","1","0","0","","","","","3","0","0","0","N",
"96","세탁업","06_20_01_P","3190000","3190000-205-1995-01647","1995-07-19","","03","폐업","02","폐업","2026-01-09","","","","02 8248914","23.10","156-810","서울특별시 동작구 대방동 380-33","서울특별시 동작구 대방동27길 46-1 (대방동)","06945","그린세탁소","2026-01-09 13:33:58","U","2026-01-11 02:40:00","일반세탁업","193215.479063424","444547.144472589","일반세탁업","0","0","0","0","0","0","","","","","1","0","0","1","N",
"97","세탁업","06_20_01_P","4641000","4661000-205-2005-00003","2005-03-07","","01","영업/정상","01","영업","","","","","","33.50","","전북특별자치도 전주시 덕진구 팔복동2가 130-2 남양아파트상가 106호","전북특별자치도 전주시 덕진구 팔복1길 8 (팔복동2가, 남양아파트상가 106호)","54883","남양컴퓨터세탁","2026-01-09 10:34:19","U","2026-01-11 02:40:00","일반세탁업","209372.447176563","260884.489468875","일반세탁업","0","0","0","0","0","0","","","","임대","0","0","0","0","N",
"98","세탁업","06_20_01_P","5540000","5540000-205-2014-00007","2014-08-18","","01","영업/정상","01","영업","","","","","031  7981223","45.01","464-842","경기도 광주시 퇴촌면 관음리 504-6","경기도 광주시 퇴촌면 천진암로 591","12713","명동","2026-01-09 09:40:25","U","2026-01-11 02:40:00","일반세탁업","229219.548546573","439717.731629561","일반세탁업","1","0","","","1","","","","","","1","","","1","N",
"99","세탁업","06_20_01_P","3860000","3881000-205-1995-04284","1995-12-01","","01","영업/정상","01","영업","","","","","032 3488967","30.00","","경기도 부천시 소사구 소사본동 401-13 ,주공아파트상가 103호","경기도 부천시 소사구 소사로78번길 72, 103호 (소사본동, 주공아파트상가)","14774","주공크리닝","2026-01-09 11:47:43","U","2026-01-11 02:40:00","일반세탁업","182404.981444331","440637.144450712","일반세탁업","1","0","1","1","0","0","","","","","1","0","0","0","N",
"100","세탁업","06_20_01_P","3720000","3720000-205-2026-00001","2026-01-12","","01","영업/정상","01","영업","","","","","052293 9477","0.00","683-480","울산광역시 북구 상안동 357-5","울산광역시 북구 아진로 41-3, 지상1층 (상안동)","44209","스타일","2026-01-12 09:50:15","I","2026-01-14 00:20:02","일반세탁업","412212.436767965","239174.488751456","일반세탁업","5","0","1","0","0","0","","","","","1","0","0","0","N",
"101","세탁업","06_20_01_P","3990000","3990000-205-2019-00001","2019-01-15","","03","폐업","02","폐업","2026-01-12","","","","","53.28","472-811","경기도 남양주시 별내면 청학리 471-12 1층","경기도 남양주시 별내면 청학로 109, 1층","12089","청담갤러리세탁","2026-01-12 11:24:11","U","2026-01-14 02:40:00","운동화전문세탁업","210066.028151066","467294.802267744","운동화전문세탁업","0","0","0","0","0","0","","","","","1","0","0","0","N",
"102","세탁업","06_20_01_P","6510000","6510000-205-2003-00017","2003-06-07","","01","영업/정상","01","영업","","","","","064 7288258","93.00","690-808","제주특별자치도 제주시 삼도이동 1254","제주특별자치도 제주시 탑동로 66 (삼도이동)","63165","더케이제주호텔 주식회사","2026-01-12 13:39:16","U","2026-01-14 02:40:00","일반세탁업","155061.875089923","2562.87126480575","일반세탁업","9","1","0","0","0","1","","","","자가","0","0","0","0","N",
"103","세탁업","06_20_01_P","3080000","3080000-205-2020-00001","2020-05-06","","01","영업/정상","01","영업","","","","","","21.69","142-888","서울특별시 강북구 수유동 726-2 1층","서울특별시 강북구 노해로27길 66, 1층 (수유동)","01045","우리신발세탁소","2026-01-12 14:34:41","U","2026-01-14 02:40:00","운동화전문세탁업","201783.625174481","460510.614097619","운동화전문세탁업","0","0","0","0","0","0","","","","","0","0","0","1","N",
"104","세탁업","06_20_01_P","3190000","3190000-205-1996-01621","1996-03-29","","01","영업/정상","01","영업","","","","","02 8356901","16.80","156-855","서울특별시 동작구 신대방동 707 현대상가","서울특별시 동작구 여의대방로 30, 현대상가 제112동 제2층 제비214,215호 (신대방동)","07064","소망세탁소","2026-01-12 11:24:03","U","2026-01-14 02:40:00","일반세탁업","192170.155815215","443599.41901313","일반세탁업","0","0","0","0","0","0","","","","","2","0","0","1","N",
"105","세탁업","06_20_01_P","5590000","5590000-205-2026-00001","2026-01-13","","01","영업/정상","01","영업","","","","","","54.37","482-110","경기도 양주시 삼숭동 555-7 1층 일부","경기도 양주시 부흥로 2148, 1층 일부 (삼숭동)","11485","코인워시365 양주미소점","2026-01-13 16:29:26","I","2026-01-15 00:20:35","일반세탁업","208106.71172484","478221.149414111","일반세탁업","0","0","1","1","0","0","","","","","4","0","0","4","N",
"106","세탁업","06_20_01_P","3140000","3140000-205-2004-00016","2004-07-13","","03","폐업","02","폐업","2026-01-13","","","","0226453989","26.00","158-070","서울특별시 양천구 신정동 1296 신정동 아이파크 상가동 203호","서울특별시 양천구 목동동로 180, 상가동 203호 (신정동, 신정동 아이파크)","08010","현대세탁소","2026-01-13 16:12:35","U","2026-01-15 02:40:00","일반세탁업","188629.222126032","446609.345448227","일반세탁업","0","0","0","0","0","0","","","","","0","0","0","0","N",
"107","세탁업","06_20_01_P","5590000","5590000-205-2004-00006","2004-03-26","","01","영업/정상","01","영업","","","","","","29.39","482-110","경기도 양주시 삼숭동 683-2 양주프라자2","경기도 양주시 삼숭로38번길 71, 양주프라자2 3106호 (삼숭동)","11486","삼숭","2026-01-13 15:33:16","U","2026-01-15 02:40:00","일반세탁업","209192.636744517","477147.291013538","일반세탁업","0","0","2","2","0","0","","","","","4","0","0","2","N",
"108","세탁업","06_20_01_P","6510000","6510000-205-2024-00004","2024-07-30","","01","영업/정상","01","영업","","","","","","331.82","690-822","제주특별자치도 제주시 용담이동 779-6","제주특별자치도 제주시 용해로 125, 1층 (용담이동)","63159","하이세탁","2026-01-13 14:14:11","U","2026-01-15 02:40:00","일반세탁업","154030.256999831","1242.34608935031","일반세탁업","3","0","1","1","0","0","","","","","5","0","0","7","N",
"109","세탁업","06_20_01_P","4010000","4010000-205-2021-00005","2021-12-28","","01","영업/정상","01","영업","","","","","031 432 1711","65.62","","경기도 시흥시 배곧동 221 시흥배곧 C2블럭 호반 써밋플레이스 아파트","경기도 시흥시 서울대학로264번길 12, 208동 제B-101호 (배곧동, 시흥배곧 C2블럭 호반 써밋플레이스 아파트)","15011","맵시세탁소","2026-01-13 11:38:37","U","2026-01-15 02:40:00","일반세탁업","175567.50349741","429607.563940626","일반세탁업","0","0","0","0","0","0","","","","","0","0","0","0","N",
"110","세탁업","06_20_01_P","3050000","3050000-205-2014-00008","2014-11-03","","01","영업/정상","01","영업","","","","","02 4688717","244.36","130-854","서울특별시 동대문구 전농동 213-16","서울특별시 동대문구 서울시립대로16길 16, 1층 (전농동)","02550","그린","2026-01-13 16:30:49","U","2026-01-15 02:40:00","일반세탁업","204505.252441033","453051.694891849","일반세탁업","0","0","1","1","","","","","","","5","0","0","1","N",
"111","세탁업","06_20_01_P","3980000","3980000-205-2003-00073","2003-04-15","","01","영업/정상","01","영업","","","","","","22.63","471-761","경기도 구리시 토평동 960 삼성아파트 1층 상가동 106호","경기도 구리시 장자대로111번길 6, 삼성아파트 상가동 1층 106호 (토평동)","11947","삼성세탁소","2026-01-13 11:17:51","U","2026-01-15 02:40:00","일반세탁업","212694.910550805","453969.41049388","일반세탁업","0","0","0","0","0","0","","","","","0","0","0","0","N",
"112","세탁업","06_20_01_P","5080000","5080000-205-2025-00001","2025-05-19","","01","영업/정상","01","영업","","","","","","0.00","730-909","경상북도 구미시 도량동 558-59 1층","경상북도 구미시 야은로 435-4, 1층 (도량동)","39199","깨끗한세탁","2026-01-13 16:54:35","U","2026-01-15 02:40:00","일반세탁업","319701.54327984","293712.849945497","일반세탁업","0","0","0","0","0","0","","","","","3","0","0","2","N",
"113","세탁업","06_20_01_P","3940000","3960100-205-1997-00018","1997-03-13","","03","폐업","02","폐업","2026-01-13","","","","031 9062080","19.63","410-811","경기도 고양시 일산동구 마두동 789 강촌마을 분산상가동 104호","경기도 고양시 일산동구 강석로 110, 분산상가동 104호 (마두동, 강촌마을)","10415","강촌세탁소","2026-01-13 16:36:32","U","2026-01-15 02:40:00","일반세탁업","180616.226680491","461000.693889075","일반세탁업","0","0","0","0","0","0","","","","","0","0","0","1","N",
"114","세탁업","06_20_01_P","3510500","3510500-205-2026-00002","2026-01-14","","01","영업/정상","01","영업","","","","","","90.92","","인천광역시 미추홀구 용현동 577-35","인천광역시 미추홀구 용오로 50, 1층 (용현동)","22187","흥복사","2026-01-14 15:01:34","I","2026-01-16 00:20:02","일반세탁업","168114.351880706","439227.886169643","일반세탁업","0","0","1","0","0","0","","","","","2","0","0","2","N",
"115","세탁업","06_20_01_P","6510000","6510000-205-2005-00012","2005-07-26","","01","영업/정상","01","영업","","","","","064 7241018","31.95","690-807","제주특별자치도 제주시 도남동 54-30","제주특별자치도 제주시 도남로 70 (도남동)","63204","오운사","2026-01-14 13:23:36","U","2026-01-16 02:40:00","일반세탁업","156035.232035704","-155.455402945844","일반세탁업","1","0","0","0","0","0","","","","","0","0","0","0","N",
"116","세탁업","06_20_01_P","6510000","6510000-205-2010-00009","2010-09-29","","01","영업/정상","01","영업","","","","","064 749 6119","49.50","690-821","제주특별자치도 제주시 용담이동 359-55","제주특별자치도 제주시 흥운길 34 (용담이동)","63156","일일구","2026-01-14 13:28:08","U","2026-01-16 02:40:00","일반세탁업","154609.325312455","1807.72746465459","일반세탁업","0","0","1","0","0","0","","","","","0","0","0","0","N",
"117","세탁업","06_20_01_P","3070000","3070000-205-1995-02840","1995-10-10","","01","영업/정상","01","영업","","","","","02  982 8886","24.25","136-110","서울특별시 성북구 길음동 1278 길음동동부센트레빌아파트","서울특별시 성북구 숭인로 16, 길음동동부센트레빌아파트 상가동 101호 (길음동)","02726","괜찮은세탁소","2026-01-14 15:57:47","U","2026-01-16 02:40:00","일반세탁업","202073.752572838","456449.070674026","일반세탁업","","","","","","","","","","","","","","","N",
"118","세탁업","06_20_01_P","3630000","3630000-205-2003-00007","2003-02-25","","03","폐업","02","폐업","2026-01-14","","","","062 9710321","33.00","506-823","광주광역시 광산구 월계동 765-2 라인1차@ 2동상가","광주광역시 광산구 월계로 117-32 (월계동,라인1차@ 2동상가)","62260","라인1차세탁소","2026-01-14 15:16:02","U","2026-01-16 02:40:00","일반세탁업","185428.659086869","190839.197786654","일반세탁업","0","0","0","0","0","0","","","","","0","0","0","1","N",
"119","세탁업","06_20_01_P","3400000","3400000-205-1999-00001","1999-11-29","","01","영업/정상","01","영업","","","","","","236.74","619-903","부산광역시 기장군 기장읍 대라리 147-7","부산광역시 기장군 기장읍 대청로35번길 5","46070","주식회사 보현홀딩스","2026-01-14 15:06:28","U","2026-01-16 02:40:00","빨래방업","401462.515809751","195464.117233405","빨래방업","2","0","1","1","0","0","","","","자가","5","","","7","N",
"120","세탁업","06_20_01_P","3460000","3460000-205-2026-00001","2026-01-15","","01","영업/정상","01","영업","","","","","","0.00","706-800","대구광역시 수성구 두산동 126-15 1층","대구광역시 수성구 무학로23길 97, 1층 (두산동)","42175","슈레브(SHVREVE)","2026-01-15 15:09:51","I","2026-01-17 00:20:02","일반세탁업","346491.390982638","260606.811710639","일반세탁업","0","0","0","0","0","0","","","","","0","0","0","0","N",
"121","세탁업","06_20_01_P","6510000","6510000-205-2026-00001","2026-01-15","","01","영업/정상","01","영업","","","","","","64.56","690-824","제주특별자치도 제주시 이도이동 97-14","제주특별자치도 제주시 신설동길 89-1, 1층 (이도이동)","63305","꿈드림(Dream)","2026-01-15 10:59:27","I","2026-01-17 00:20:02","세탁업 기타","158242.703223319","-426.615645356942","세탁업 기타","0","0","1","1","0","0","공유재산 사용허가 기간","20260115","20291117","","5","0","0","4","N",
"122","세탁업","06_20_01_P","3320000","3320000-205-2026-00001","2026-01-15","","01","영업/정상","01","영업","","","","","","46.28","616-801","부산광역시 북구 구포동 1060-331","부산광역시 북구 구포만세길 134, 1층 (구포동)","46501","봉화세탁소","2026-01-15 14:29:26","I","2026-01-17 00:20:02","일반세탁업","381972.523363483","191584.771930776","일반세탁업","0","0","0","0","0","0","","","","","1","0","0","1","N",
"123","세탁업","06_20_01_P","4810000","4810000-205-2026-00002","2026-01-15","","01","영업/정상","01","영업","","","","","","0.00","555-110","전라남도 여수시 화장동 772-20","전라남도 여수시 화산로 27, 가1층 (화장동)","59642","동네 세탁소","2026-01-15 10:07:09","I","2026-01-17 00:20:02","일반세탁업","258659.48172449","141699.084717593","일반세탁업","2","0","1","1","0","0","","","","","3","0","0","1","N",
"124","세탁업","06_20_01_P","3620000","3620000-205-2026-00001","2026-01-15","","01","영업/정상","01","영업","","","","","","66.00","500-210","광주광역시 북구 본촌동 2910 2층","광주광역시 북구 본촌택지로29번길 25, 2층 (본촌동)","61020","세탁라운지","2026-01-15 15:06:02","I","2026-01-17 00:20:02","일반세탁업","188829.672629181","190799.24659329","일반세탁업","0","0","2","0","0","0","","","","","1","0","0","1","N",
"125","세탁업","06_20_01_P","5150000","5150000-205-2022-00001","2022-04-26","","01","영업/정상","01","영업","","","","","054 833 1224","76.26","769-803","경상북도 의성군 의성읍 상리리 596-1","경상북도 의성군 의성읍 충효로 35, 1층","37339","경북의성지역자활센터(마카다클린)","2026-01-15 10:43:58","U","2026-01-17 02:40:00","운동화전문세탁업","353040.641631268","318155.208868154","운동화전문세탁업","0","0","0","0","0","0","","","","","0","0","0","0","N",
"126","세탁업","06_20_01_P","3310000","3310000-205-2000-00001","2000-05-13","","01","영업/정상","01","영업","","","","","051 6275567","0.00","608-806","부산광역시 남구 대연동 245-23","부산광역시 남구 황령대로319번가길 142 (대연동)","48424","삼익그린 종합세탁","2026-01-15 11:55:42","U","2026-01-17 02:40:00","일반세탁업","390157.227014019","185670.705261648","일반세탁업","0","0","0","0","0","0","","","","","1","","","1","N",
"127","세탁업","06_20_01_P","3700000","3700000-205-1995-00007","1995-04-06","","03","폐업","02","폐업","2026-01-15","","","","2480680","20.92","680-810","울산광역시 남구 무거동 1166-8","울산광역시 남구 어은로3번길 4-9 (무거동)","44635","울산컴퓨터세탁","2026-01-15 10:37:41","U","2026-01-17 02:40:00","일반세탁업","406043.664194574","230220.571980803","일반세탁업","0","0","0","0","0","0","","","","","0","0","0","1","N",
"128","세탁업","06_20_01_P","4910000","4910000-205-1987-00002","1987-05-13","","03","폐업","02","폐업","2026-01-15","","","","061 8634615","83.00","529-801","전라남도 장흥군 장흥읍 건산리 700-1","전라남도 장흥군 장흥읍 동교로 8","59328","해동세탁소","2026-01-15 14:01:01","U","2026-01-17 02:40:00","일반세탁업","191250.080291783","131393.293874913","일반세탁업","2","0","1","1","0","0","","","","임대","0","0","0","0","N",
"129","세탁업","06_20_01_P","3740000","5610000-205-1993-00013","1993-08-30","","03","폐업","02","폐업","2026-01-15","","","","031 2158445","16.40","443-821","경기도 수원시 영통구 원천동 30-26","경기도 수원시 영통구 월드컵로193번길 75, 1층 (원천동)","16502","월풀빨래방 원천점","2026-01-15 15:58:03","U","2026-01-17 02:40:00","일반세탁업","203927.931433893","419325.860758429","일반세탁업","0","0","0","0","0","0","","","","","0","0","0","0","N",
"130","세탁업","06_20_01_P","4490000","5660000-205-2020-00003","2020-06-03","","01","영업/정상","01","영업","","","","","050714211448","140.30","331-964","충청남도 천안시 서북구 두정동 2078 두정역 효성해링턴 플레이스","충청남도 천안시 서북구 봉정로 324, 근린생활시설A동 2층 A201호 (두정동, 두정역 효성해링턴 플레이스)","31104","두정탑크리닝","2026-01-15 17:26:29","U","2026-01-17 02:40:00","일반세탁업","213128.40798998","369883.458655112","일반세탁업","2","1","1","1","0","0","","","","","2","0","0","1","N",
"131","세탁업","06_20_01_P","3100000","3100000-205-2021-00005","2021-12-06","","03","폐업","02","폐업","2026-01-15","","","","02 9762178","30.18","139-800","서울특별시 노원구 공릉동 230 태릉해링턴플레이스","서울특별시 노원구 공릉로34길 86, 2층 202호 (공릉동, 태릉해링턴플레이스)","01817","모아모아세탁","2026-01-15 17:43:35","U","2026-01-17 02:40:00","일반세탁업","207261.781710467","458228.274013713","일반세탁업","0","0","0","0","0","0","","","","","2","0","0","2","N",
"132","세탁업","06_20_01_P","3450000","3450000-205-2008-00015","2008-12-08","","01","영업/정상","01","영업","","","","","053 628 8888","80.80","702-073","대구광역시 북구 고성동3가 6-233","대구광역시 북구 고성북로 26, 1층 (고성동3가)","41595","크린탑","2026-01-15 14:36:36","U","2026-01-17 02:40:00","일반세탁업","342918.601979704","265776.75889594","일반세탁업","0","0","1","1","0","0","","","","임대","2","0","2","1","N",
"133","세탁업","06_20_01_P","3680000","3680000-205-2005-00016","2005-11-17","","01","영업/정상","01","영업","","","","","042 931 2784","231.60","306-130","대전광역시 대덕구 평촌동 158-9","대전광역시 대덕구 무지니2길 12 (평촌동)","34340","(유)스카이크린","2026-01-15 17:51:30","U","2026-01-17 02:40:00","일반세탁업","239128.714769763","326232.585141211","일반세탁업","0","0","0","1","0","0","","","","","0","0","0","0","N",
"134","세탁업","06_20_01_P","5080000","5080000-205-2021-00002","2021-07-28","","01","영업/정상","01","영업","","","","","054461 6350","206.10","730-904","경상북도 구미시 공단동 262-2 지하1층","경상북도 구미시 산호대로 185, 지하1층 (공단동)","39375","구미시노동자작업복공동세탁소","2026-01-15 10:14:35","U","2026-01-17 02:40:00","일반세탁업","324650.481741381","289739.991720336","일반세탁업","0","0","0","0","0","0","운영 위탁 및 수탁 협약기간","20210728","20271231","","3","0","0","3","N",
"135","세탁업","06_20_01_P","5050000","5050000-205-2011-00002","2011-07-04","","01","영업/정상","01","영업","","","","","054 774 6100","0.00","780-821","경상북도 경주시 외동읍 문산리 350-4","경상북도 경주시 외동읍 관문로 1255-40","38207","(주)한탈엘앤씨","2026-01-15 14:50:20","U","2026-01-17 02:40:00","일반세탁업","409920.364701894","244873.010764065","일반세탁업","","","","","","","","","","","","","","","N",
