"번호","개방서비스명","개방서비스아이디","개방자치단체코드","관리번호","인허가일자","인허가취소일자","영업상태구분코드","영업상태명","상세영업상태코드","상세영업상태명","폐업일자","휴업시작일자","휴업종료일자","재개업일자","소재지전화","소재지면적","소재지우편번호","소재지전체주소","도로명전체주소","도로명우편번호","사업장명","최종수정시점","데이터갱신구분","데이터갱신일자","업태구분명","좌표정보x(epsg5174)","좌표정보y(epsg5174)","업소구분명","소재지","지정일자","신청일자","항목값1",
"1","쓰레기종량제봉투판매업","09_30_13_P","4271000","427100014202500005","2025-12-31","","01","영업/정상","11","영업","","","","","","","","강원특별자치도 영월군 무릉도원면 운학리 831-7","강원특별자치도 영월군 무릉도원면 도원운학로 1455","26200","미니 편의점","2025-12-31 14:00:16","I","2026-01-03 00:20:02","","305433.873375516","425788.628770772","지정","강원특별자치도 영월군 무릉도원면 운학리 831-7","","20251229","관급봉투",
"2","쓰레기종량제봉투판매업","09_30_13_P","4090000","409000014202500053","2025-12-31","","01","영업/정상","11","영업","","","","","","","","경기도 김포시 양촌읍 양곡리 350-3","경기도 김포시 양촌읍 양곡4로 99, 1층","10057","주식회사 도매까","2025-12-31 11:22:50","I","2026-01-03 00:20:02","","166451.622195718","461766.148385874","지정","경기도 김포시 양촌읍 양곡리 350-3","20251231","20251230","관급봉투",
"3","쓰레기종량제봉투판매업","09_30_13_P","5530000","553000014202500117","2025-12-31","","01","영업/정상","11","영업","","","","","","","","경기도 화성시 산척동 718 동탄 더 레이크 팰리스","경기도 화성시 동탄대로8길 35, 상가동 1층 104,105호 (산척동, 동탄 더 레이크 팰리스)","18501","지에스25 산척레이크점","2025-12-31 10:21:25","I","2026-01-03 00:20:02","","209611.192665036","407736.826097718","지정","경기도 화성시 산척동 718 동탄 더 레이크 팰리스","20251231","20251231","관급봉투",
"4","쓰레기종량제봉투판매업","09_30_13_P","5530000","553000014202500118","2025-12-31","","01","영업/정상","11","영업","","","","","","","","경기도 화성시 송산면 마산리 696-14","경기도 화성시 송산면 송산서로 121","18545","씨유(CU) 화성송산산단점","2025-12-31 11:53:10","I","2026-01-03 00:20:02","","","","지정","","","20251231","관급봉투",
"5","쓰레기종량제봉투판매업","09_30_13_P","4211000","421100014202200009","2022-04-06","","01","영업/정상","11","영업","","","","","","","","강원특별자치도 동해시 송정동 848-11","강원특별자치도 동해시 송정중앙로 53-2, 세븐일레븐 동해송정점 (송정동)","25786","세븐일레븐 동해송정점","2026-01-01 15:49:53","U","2026-01-03 02:40:00","","387948.924441159","446144.560839162","지정","강원특별자치도 동해시 송정동 848-11","20220406","20220404","관급봉투",
"6","쓰레기종량제봉투판매업","09_30_13_P","3900000","390000014202200011","2022-02-14","","01","영업/정상","11","영업","","","","","02-2290-5937","","","경기도 광명시 철산동 637 종합상가동","경기도 광명시 광덕산로 5, 종합상가동 2층 109호 (철산동)","14241","(주)롯데슈퍼 철산점","2025-12-31 14:51:58","U","2026-01-03 02:40:00","","188352.684388529","441123.772898718","지정","경기도 광명시 철산동 637 종합상가동","20230724","20220211","관급봉투",
"7","쓰레기종량제봉투판매업","09_30_13_P","4090000","409000014201700063","2017-08-18","","01","영업/정상","11","영업","","","","","031-8049-2521","","","경기도 김포시 장기동 2031 e편한세상 캐널시티","경기도 김포시 김포한강2로 41 (장기동, e편한세상 캐널시티)","10090","롯데쇼핑(주)롯데마트 김포한강점","2025-12-31 11:09:34","U","2026-01-03 02:40:00","","171471.604963288","459839.83969575","지정","경기도 김포시 장기동 2031번지","20170818","20170818","관급봉투",
"8","쓰레기종량제봉투판매업","09_30_13_P","5530000","553000014201300339","2013-04-02","","03","폐업","2","폐업","2025-12-31","","","","","","","경기도 안산시 단원구 고잔동 720 호수공원대림아파트 113동 1402호","경기도 안산시 단원구 광덕서로 19, 113동 1402호 (고잔동, 호수공원대림아파트)","15484","씨유 화성삼성디오네점","2025-12-31 11:32:58","U","2026-01-03 02:40:00","","184303.335260488","422730.687370719","지정","경기도 화성시 석우동 18번지 4호 117, 118호","20120710","20120710","관급봉투",
"9","쓰레기종량제봉투판매업","09_30_13_P","5530000","553000014201500074","2015-09-18","","01","영업/정상","11","영업","","","","","","","","경기도 화성시 청계동 514-3","경기도 화성시 동탄대로시범길 257, 참조은프라자 101~103, 106~108호 (청계동)","18477","롯데쇼핑(주) 롯데슈퍼 동탄청계점","2025-12-31 10:01:46","U","2026-01-03 02:40:00","","209030.986985425","411128.9051691","지정","경기도 화성시 청계동 514-3","20210121","20210119","관급봉투",
"10","쓰레기종량제봉투판매업","09_30_13_P","3990000","399000014201400124","2014-06-08","","01","영업/정상","11","영업","","","","","","","","경기도 남양주시 진접읍 부평리 613-2","경기도 남양주시 진접읍 광릉내로 17-1","12020","롯데쇼핑(주) 롯데슈퍼 남양주 진접점","2025-12-31 16:04:36","U","2026-01-03 02:40:00","","217388.720596565","471109.179944509","지정","경기도 남양주시 진접읍 부평리 613-2","20140812","20140812","관급봉투",
"11","쓰레기종량제봉투판매업","09_30_13_P","3990000","399000014202500029","2025-05-28","","01","영업/정상","11","영업","","","","","","","","경기도 구리시 인창동 430 구리유통종합상가","경기도 구리시 동구릉로136번길 57, 구리유통종합상가 A동 101, 201호 (인창동)","11915","롯데쇼핑(주)롯데마트 그랑그로서리 구리점","2025-12-31 15:21:03","U","2026-01-03 02:40:00","","212367.118425352","456712.576784184","지정","경기도 구리시 인창동 430 구리유통종합상가","20250528","20250528","관급봉투",
"12","쓰레기종량제봉투판매업","09_30_13_P","4721000","472100014201500023","2015-10-15","","01","영업/정상","11","영업","","","","","063-225-8989","","","전북특별자치도 완주군 이서면 상개리 585-40","전북특별자치도 완주군 이서면 이서로 47-8","55366","이서효마트","2025-12-31 13:19:58","U","2026-01-03 02:40:00","","201906.018956538","257841.084062553","지정","전북특별자치도 완주군 이서면 상개리 585-40","20170515","20170512","관급봉투",
"13","쓰레기종량제봉투판매업","09_30_13_P","3450000","345000014201100040","2011-12-30","","01","영업/정상","11","영업","","","","","3815601","","702-762","대구광역시 북구 복현동 539-113","대구광역시 북구 검단로 34 (복현동)","702-762","*롯데쇼핑㈜롯데슈퍼복현점","2025-12-31 17:32:28","U","2026-01-03 02:40:00","","345920.691972187","267900.078213745","종료","대구광역시 북구 복현동 539번지 123호","20120502","20120502","관급봉투",
"14","쓰레기종량제봉투판매업","09_30_13_P","3130000","313000014201400016","2014-10-13","","01","영업/정상","11","영업","","","","","","","121-805","서울특별시 마포구 공덕동 467","서울특별시 마포구 마포대로 109 (공덕동)","121-805","롯데프리미엄 푸드마켓공덕점","2025-12-31 09:18:54","U","2026-01-03 02:40:00","","195564.375757848","449186.933273231","지정","서울특별시 마포구 공덕동 467번지","20141013","20170424","관급봉투",
"15","쓰레기종량제봉투판매업","09_30_13_P","3130000","313000014201400017","2014-10-13","","01","영업/정상","11","영업","","","","","","","121-810","서울특별시 마포구 대흥동 337-10","서울특별시 마포구 큰우물로 3 (대흥동)","121-810","롯데쇼핑 (주)롯데슈퍼마포대흥점","2025-12-31 09:23:49","U","2026-01-03 02:40:00","","194648.759340948","449239.314703653","지정","서울특별시 마포구 대흥동 337번지 10호","20141013","20170424","관급봉투",
"16","쓰레기종량제봉투판매업","09_30_13_P","4191000","419100014201400031","2014-08-14","","01","영업/정상","11","영업","","","","","033-764-1148","","","","강원특별자치도 원주시 치악로 1781 (개운동)","26442","롯데쇼핑 (주) 롯데슈퍼 원주점","2026-01-02 10:51:16","U","2026-01-04 02:40:00","","284548.772950682","427027.162385187","지정","","","","관급봉투",
"17","쓰레기종량제봉투판매업","09_30_13_P","4191000","419100014201600045","2016-12-13","","03","폐업","2","폐업","2026-01-02","","","","033-764-8907","","","","강원특별자치도 원주시 남원로606번길 16, 102호 (개운동, 원주개운3단지엘에이치아파트 상가동)","26446","씨유 원주개운주공점","2026-01-02 15:53:02","U","2026-01-04 02:40:00","","284368.130714596","426527.899169035","지정","","20161213","20161213","관급봉투",
"18","쓰레기종량제봉투판매업","09_30_13_P","3250000","325000014201800011","2018-10-10","","01","영업/정상","11","영업","","","","","0516782212","","","부산광역시 중구 중앙동7가 20-1 롯데백화점광복점","부산광역시 중구 중앙대로 2, 롯데백화점광복점 (중앙동7가)","48944","롯데쇼핑(주)광복점","2026-01-02 13:19:55","U","2026-01-04 02:40:00","","385590.814676765","179553.867031936","지정","부산광역시 중구 중앙동7가 20번지 1호 롯데백화점광복점","20181010","20181010","관급봉투",
"19","쓰레기종량제봉투판매업","09_30_13_P","3250000","325000014202000002","2020-02-21","","01","영업/정상","11","영업","","","","","0516782212","","","부산광역시 중구 중앙동7가 20-1 롯데백화점광복점","부산광역시 중구 중앙대로 2, 롯데백화점광복점 (중앙동7가)","48944","롯데쇼핑(주)광복점","2026-01-02 13:18:20","U","2026-01-04 02:40:00","","385590.814676765","179553.867031936","지정","","20220304","20220304","관급봉투",
"20","쓰레기종량제봉투판매업","09_30_13_P","3990000","399000014202100115","2021-12-22","","01","영업/정상","11","영업","","","","","031-579-7710","","","경기도 남양주시 와부읍 덕소리 501-3 롯데마트","경기도 남양주시 와부읍 월문천로 33, 롯데마트","12211","롯데쇼핑(주) 롯데마트 덕소점","2026-01-02 08:28:20","U","2026-01-04 02:40:00","","218882.001813215","453620.325834171","지정","경기도 남양주시 와부읍 덕소리 501-3 롯데마트","20220421","20211222","관급봉투",
"21","쓰레기종량제봉투판매업","09_30_13_P","4050000","562000014199700014","1997-08-09","","01","영업/정상","11","영업","","","","","","","","경기도 용인시 처인구 마평동 717-3","","","대한슈퍼","2026-01-02 10:55:03","U","2026-01-04 02:40:00","","","","","","","","관급봉투",
"22","쓰레기종량제봉투판매업","09_30_13_P","4050000","562000014199900031","","","01","영업/정상","11","영업","","","","","","","449-820","경기도 용인시 처인구 양지읍 양지리","","","한국유통양지점","2026-01-02 10:54:56","U","2026-01-04 02:40:00","","","","","","","","관급봉투",
"23","쓰레기종량제봉투판매업","09_30_13_P","4050000","562000014200000010","2000-03-24","","01","영업/정상","11","영업","","","","","","","449-070","경기도 용인시 처인구 역북동","","","삼성지업사","2026-01-02 10:55:02","U","2026-01-04 02:40:00","","","","","","","","관급봉투",
"24","쓰레기종량제봉투판매업","09_30_13_P","4050000","563000014200600059","2006-06-14","","01","영업/정상","11","영업","","","","","","","446-911","경기도 용인시 기흥구 동백동 호수마을 주공5단지 나상가 103호","","","새봄마트","2026-01-02 10:54:56","U","2026-01-04 02:40:00","","","","지정","동백동 호수마을 주공5단지 나상가 103호","","20060614","관급봉투",
"25","쓰레기종량제봉투판매업","09_30_13_P","4050000","562000014200000023","","","01","영업/정상","11","영업","","","","","","","449-820","경기도 용인시 처인구 양지읍 남곡리","","","양지꼬따쥬","2026-01-02 10:54:57","U","2026-01-04 02:40:00","","","","","","","","관급봉투",
"26","쓰레기종량제봉투판매업","09_30_13_P","4050000","562000014201300009","2013-05-13","","03","폐업","2","폐업","2015-02-23","2015-04-30","","","031-333-9863","","","","경기도 용인시 처인구 양지읍 남평로64번길 30-23, 나동 B03호 (양지타운)","449-821","알찬마트","2026-01-02 10:54:57","U","2026-01-04 02:40:00","","","","지정","경기도 용인시 처인구 양지면 남곡리 480/13 양지타운 나동 B03호","20130513","20130507","관급봉투",
"27","쓰레기종량제봉투판매업","09_30_13_P","4050000","562000014201600072","2016-12-07","","01","영업/정상","11","영업","","","","","","","","","경기도 용인시 처인구 양지읍 죽양대로 2277","17158","서울건재","2026-01-02 10:54:55","U","2026-01-04 02:40:00","","226410.958068767","414434.644027351","지정","","20161207","20161206","관급봉투",
"28","쓰레기종량제봉투판매업","09_30_13_P","4050000","562000014201500039","2015-09-02","","01","영업/정상","11","영업","","","","","","","","","경기도 용인시 처인구 양지읍 남평로 81 (양지컨설팅)","17161","지에스25양지타운점","2026-01-02 10:54:55","U","2026-01-04 02:40:00","","225873.565806041","414051.316547988","지정","","20150902","20150901","관급봉투",
"29","쓰레기종량제봉투판매업","09_30_13_P","4050000","562000014201300016","2013-09-11","","01","영업/정상","11","영업","","","","","","","449-924","경기도 용인시 처인구 김량장동 62-1","경기도 용인시 처인구 백옥대로 1108 (김량장동)","449-924","지에스25 용인사거리점","2026-01-02 10:54:59","U","2026-01-04 02:40:00","","218500.58273055","414756.17250811","지정","경기도 용인시 처인구 김량장동 62번지 1호","","20130911","관급봉투",
"30","쓰레기종량제봉투판매업","09_30_13_P","4050000","562000014201300019","2013-10-28","","01","영업/정상","11","영업","","","","","","","","","경기도 용인시 처인구 양지읍 남평로 58","449-821","애플356마트","2026-01-02 10:54:55","U","2026-01-04 02:40:00","","225677.461852792","414173.433650858","지정","","20151116","20151113","관급봉투",
"31","쓰레기종량제봉투판매업","09_30_13_P","4050000","562000014201300020","2013-10-02","","01","영업/정상","11","영업","","","","","","","449-821","경기도 용인시 처인구 양지읍 남곡리 156-11","경기도 용인시 처인구 양지읍 남곡로 35","","센텀홈마트","2026-01-02 10:54:57","U","2026-01-04 02:40:00","","225078.514392","414309.981897202","지정","경기도 용인시 처인구 양지면 남곡리 156번지 11호","20131002","20130913","관급봉투",
"32","쓰레기종량제봉투판매업","09_30_13_P","4050000","562000014201600064","2016-10-25","","01","영업/정상","11","영업","","","","","","","","경기도 용인시 처인구 유방동 468-15","경기도 용인시 처인구 한터로 18 (유방동)","17043","GS25 용인버드실점","2026-01-02 10:55:02","U","2026-01-04 02:40:00","","218908.204220408","416943.476945396","지정","경기도 용인시 처인구 유방동 468번지 15호","20161028","20161020","관급봉투",
"33","쓰레기종량제봉투판매업","09_30_13_P","4050000","562000014201600067","2016-11-23","","01","영업/정상","11","영업","","","","","031-338-3042","","","","경기도 용인시 처인구 양지읍 용곡로20번길 1 (첼시)","17161","해오름마트","2026-01-02 10:54:55","U","2026-01-04 02:40:00","","225853.496057797","413754.542508806","지정","","20161123","20161123","관급봉투",
"34","쓰레기종량제봉투판매업","09_30_13_P","4050000","562000014201600070","2016-12-06","","01","영업/정상","11","영업","","","","","","","","","경기도 용인시 처인구 양지읍 주북로 241","17159","세븐일레븐 용인주북점","2026-01-02 10:54:55","U","2026-01-04 02:40:00","","","","지정","","20161206","20161206","관급봉투",
"35","쓰레기종량제봉투판매업","09_30_13_P","4050000","562000014201500017","2015-01-23","","01","영업/정상","11","영업","","","","","","","449-821","경기도 용인시 처인구 양지읍 남곡리 118","경기도 용인시 처인구 양지읍 남평로 84","449-821","씨유양지파인점","2026-01-02 10:54:57","U","2026-01-04 02:40:00","","225871.704372111","414005.498735669","지정","경기도 용인시 처인구 양지면 남곡리 118번지","20150123","20150122","관급봉투",
"36","쓰레기종량제봉투판매업","09_30_13_P","4050000","562000014201500018","2015-05-12","","01","영업/정상","11","영업","","","","","0313655201","","449-821","경기도 용인시 처인구 양지읍 남곡리 124-7","경기도 용인시 처인구 양지읍 남평로 32","449-821","풍미비엠씨","2026-01-02 10:54:57","U","2026-01-04 02:40:00","","225466.850246441","414350.36641158","지정","경기도 용인시 처인구 양지면 남곡리 124번지 7호","20150327","20150320","관급봉투",
"37","쓰레기종량제봉투판매업","09_30_13_P","4050000","562000014201300027","2013-12-19","","01","영업/정상","11","영업","","","","","031-334-5184","","449-864","경기도 용인시 처인구 백암면 근삼리 682-5","경기도 용인시 처인구 백암면 삼백로 757","449-864","아이지에이마트 가리산점","2026-01-02 10:54:59","U","2026-01-04 02:40:00","","232867.989815928","404043.219990154","지정","경기도 용인시 처인구 백암면 근삼리 682번지 5호","20131219","20131217","관급봉투",
"38","쓰레기종량제봉투판매업","09_30_13_P","4050000","562000014201400002","2014-01-09","","01","영업/정상","11","영업","","","","","031-321-3019","","","","경기도 용인시 처인구 양지읍 남곡로 2","449-821","지에스25 양지남곡점","2026-01-02 10:54:55","U","2026-01-04 02:40:00","","225310.108840603","414532.049674754","지정","경기도 용인시 처인구 양지면 남곡리 134-2","","20140102","관급봉투",
"39","쓰레기종량제봉투판매업","09_30_13_P","4050000","562000014201700001","2017-01-06","","01","영업/정상","11","영업","","","","","","","","","경기도 용인시 처인구 양지읍 남곡로 40, 1층","17161","세븐일레븐 용인남곡점","2026-01-02 10:54:55","U","2026-01-04 02:40:00","","225021.541652484","414290.360205946","지정","","20170106","20170105","관급봉투",
"40","쓰레기종량제봉투판매업","09_30_13_P","4050000","562000014201700003","2017-01-20","","01","영업/정상","11","영업","","","","","","","","","경기도 용인시 처인구 양지읍 양지로 136 (세븐일레븐 용인양지본점)","17158","세븐일레븐 용인양지본점","2026-01-02 10:54:55","U","2026-01-04 02:40:00","","225081.521965978","414746.384556286","지정","","20170120","20170120","관급봉투",
"41","쓰레기종량제봉투판매업","09_30_13_P","4050000","562000014201200019","2012-06-08","","01","영업/정상","11","영업","","","","","031-332-5866","","","","경기도 용인시 처인구 양지읍 죽양대로 2010","449-821","씨유 용인지산휴게소점","2026-01-02 10:54:55","U","2026-01-04 02:40:00","","228439.904633258","412745.694703789","지정","경기도 용인시 처인구 양지면 평창리 645번지 2호","20120608","20120531","관급봉투",
"42","쓰레기종량제봉투판매업","09_30_13_P","4050000","562000014200300351","2003-07-13","","01","영업/정상","11","영업","","","","","031-321-0154","","449-929","경기도 용인시 처인구 마평동 627-9","경기도 용인시 처인구 금령로 164 (마평동)","449-929","씨유 용인마평점","2026-01-02 10:54:56","U","2026-01-04 02:40:00","","218941.627153833","414737.283159142","지정","경기도 용인시 처인구 마평동 627번지 9호","20030311","20030311","관급봉투",
"43","쓰레기종량제봉투판매업","09_30_13_P","4050000","562000014201200005","2012-02-21","","03","폐업","2","폐업","2016-11-16","2016-11-16","","","","","449-925","경기도 용인시 처인구 김량장동 294-20","경기도 용인시 처인구 금령로 15 (김량장동, 김량장동 1층3호)","449-925","GS25 용인어울림점","2026-01-02 10:54:59","U","2026-01-04 02:40:00","","217497.198054079","414807.298095296","종료","경기도 용인시 처인구 김량장동 294번지 20호","20120221","20120217","관급봉투",
"44","쓰레기종량제봉투판매업","09_30_13_P","4050000","562000014200900001","2009-07-13","","01","영업/정상","11","영업","","","","","0313385777","","449-060","경기도 용인시 처인구 삼가동 132","경기도 용인시 처인구 삼가로 14 (삼가동)","449-060","씨유 삼가대로점","2026-01-02 10:55:00","U","2026-01-04 02:40:00","","214702.882354908","415916.727879381","지정","경기도 용인시 처인구 삼가동 132번지","20090731","20090731","관급봉투",
"45","쓰레기종량제봉투판매업","09_30_13_P","4050000","562000014201600062","2016-10-20","","01","영업/정상","11","영업","","","","","","","","","경기도 용인시 처인구 양지읍 죽양대로 2301","17158","씨유 양지IC점","2026-01-02 10:54:55","U","2026-01-04 02:40:00","","226320.325282043","414667.84618649","지정","","20161020","20161018","관급봉투",
"46","쓰레기종량제봉투판매업","09_30_13_P","4050000","562000014199400033","","","01","영업/정상","11","영업","","","","","","","449-820","경기도 용인시 처인구 양지읍 양지리","","","양지청과","2026-01-02 10:54:56","U","2026-01-04 02:40:00","","","","","","","","관급봉투",
"47","쓰레기종량제봉투판매업","09_30_13_P","4050000","562000014199400034","","","01","영업/정상","11","영업","","","","","","","449-820","경기도 용인시 처인구 양지읍 남곡리","","","용곡구판장","2026-01-02 10:54:57","U","2026-01-04 02:40:00","","","","","","","","관급봉투",
"48","쓰레기종량제봉투판매업","09_30_13_P","4050000","562000014199400035","","","01","영업/정상","11","영업","","","","","","","449-820","경기도 용인시 처인구 양지읍 남곡리","","","골프장슈퍼","2026-01-02 10:54:57","U","2026-01-04 02:40:00","","","","","","","","관급봉투",
"49","쓰레기종량제봉투판매업","09_30_13_P","4050000","562000014199400036","","","01","영업/정상","11","영업","","","","","","","449-820","경기도 용인시 처인구 양지읍 남곡리","","","삼거리슈퍼","2026-01-02 10:54:57","U","2026-01-04 02:40:00","","","","","","","","관급봉투",
"50","쓰레기종량제봉투판매업","09_30_13_P","4050000","562000014201200026","2012-09-25","","01","영업/정상","11","영업","","","","","","","449-821","경기도 용인시 처인구 양지읍 남곡리 134-2","경기도 용인시 처인구 양지읍 남곡로 2","449-821","지에스25 양지남곡점","2026-01-02 10:54:57","U","2026-01-04 02:40:00","","225310.108840603","414532.049674754","지정","경기도 용인시 처인구 양지면 남곡리 134번지 2호","20120925","20120918","관급봉투",
"51","쓰레기종량제봉투판매업","09_30_13_P","4050000","562000014201200009","2012-03-19","","01","영업/정상","11","영업","","","","","","","449-820","경기도 용인시 처인구 양지읍 460-10","","","세븐일레븐(용인양지타운점)","2026-01-02 10:54:55","U","2026-01-04 02:40:00","","","","지정","경기도 용인시 처인구 양지면 양지리 460번지 10호","20120319","20120319","관급봉투",
"52","쓰레기종량제봉투판매업","09_30_13_P","4050000","562000014199400037","","","01","영업/정상","11","영업","","","","","","","449-820","경기도 용인시 처인구 양지읍 남곡리","","","리조트마트","2026-01-02 10:54:57","U","2026-01-04 02:40:00","","","","","","","","관급봉투",
"53","쓰레기종량제봉투판매업","09_30_13_P","4050000","562000014199400038","","","01","영업/정상","11","영업","","","","","","","449-820","경기도 용인시 처인구 양지읍 대대리","","","한덕상회","2026-01-02 10:55:02","U","2026-01-04 02:40:00","","","","","","","","관급봉투",
"54","쓰레기종량제봉투판매업","09_30_13_P","4050000","562000014199400039","","","01","영업/정상","11","영업","","","","","","","449-820","경기도 용인시 처인구 양지읍 주북리","","","경북상회","2026-01-02 10:55:03","U","2026-01-04 02:40:00","","","","","","","","관급봉투",
"55","쓰레기종량제봉투판매업","09_30_13_P","4050000","562000014199400041","","","01","영업/정상","11","영업","","","","","","","449-820","경기도 용인시 처인구 양지읍 송문리","","","대도슈퍼","2026-01-02 10:55:04","U","2026-01-04 02:40:00","","","","","","","","관급봉투",
"56","쓰레기종량제봉투판매업","09_30_13_P","4050000","562000014199400042","","","01","영업/정상","11","영업","","","","","","","449-820","경기도 용인시 처인구 양지읍 송문리","","","산촌슈퍼","2026-01-02 10:55:04","U","2026-01-04 02:40:00","","","","","","","","관급봉투",
"57","쓰레기종량제봉투판매업","09_30_13_P","4050000","562000014199400043","","","01","영업/정상","11","영업","","","","","","","449-820","경기도 용인시 처인구 양지읍 남곡리","","","양지슈퍼","2026-01-02 10:54:57","U","2026-01-04 02:40:00","","","","","","","","관급봉투",
"58","쓰레기종량제봉투판매업","09_30_13_P","4050000","562000014201000003","2010-12-31","","01","영업/정상","11","영업","","","","","","","","경기도 용인시 처인구 양지읍 양지리 563-2 1통10반","경기도 용인시 처인구 양지읍 양지로 112","449-823","하모니마트(용인양지점)","2026-01-02 10:54:56","U","2026-01-04 02:40:00","","224877.498777383","414708.988190504","지정","경기도 용인시 처인구 양지면 양지리 563번지 2호","20121231","20121227","관급봉투",
"59","쓰레기종량제봉투판매업","09_30_13_P","4050000","562000014199500013","1995-09-25","","01","영업/정상","11","영업","","","","","","","449-810","경기도 용인시 처인구 포곡읍 둔전리","","","LG마트","2026-01-02 10:55:03","U","2026-01-04 02:40:00","","","","","","","","관급봉투",
"60","쓰레기종량제봉투판매업","09_30_13_P","4050000","562000014199500014","1995-10-20","","01","영업/정상","11","영업","","","","","","","449-810","경기도 용인시 처인구 포곡읍 전대리","","","자연휴계소","2026-01-02 10:55:03","U","2026-01-04 02:40:00","","","","","","","","관급봉투",
"61","쓰레기종량제봉투판매업","09_30_13_P","4050000","562000014201600057","2016-09-27","","01","영업/정상","11","영업","","","","","","","","","경기도 용인시 처인구 양지읍 양지로 152 (카니발노래숑)","17158","씨유 양지점","2026-01-02 10:54:58","U","2026-01-04 02:40:00","","225232.236186552","414748.182943376","지정","경기도 용인시 처인구 양지면 양지리 586번지 1호","20160927","20160927","관급봉투",
"62","쓰레기종량제봉투판매업","09_30_13_P","4050000","562000014201400026","2014-12-23","","01","영업/정상","11","영업","","","","","","","449-823","경기도 용인시 처인구 양지읍 양지리 117","경기도 용인시 처인구 양지읍 죽양대로 2293","449-823","세븐일레븐 용인죽양대로점","2026-01-02 10:54:56","U","2026-01-04 02:40:00","","226354.677156102","414573.803102646","지정","경기도 용인시 처인구 양지면 양지리 117번지","20141223","20141222","관급봉투",
"63","쓰레기종량제봉투판매업","09_30_13_P","4050000","562000014199400023","1994-12-23","","01","영업/정상","11","영업","","","","","","","449-820","경기도 용인시 처인구 양지읍 양지리","","","경남상회","2026-01-02 10:54:56","U","2026-01-04 02:40:00","","","","","","","","관급봉투",
"64","쓰레기종량제봉투판매업","09_30_13_P","4050000","562000014199400024","1994-12-30","","01","영업/정상","11","영업","","","","","324144","","","경기도 용인시 처인구 백암면 백암리 388","경기도 용인시 처인구 백암면 백암로201번길 32-1","","백암식품","2026-01-02 10:54:56","U","2026-01-04 02:40:00","","232990.965819623","407175.531317229","","","","","관급봉투",
"65","쓰레기종량제봉투판매업","09_30_13_P","4050000","562000014199400027","","","01","영업/정상","11","영업","","","","","","","449-820","경기도 용인시 처인구 양지읍 양지리","","","양지농협","2026-01-02 10:54:56","U","2026-01-04 02:40:00","","","","","","","","관급봉투",
"66","쓰레기종량제봉투판매업","09_30_13_P","4050000","562000014199400028","","","01","영업/정상","11","영업","","","","","","","449-820","경기도 용인시 처인구 양지읍 양지리","","","경남상회","2026-01-02 10:54:56","U","2026-01-04 02:40:00","","","","","","","","관급봉투",
"67","쓰레기종량제봉투판매업","09_30_13_P","4050000","562000014199400029","","","01","영업/정상","11","영업","","","","","","","449-820","경기도 용인시 처인구 양지읍 양지리","","","만복상회","2026-01-02 10:54:56","U","2026-01-04 02:40:00","","","","","","","","관급봉투",
"68","쓰레기종량제봉투판매업","09_30_13_P","4050000","562000014199400030","","","01","영업/정상","11","영업","","","","","","","449-820","경기도 용인시 처인구 양지읍 양지리","","","지산슈퍼","2026-01-02 10:54:56","U","2026-01-04 02:40:00","","","","","","","","관급봉투",
"69","쓰레기종량제봉투판매업","09_30_13_P","4050000","562000014199400031","","","01","영업/정상","11","영업","","","","","","","449-820","경기도 용인시 처인구 양지읍 양지리","","","신기상회","2026-01-02 10:54:56","U","2026-01-04 02:40:00","","","","","","","","관급봉투",
"70","쓰레기종량제봉투판매업","09_30_13_P","4050000","562000014199400032","","","01","영업/정상","11","영업","","","","","","","449-820","경기도 용인시 처인구 양지읍 양지리","","","성원슈퍼","2026-01-02 10:54:56","U","2026-01-04 02:40:00","","","","","","","","관급봉투",
"71","쓰레기종량제봉투판매업","09_30_13_P","3820000","382000014201700077","2017-12-27","","01","영업/정상","11","영업","","","","","031-871-5541","","","경기도 의정부시 호원동 220-2","경기도 의정부시 평화로 75 (호원동)","11648","주식회사 서울개인택시복지법인","2026-01-02 15:19:59","U","2026-01-04 02:40:00","","203907.62982687","466343.514867182","지정","","20171227","20171227","관급봉투",
"72","쓰레기종량제봉투판매업","09_30_13_P","4050000","564000014199700015","1997-07-11","","01","영업/정상","11","영업","","","","","","","449-840","경기도 용인시 수지구 풍덕천동","","","영주청과","2026-01-02 10:54:57","U","2026-01-04 02:40:00","","","","","","","","관급봉투",
"73","쓰레기종량제봉투판매업","09_30_13_P","4050000","563000014200700021","2007-05-03","","03","폐업","2","폐업","2016-08-11","2016-08-11","","","","","446-910","경기도 용인시 기흥구 언남동 412-2    102호","","","GS25구성래미안점","2026-01-02 10:54:56","U","2026-01-04 02:40:00","","","","지정","기흥구 언남동 412-2 102호","","20070503","관급봉투",
"74","쓰레기종량제봉투판매업","09_30_13_P","5530000","553000014202600001","2026-01-05","","01","영업/정상","11","영업","","","","","02-3284-8120","","","경기도 화성시 팔탄면 창곡리 1013-3 A동 1층","경기도 화성시 팔탄면 서해로 1278, A동 1층","18525","(주)코리아세븐 화성서해로점","2026-01-05 09:37:40","I","2026-01-07 00:20:36","","189940.089859904","408165.33911521","지정","경기도 화성시 팔탄면 창곡리 1013-3 A동 1층","20260105","20251218","관급봉투",
"75","쓰레기종량제봉투판매업","09_30_13_P","5530000","553000014202600002","2026-01-05","","01","영업/정상","11","영업","","","","","","","","경기도 화성시 석우동 18-4","경기도 화성시 삼성1로 209, 1동 117,118호 (석우동)","18449","씨유 동탄삼성디오네점","2026-01-05 10:46:06","I","2026-01-07 00:20:36","","206570.976547884","413348.041578353","지정","경기도 화성시 석우동 18-4","20260105","20260105","관급봉투",
"76","쓰레기종량제봉투판매업","09_30_13_P","4181000","418100014199600266","1996-07-01","","01","영업/정상","11","영업","","","","","0332439700","","200-821","강원특별자치도 춘천시 신북읍 율문리 551-1","강원특별자치도 춘천시 신북읍 율문길 71","","신북농업협동조합","2026-01-05 11:25:55","U","2026-01-07 02:40:00","","265486.324533957","491723.428032791","지정","강원특별자치도 춘천시 신북읍 율문리","19960701","19960701","관급봉투",
"77","쓰레기종량제봉투판매업","09_30_13_P","4251000","425100014199400040","1995-01-09","","01","영업/정상","11","영업","","","","","033 4343412","","","강원특별자치도 홍천군 홍천읍 희망리 325-6","","","홍천축협동물병원","2026-01-05 09:13:23","U","2026-01-07 02:40:00","","277773.451731505","465729.994272179","지정","희망3리 325-6","","19950109","관급봉투",
"78","쓰레기종량제봉투판매업","09_30_13_P","4201000","420100014202100047","2021-10-13","","01","영업/정상","0","","","","","","","","","강원특별자치도 강릉시 포남동 1300-1","강원특별자치도 강릉시 하평3길 42 (포남동)","25565","세븐일레븐 강릉포남스타점","2026-01-05 19:01:05","U","2026-01-07 02:40:00","","368664.69617385","476182.176337997","지정","강원특별자치도 강릉시 포남동 1300-1","20211101","20211008","관급봉투",
"79","쓰레기종량제봉투판매업","09_30_13_P","4520000","452000014202000048","2020-05-29","","01","영업/정상","11","영업","","","","","","","","충청남도 아산시 배방읍 북수리 1848 101,102호","충청남도 아산시 배방읍 월천5길 27, 101,102호","31496","지에스25(GS25) 배방행복주택점","2026-01-05 12:45:05","U","2026-01-07 02:40:00","","206915.932720759","363186.500682815","지정","충청남도 아산시 배방읍 북수리 1848 101,102호","20200529","20210112","관급봉투",
"80","쓰레기종량제봉투판매업","09_30_13_P","4610000","461000014202500009","2025-07-04","","01","영업/정상","3","재개업","","","2026-01-05","","","","","충청남도 예산군 고덕면 대천리 770-7","충청남도 예산군 고덕면 고덕중앙로 72","32403","세븐일레븐 예산고덕중앙점","2026-01-05 13:18:54","U","2026-01-07 02:40:00","","173505.489175964","360547.03639426","지정","충청남도 예산군 고덕면 대천리 770-7","20250704","20250704","관급봉투",
"81","쓰레기종량제봉투판매업","09_30_13_P","4201000","420100014202600001","2026-01-05","","01","영업/정상","11","영업","","","","","","","","강원특별자치도 강릉시 회산동 204-4","강원특별자치도 강릉시 회산로 348-16 (회산동)","25599","강릉마켓","2026-01-06 09:11:25","I","2026-01-08 00:20:30","","364470.998795383","472310.248825529","지정","강원특별자치도 강릉시 회산동 204-4","20260105","20260105","관급봉투",
"82","쓰레기종량제봉투판매업","09_30_13_P","4211000","421100014202600001","2026-01-07","","01","영업/정상","11","영업","","","","","","","","강원특별자치도 동해시 동회동 442 에이스마트","강원특별자치도 동해시 청운1길 29 (동회동, 대동아파트, 동회동 현대아파트)","25807","에이스마트","2026-01-07 12:32:45","I","2026-01-09 00:20:01","","386177.814049483","444870.370953969","지정","강원특별자치도 동해시 동회동 442 에이스마트","20260107","20260107","관급봉투",
"83","쓰레기종량제봉투판매업","09_30_13_P","4271000","427100014202600001","2026-01-07","","01","영업/정상","11","영업","","","","","","","","강원특별자치도 영월군 영월읍 하송리 257-8","강원특별자치도 영월군 영월읍 하송로 23","","지에스25영월삼호점","2026-01-07 09:27:46","I","2026-01-09 00:20:01","","329962.821496742","410322.04606173","지정","강원특별자치도 영월군 영월읍 영흥리 1049-16 삼호아파트 상가","20260107","20251230","관급봉투",
"84","쓰레기종량제봉투판매업","09_30_13_P","5150000","515000014202600001","2026-01-07","","01","영업/정상","11","영업","","","","","","","","경상북도 의성군 의성읍 후죽리 486-22 의성농협","경상북도 의성군 의성읍 군청길 15, 의성농협","37337","의성농업협동조합남부지점","2026-01-07 16:52:38","I","2026-01-09 00:20:01","","352155.92175081","318237.552634546","지정","경상북도 의성군 의성읍 도동리 982-2 의성농협하나로마트","20260106","20260106","관급봉투",
"85","쓰레기종량제봉투판매업","09_30_13_P","4030000","403000014202600001","2026-01-06","","01","영업/정상","11","영업","","","","","","","","경기도 안양시 동안구 호계동 829-9","경기도 안양시 동안구 호성로 29-4, 1층 101호 (호계동)","14127","소도몰 안양호계점","2026-01-06 16:28:46","I","2026-01-09 00:20:01","","196742.498169023","429187.743200968","지정","경기도 안양시 동안구 호계동 829-9","20260106","20260106","관급봉투",
"86","쓰레기종량제봉투판매업","09_30_13_P","4721000","472100014202600001","2026-01-06","","01","영업/정상","11","영업","","","","","","","","전북특별자치도 완주군 이서면 갈산리 637 혁신도시 에코르 1단지 아파트 상가동 102호","전북특별자치도 완주군 이서면 출판로 23, 혁신도시 에코르 1단지 아파트 상가동 102호","55365","씨유 전북혁신하늘채점","2026-01-06 15:58:25","I","2026-01-09 00:20:01","","204848.726864938","260070.516875607","지정","전북특별자치도 완주군 이서면 갈산리 637 혁신도시 에코르 1단지 아파트 상가동 102호","20260120","20260106","관급봉투",
"87","쓰레기종량제봉투판매업","09_30_13_P","4721000","472100014202600002","2026-01-06","","01","영업/정상","11","영업","","","","","063-243-7009","","","전북특별자치도 완주군 용진읍 운곡리 1150-1","전북특별자치도 완주군 용진읍 운곡4로 6-4","55352","용진농협 로컬푸드 & 하나로마트 운곡점","2026-01-06 16:03:56","I","2026-01-09 00:20:01","","","","지정","전북특별자치도 완주군 용진읍 운곡리 1150-1","20260126","20260106","관급봉투",
"88","쓰레기종량제봉투판매업","09_30_13_P","4641000","464100014202600001","2026-01-06","","01","영업/정상","11","영업","","","","","","","","전북특별자치도 전주시 덕진구 송천동1가 107","전북특별자치도 전주시 덕진구 오송1길 23 (송천동1가)","54823","GS25 송천프리미엄점","2026-01-06 10:17:58","I","2026-01-09 00:20:01","","211612.556004136","262558.584371342","지정","전북특별자치도 전주시 덕진구 송천동1가 107","20260106","20260106","관급봉투",
"89","쓰레기종량제봉투판매업","09_30_13_P","4191000","419100014202600001","2026-01-07","","01","영업/정상","11","영업","","","","","","","","강원특별자치도 원주시 무실동 1857-17","강원특별자치도 원주시 능라동길 27, 105,106호 (무실동)","26392","이마트24 원주센트럴점","2026-01-07 15:12:10","I","2026-01-09 00:20:01","","282175.317805616","426098.320760993","지정","강원특별자치도 원주시 무실동 1857-17","20260107","20260107","관급봉투",
"90","쓰레기종량제봉투판매업","09_30_13_P","3940000","395000014202600001","2026-01-06","","01","영업/정상","11","영업","","","","","","","","경기도 고양시 덕양구 화정동 986-8 화정대우마이빌","경기도 고양시 덕양구 백양로 59, 화정대우마이빌 102,103호 (화정동)","10500","바른상회 화정","2026-01-06 10:28:56","I","2026-01-09 00:20:01","","185216.163196074","458762.145185806","지정","경기도 고양시 덕양구 화정동 986-8 화정대우마이빌","20260107","20260105","관급봉투",
"91","쓰레기종량제봉투판매업","09_30_13_P","3940000","396010014202600001","2026-01-07","","01","영업/정상","11","영업","","","","","","","","경기도 고양시 일산동구 백석동 1330 상가-1층 102호","경기도 고양시 일산동구 호수로 336, 상가-1층 102호 (백석동)","10449","GS25 일산브라운스톤점","2026-01-07 10:42:39","I","2026-01-09 00:20:01","","181199.730502486","459483.063667204","지정","경기도 고양시 일산동구 백석동 1330 상가-1층 102호","20260107","20260107","관급봉투",
"92","쓰레기종량제봉투판매업","09_30_13_P","3130000","313000014201900024","2019-04-07","","03","폐업","2","폐업","2026-01-07","","","","","","","서울특별시 마포구 서교동 394-25 동양한강트레벨 101호","서울특별시 마포구 양화로 56, 동양한강트레벨 101호 (서교동)","04045","세븐일레븐 합정역점","2026-01-07 15:01:24","U","2026-01-09 02:40:00","","192402.468624287","449701.62502855","지정","서울특별시 마포구 서교동 394번지 25호 동양한강트레벨 101호","20190408","20190401","관급봉투",
"93","쓰레기종량제봉투판매업","09_30_13_P","4191000","419100014199490022","1994-12-31","","01","영업/정상","11","영업","","","","","","","220-140","강원특별자치도 원주시 가현동 000","","","소초농협지소","2026-01-07 10:32:33","U","2026-01-09 02:40:00","","","","종료","장양4리","","19941231","관급봉투",
"94","쓰레기종량제봉투판매업","09_30_13_P","4950000","495000014199500006","1995-01-01","","01","영업/정상","11","영업","","","","","06145047357","","","전라남도 무안군 청계면 도림리 489-5 청계면사무소","전라남도 무안군 청계면 영산로 1701-8, 청계면사무소","58552","청계면사무소","2026-01-07 08:49:56","U","2026-01-09 02:40:00","","","","지정","전라남도 무안군 청계면 도림리 489번지 5호","19950101","19950101","관급봉투",
"95","쓰레기종량제봉투판매업","09_30_13_P","3610000","361000014201600028","2016-12-22","","01","영업/정상","11","영업","","","","","","","","광주광역시 남구 백운동 32-1 송촌아파트","광주광역시 남구 독립로80번길 10, 상가동 101호 (백운동)","61646","지에스25 백운주공점","2026-01-07 09:29:30","U","2026-01-09 02:40:00","","191165.079967696","182359.526932517","지정","","20161222","20161222","관급봉투",
"96","쓰레기종량제봉투판매업","09_30_13_P","3000000","300000014201500010","2015-05-29","","01","영업/정상","11","영업","","","","","02-3672-5323","","","서울특별시 종로구 인의동 28-36 재림빌딩","서울특별시 종로구 창경궁로 112-11, 재림빌딩 1층 (인의동)","03130","GS25 혜화경찰서점","2026-01-06 14:58:48","U","2026-01-09 02:40:00","","199794.789138358","452254.719806799","지정","서울특별시 종로구 인의동 28-36 재림빌딩","20150529","20150527","관급봉투",
"97","쓰레기종량제봉투판매업","09_30_13_P","3130000","313000014202200004","2022-01-11","","01","영업/정상","0","","","","","","","","","","서울특별시 마포구 월드컵로10길 28, 1층 (서교동)","04004","세븐일레븐 서교동명점","2026-01-07 15:13:37","U","2026-01-09 02:40:00","","192271.933002408","450289.531226454","지정","","20211108","20211108","관급봉투",
"98","쓰레기종량제봉투판매업","09_30_13_P","3130000","313000014202200010","2022-01-11","","03","폐업","2","폐업","2026-01-07","","","","02-3143-6980","","","서울특별시 마포구 서교동 379-1","서울특별시 마포구 잔다리로7안길 4, 1층 (서교동)","04034","지에스25서교명품점","2026-01-07 15:15:10","U","2026-01-09 02:40:00","","192598.023363462","450079.529042339","지정","서울특별시 마포구 서교동 379-1","20220111","20220111","관급봉투",
"99","쓰레기종량제봉투판매업","09_30_13_P","3130000","313000014202100270","2021-10-14","","03","폐업","2","폐업","2026-01-07","","","","02-322-8559","","","서울특별시 마포구 서교동 381-13","서울특별시 마포구 양화로7길 48 (서교동)","04035","세븐일레븐 마포서교점","2026-01-07 15:11:36","U","2026-01-09 02:40:00","","192344.177245918","450056.544138541","지정","서울특별시 마포구 서교동 381-13","20210909","20210909","관급봉투",
"100","쓰레기종량제봉투판매업","09_30_13_P","3130000","313000014202300009","2023-03-13","","01","영업/정상","11","영업","","","","","","","","서울특별시 마포구 서교동 364-26","서울특별시 마포구 와우산로21길 31, 1층 (서교동)","04041","씨유 홍대놀이터점","2026-01-07 15:19:00","U","2026-01-09 02:40:00","","193048.597980722","450001.931077355","지정","서울특별시 마포구 서교동 364-26","20230313","20230309","관급봉투",
"101","쓰레기종량제봉투판매업","09_30_13_P","3130000","313000014202400011","2024-01-31","","03","폐업","2","폐업","2026-01-07","","","","","","","서울특별시 마포구 서교동 395-91","서울특별시 마포구 잔다리로 25, 1층 (서교동)","04043","㈜비지에프리테일 플래그십홍대점 (CU 홍대상상점)","2026-01-07 15:20:36","U","2026-01-09 02:40:00","","192866.453645546","449849.092359811","지정","","20240131","20240126","관급봉투",
"102","쓰레기종량제봉투판매업","09_30_13_P","5530000","553000014202400027","2024-02-21","","03","폐업","2","폐업","2025-12-31","","","","","","","경기도 화성시 병점동 202","경기도 화성시 병점2로 162 (병점동)","18421","수임샵코스모스","2026-01-06 10:21:28","U","2026-01-09 02:40:00","","204503.545536578","412375.913779873","종료","경기도 화성시 병점동 202","20240221","20240221","관급봉투",
"103","쓰레기종량제봉투판매업","09_30_13_P","3130000","313000014202400006","2024-01-29","","01","영업/정상","11","영업","","","","","","","","서울특별시 마포구 서교동 395-91","서울특별시 마포구 잔다리로 25, 1층 (서교동)","04043","㈜비지에프리테일 플래그십홍대점 (CU 홍대상상점)","2026-01-07 15:21:37","U","2026-01-09 02:40:00","","192866.453645546","449849.092359811","지정","","20240129","20240129","관급봉투",
"104","쓰레기종량제봉투판매업","09_30_13_P","3130000","313000014202100042","2021-07-26","","01","영업/정상","11","영업","","","","","","","","서울특별시 마포구 서교동 470-17 미송빌딩","서울특별시 마포구 잔다리로 125, 미송빌딩 (서교동)","03997","씨유 마포잔다리점","2026-01-07 15:10:16","U","2026-01-09 02:40:00","","192252.964412964","450634.008370563","지정","서울특별시 마포구 서교동 470-17 미송빌딩","20210706","20210706","관급봉투",
"105","쓰레기종량제봉투판매업","09_30_13_P","3130000","313000014202100083","2021-08-26","","03","폐업","2","폐업","2026-01-07","","","","02-719-7580","","","서울특별시 마포구 도화동 347-133 유하우스","서울특별시 마포구 도화2길 61 (도화동, 유하우스)","04171","어린이문방구","2026-01-07 12:59:37","U","2026-01-09 02:40:00","","195539.30204796","448452.378072345","지정","서울특별시 마포구 도화동 347-133 유하우스","20210801","20210801","관급봉투",
"106","쓰레기종량제봉투판매업","09_30_13_P","3130000","313000014202100159","2021-09-14","","03","폐업","2","폐업","2026-01-07","","","","02-3142-6492","","","서울특별시 마포구 서교동 464-4","서울특별시 마포구 동교로 142 (서교동)","04030","세븐일레븐서교중앙점","2026-01-07 13:13:51","U","2026-01-09 02:40:00","","192668.129917783","450320.506192299","지정","서울특별시 마포구 서교동 464-4","20210801","20210801","관급봉투",
"107","쓰레기종량제봉투판매업","09_30_13_P","3130000","313000014202100167","2021-09-14","","03","폐업","2","폐업","2026-01-07","","","","02-6408-5894","","","서울특별시 마포구 서교동 468-3","서울특별시 마포구 잔다리로 111 (서교동)","04003","세븐일레븐 서교한우물점","2026-01-07 13:37:14","U","2026-01-09 02:40:00","","192334.728216106","450506.279277744","지정","서울특별시 마포구 서교동 468-3","20100823","20100823","관급봉투",
"108","쓰레기종량제봉투판매업","09_30_13_P","3130000","313000014202100048","2021-08-24","","03","폐업","2","폐업","2026-01-07","","","","02-716-7520","","","서울특별시 마포구 공덕동 1-45","서울특별시 마포구 만리재로18길 5 (공덕동)","04183","신일식품","2026-01-07 12:56:54","U","2026-01-09 02:40:00","","196594.39064686","449852.821202188","지정","서울특별시 마포구 공덕동 1-45","20210801","20210801","관급봉투",
"109","쓰레기종량제봉투판매업","09_30_13_P","3130000","313000014202100066","2021-08-01","","03","폐업","2","폐업","2026-01-07","","","","02-6377-7833","","","서울특별시 마포구 공덕동 456 한국사회복지회관 르네상스타워","서울특별시 마포구 만리재로 14, 한국사회복지회관 르네상스타워 (공덕동)","04195","상가매점","2026-01-07 12:58:13","U","2026-01-09 02:40:00","","195766.588069694","449083.306922623","지정","서울특별시 마포구 공덕동 456 한국사회복지회관 르네상스타워","20071119","20071119","관급봉투",
"110","쓰레기종량제봉투판매업","09_30_13_P","3130000","313000014202100067","2021-08-24","","03","폐업","2","폐업","2026-01-07","","","","02-719-1313","","","서울특별시 마포구 공덕동 7-1","서울특별시 마포구 효창원로 255-1 (공덕동)","04183","동춘슈퍼","2026-01-07 12:58:55","U","2026-01-09 02:40:00","","196702.04987465","449748.023092262","지정","서울특별시 마포구 공덕동 7-1","20080825","20080825","관급봉투",
"111","쓰레기종량제봉투판매업","09_30_13_P","3130000","313000014202100173","2021-09-15","","01","영업/정상","11","영업","","","","","","","","서울특별시 마포구 서교동 473-20 영화빌딩","서울특별시 마포구 월드컵로14길 29, 영화빌딩 1층 (서교동)","03997","GS25 서교미리내점","2026-01-07 13:43:40","U","2026-01-09 02:40:00","","192163.457698547","450452.451482025","지정","서울특별시 마포구 서교동 473-20 영화빌딩","20120831","20120831","관급봉투",
"112","쓰레기종량제봉투판매업","09_30_13_P","3130000","313000014202100174","2021-09-15","","01","영업/정상","11","영업","","","","","","","","서울특별시 마포구 서교동 464-4","서울특별시 마포구 동교로 142 (서교동)","04030","세븐일레븐 서교중앙점","2026-01-07 13:14:31","U","2026-01-09 02:40:00","","192668.129917783","450320.506192299","지정","서울특별시 마포구 서교동 464-4","20130628","20130628","관급봉투",
"113","쓰레기종량제봉투판매업","09_30_13_P","3130000","313000014202100092","2021-08-27","","01","영업/정상","11","영업","","","","","02-715-4426","","","서울특별시 마포구 마포동 292-64","서울특별시 마포구 마포대로4라길 32 (마포동)","04178","GS25 마포사랑","2026-01-07 13:00:59","U","2026-01-09 02:40:00","","195188.950843906","448305.518618358","지정","서울특별시 마포구 마포동 292-64","20100823","20100823","관급봉투",
"114","쓰레기종량제봉투판매업","09_30_13_P","3130000","313000014202100093","2021-08-27","","03","폐업","2","폐업","2026-01-07","","","","02-703-1963","","","서울특별시 마포구 도화동 183-13","서울특별시 마포구 새창로 14 (도화동)","04169","GS도화새창","2026-01-07 13:03:29","U","2026-01-09 02:40:00","","195646.210798021","448867.692262702","지정","서울특별시 마포구 도화동 183-13","20210801","20210801","관급봉투",
"115","쓰레기종량제봉투판매업","09_30_13_P","3130000","313000014202100095","2021-08-27","","03","폐업","2","폐업","2026-01-07","","","","02-716-7232","","","서울특별시 마포구 도화동 1-62","서울특별시 마포구 새창로4나길 21 (도화동)","04169","용강슈퍼","2026-01-07 13:04:49","U","2026-01-09 02:40:00","","195742.456217441","448766.218286575","지정","서울특별시 마포구 도화동 1-62","20120413","20120413","관급봉투",
"116","쓰레기종량제봉투판매업","09_30_13_P","3940000","396010014202500025","2025-09-16","","01","영업/정상","11","영업","","","","","031-900-5000","","","경기도 고양시 일산동구 마두동 797-2 뉴코아백화점일산점","경기도 고양시 일산동구 중앙로 1206, 뉴코아백화점일산점 (마두동)","10414","(주)이랜드리테일 일산점","2026-01-07 15:25:43","U","2026-01-09 02:40:00","","180232.752598414","461372.68276209","지정","경기도 고양시 일산동구 마두동 797-2 뉴코아백화점일산점","20250916","20250916","관급봉투",
"117","쓰레기종량제봉투판매업","09_30_13_P","4791000","479100014202500005","2025-08-19","","01","영업/정상","11","영업","","","","","","","","전북특별자치도 부안군 부안읍 선은리 222-2","전북특별자치도 부안군 부안읍 낭주길 25","56307","주식회사 관일","2026-01-06 15:34:03","U","2026-01-09 02:40:00","","176321.897615783","247586.739839639","지정","전북특별자치도 부안군 부안읍 선은리 222-2","20250819","20250818","관급봉투",
"118","쓰레기종량제봉투판매업","09_30_13_P","3130000","313000014202200063","2022-12-26","","03","폐업","2","폐업","2026-01-07","","","","02-334-8233","","","서울특별시 마포구 서교동 380-6","서울특별시 마포구 양화로11길 18, 1층 (서교동)","04034","씨유 마포서교점","2026-01-07 13:35:19","U","2026-01-09 02:40:00","","192481.102587312","449988.999081893","지정","","20221226","20221219","관급봉투",
"119","쓰레기종량제봉투판매업","09_30_13_P","3130000","313000014201700074","2017-11-21","","03","폐업","2","폐업","2026-01-07","","","","02-703-8645","","","서울특별시 마포구 마포동 350 강변한신코아빌딩","서울특별시 마포구 마포대로4다길 18, 1층 105호 (마포동)","04177","씨유 신마포강변점","2026-01-07 13:09:19","U","2026-01-09 02:40:00","","194974.587674037","448229.063825491","지정","","20171121","20170627","관급봉투",
"120","쓰레기종량제봉투판매업","09_30_13_P","3130000","313000014201800020","2018-07-18","","03","폐업","2","폐업","2026-01-07","","","","02-719-0121","","","서울특별시 마포구 도화동 2-338 지층","서울특별시 마포구 새창로6길 43, 지층 (도화동)","04181","GS25도화베네스트점","2026-01-07 13:10:16","U","2026-01-09 02:40:00","","195675.081631288","448679.131986177","지정","서울특별시 마포구 도화동 2번지 338호 지층","20180718","20180625","관급봉투",
"121","쓰레기종량제봉투판매업","09_30_13_P","3130000","313000014201500015","2015-01-10","","03","폐업","2","폐업","2026-01-07","","","","02-703-8645","","121-703","서울특별시 마포구 마포동 34-1","서울특별시 마포구 마포대로 19, 105호 (마포동, 강변한신코아)","121-703","씨유 신마포강변점","2026-01-07 13:06:15","U","2026-01-09 02:40:00","","195006.767292504","448533.382459215","지정","서울특별시 마포구 마포동 34번지 1호","20150110","20150110","관급봉투",
"122","쓰레기종량제봉투판매업","09_30_13_P","3130000","313000014201400011","2014-10-13","","03","폐업","2","폐업","2026-01-07","","","","","","121-829","서울특별시 마포구 상수동 312-4 지하지층","서울특별시 마포구 와우산로11길 28 (상수동)","121-829","GS25 상수행복점","2026-01-07 13:50:58","U","2026-01-09 02:40:00","","192986.493943126","449610.197628444","지정","서울특별시 마포구 상수동 312번지 4호 지하지층","20141013","20141013","관급봉투",
"123","쓰레기종량제봉투판매업","09_30_13_P","3130000","313000014201700036","2017-05-29","","01","영업/정상","11","영업","","","","","313-6393","","","","서울특별시 마포구 만리재옛길 103 (아현동)","04202","GS25 마포만리재","2026-01-07 13:03:06","U","2026-01-09 02:40:00","","196549.907298732","449902.941171067","지정","","20170529","20170310","관급봉투",
"124","쓰레기종량제봉투판매업","09_30_13_P","3610000","361000014201800037","2018-10-24","","03","폐업","2","폐업","2026-01-06","","","","","","","광주광역시 남구 주월동 1120","광주광역시 남구 봉선로 62, 1층 (주월동)","61698","(주)쿱스토어광주봉선2호점(자연드림)","2026-01-06 10:14:39","U","2026-01-09 02:40:00","","191231.86205473","180965.962062014","종료","광주광역시 남구 주월동 1120번지","20181024","20181024","관급봉투",
"125","쓰레기종량제봉투판매업","09_30_13_P","3130000","313000014201800040","2018-10-23","","01","영업/정상","11","영업","","","","","","","","서울특별시 마포구 서교동 370-18 1층 전체호","서울특별시 마포구 양화로 100-13, 1층 (서교동)","04039","씨유 서교3호점","2026-01-07 13:40:47","U","2026-01-09 02:40:00","","192802.392372716","450030.912662672","지정","서울특별시 마포구 서교동 370번지 18호 1층 전체호","20181023","20181001","관급봉투",
"126","쓰레기종량제봉투판매업","09_30_13_P","3130000","313000014202200036","2022-07-28","","03","폐업","2","폐업","2026-01-07","","","","02-715-6551","","","서울특별시 마포구 도화동 182-6","서울특별시 마포구 도화길 42 (도화동)","04169","서부설비","2026-01-07 13:11:39","U","2026-01-09 02:40:00","","195543.867545557","448806.629514746","지정","서울특별시 마포구 도화동 182-6","20220723","20220723","관급봉투",
"127","쓰레기종량제봉투판매업","09_30_13_P","4550000","455000014202000006","2020-12-28","","01","영업/정상","11","영업","","","","","","","","충청남도 금산군 금산읍 신대리 647-3 씨유 금산IC점","충청남도 금산군 금산읍 인삼로 184, 씨유 금산IC점","32722","씨유금산IC점","2026-01-06 20:08:20","U","2026-01-09 02:40:00","","245088.510606216","289208.252511121","지정","충청남도 금산군 금산읍 신대리 647-3","","20201228","관급봉투",
"128","쓰레기종량제봉투판매업","09_30_13_P","3130000","313000014202200023","2022-05-13","","03","폐업","2","폐업","2024-02-07","","","","1577-9621","","","서울특별시 마포구 서교동 369-26","서울특별시 마포구 잔다리로6길 23 (서교동)","04039","롯데씨브이에스711(주) 홍대잔다리점","2026-01-07 15:16:42","U","2026-01-09 02:40:00","","192890.67324409","450010.933567946","지정","서울특별시 마포구 서교동 369-26","20220512","20220512","관급봉투",
"129","쓰레기종량제봉투판매업","09_30_13_P","4191000","419100014202600002","2026-01-08","","03","폐업","2","폐업","2026-01-08","","","","","","","강원특별자치도 원주시 개운동 587 원주개운3단지엘에이치아파트","강원특별자치도 원주시 남원로606번길 16, 원주개운3단지엘에이치아파트 (개운동)","26446","씨유 원주개운주공점","2026-01-08 16:10:04","I","2026-01-10 00:20:07","","284368.130714596","426527.899169035","종료","","20161213","20161213","관급봉투",
"130","쓰레기종량제봉투판매업","09_30_13_P","3940000","396010014202600002","2026-01-08","","01","영업/정상","11","영업","","","","","","","","경기도 파주시 와동동 1384 801호","경기도 파주시 금바위로 42, 801호 (와동동)","10894","주식회사 스프링(SPRING)","2026-01-08 19:36:25","I","2026-01-10 00:20:07","","178771.250063023","469568.702177656","지정","경기도 고양시 일산동구 중산동 1696 지하층 102호","20260108","20260106","관급봉투",
"131","쓰레기종량제봉투판매업","09_30_13_P","4641000","464100014202600002","2026-01-08","","01","영업/정상","11","영업","","","","","","","","전북특별자치도 전주시 덕진구 여의동 558-4","전북특별자치도 전주시 덕진구 기린대로 951 (여의동)","54852","전주나은요양병원 편의점","2026-01-08 11:24:04","I","2026-01-10 00:20:07","","207214.966816855","262708.324186465","지정","전북특별자치도 전주시 덕진구 여의동 558-4","20260108","20260107","관급봉투",
"132","쓰레기종량제봉투판매업","09_30_13_P","4030000","403000014202600002","2026-01-08","","01","영업/정상","11","영업","","","","","","","","경기도 의왕시 고천동 531-1 고천동 하나","경기도 의왕시 시청중심로 24, 고천동 하나 1층 (고천동)","16076","농민식자재마트","2026-01-08 16:53:36","I","2026-01-10 00:20:07","","","","지정","경기도 의왕시 고천동 531-1, 1층","20260108","20260108","관급봉투",
"133","쓰레기종량제봉투판매업","09_30_13_P","4930000","493000014200000058","1994-12-01","","01","영업/정상","11","영업","","","","","532-1037","","536-911","전라남도 해남군 현산면 일평리 762-1","전라남도 해남군 현산면 현산북평로 97","536-911","현산보건지소","2026-01-08 11:46:56","U","2026-01-10 02:40:00","","158947.755292364","106718.881814744","지정","일평리 762-8","","19941201","관급봉투",
"134","쓰레기종량제봉투판매업","09_30_13_P","4930000","493000014200000059","1999-07-06","","01","영업/정상","11","영업","","","","","532-1037","","536-911","전라남도 해남군 현산면 일평리 762-1","전라남도 해남군 현산면 현산북평로 97","536-911","현산보건지소","2026-01-08 11:46:56","U","2026-01-10 02:40:00","","158947.755292364","106718.881814744","지정","일평리 715","","19990706","관급봉투",
"135","쓰레기종량제봉투판매업","09_30_13_P","4930000","493000014200000060","1994-12-01","","01","영업/정상","11","영업","","","","","532-1037","","536-911","전라남도 해남군 현산면 일평리 762-1","전라남도 해남군 현산면 현산북평로 97","536-911","현산보건지소","2026-01-08 11:46:56","U","2026-01-10 02:40:00","","158947.755292364","106718.881814744","지정","일평리 861-6","","19941201","관급봉투",
"136","쓰레기종량제봉투판매업","09_30_13_P","4930000","493000014200000077","1994-12-01","","01","영업/정상","11","영업","","","","","533-0324","","536-943","전라남도 해남군 북일면 신월리 188-1","전라남도 해남군 북일면 백도로 779 (북일주유소)","59051","북일보건지소","2026-01-08 11:48:34","U","2026-01-10 02:40:00","","169801.83458619","107283.809157727","지정","신월리 310","","19941201","관급봉투",
"137","쓰레기종량제봉투판매업","09_30_13_P","4930000","493000014200000078","1994-12-01","","01","영업/정상","11","영업","","","","","533-0324","","536-943","전라남도 해남군 북일면 신월리 188-1","전라남도 해남군 북일면 백도로 779 (북일주유소)","59051","북일보건지소","2026-01-08 11:48:34","U","2026-01-10 02:40:00","","169801.83458619","107283.809157727","지정","신월리 179-7","","19941201","관급봉투",
"138","쓰레기종량제봉투판매업","09_30_13_P","4930000","493000014200000079","1994-12-01","","01","영업/정상","11","영업","","","","","533-0324","","536-943","전라남도 해남군 북일면 신월리 188-1","전라남도 해남군 북일면 백도로 779 (북일주유소)","59051","북일보건지소","2026-01-08 11:48:34","U","2026-01-10 02:40:00","","169801.83458619","107283.809157727","지정","신월리 435","","19941201","관급봉투",
"139","쓰레기종량제봉투판매업","09_30_13_P","4930000","493000014200400003","2004-05-20","","01","영업/정상","11","영업","","","","","061-531-3716","","","전라남도 해남군 해남읍 해리 186 해남군청","전라남도 해남군 해남읍 해남로 46 (해남보건소)","59038","해남군보건소","2026-01-08 11:44:43","U","2026-01-10 02:40:00","","164316.447976427","119201.86074113","지정","전라남도 해남군 해남읍 해리 411-2번지","20120720","20040520","관급봉투",
"140","쓰레기종량제봉투판매업","09_30_13_P","4930000","493000014200500002","2005-06-27","","01","영업/정상","11","영업","","","","","532-1037","","536-911","전라남도 해남군 현산면 일평리 762-1","전라남도 해남군 현산면 현산북평로 97","536-911","현산보건지소","2026-01-08 11:46:56","U","2026-01-10 02:40:00","","158947.755292364","106718.881814744","지정","현산면 일평리 836-5","","20050627","관급봉투",
"141","쓰레기종량제봉투판매업","09_30_13_P","4930000","493000014200200020","2002-10-22","","01","영업/정상","11","영업","","","","","532-1527","","536-872","전라남도 해남군 문내면 동외리 1009 문내면 건강증진형 보건지소","전라남도 해남군 문내면 우수영안길 23-10, 문내면 건강증진형 보건지소","59004","문내보건지소","2026-01-08 11:51:46","U","2026-01-10 02:40:00","","136742.344673375","121928.942541933","지정","동외리 40-1","","20021022","관급봉투",
"142","쓰레기종량제봉투판매업","09_30_13_P","4930000","493000014200200004","2002-02-14","","01","영업/정상","11","영업","","","","","061 5320982","","536-882","전라남도 해남군 화원면 금평리 216","전라남도 해남군 화원면 관광레저로 1249","59002","화원보건지소","2026-01-08 11:52:14","U","2026-01-10 02:40:00","","138319.610299387","130471.306179997","지정","금평리 239-157","","20020214","관급봉투",
"143","쓰레기종량제봉투판매업","09_30_13_P","4930000","493000014200200007","2002-03-05","","01","영업/정상","11","영업","","","","","061- 533-3502","","536-921","전라남도 해남군 송지면 군곡리 2216-9","전라남도 해남군 송지면 독고개길 3","","신정보건진료소","2026-01-08 13:19:39","U","2026-01-10 02:40:00","","156989.514463399","101910.324680198","지정","군곡리 203","","20020305","관급봉투",
"144","쓰레기종량제봉투판매업","09_30_13_P","5050000","505000014201700003","2017-01-19","","01","영업/정상","11","영업","","","","","","","","경상북도 경주시 내남면 노곡리 1138-5","경상북도 경주시 내남면 노곡2길 62","38198","대구식자재마트","2026-01-08 16:16:59","U","2026-01-10 02:40:00","","399309.742712794","250477.042282022","지정","경상북도 경주시 내남면 노곡리 1138-5","20170119","20260108","관급봉투",
"145","쓰레기종량제봉투판매업","09_30_13_P","4830000","483000014202200003","2022-01-21","","01","영업/정상","11","영업","","","","","","","","전라남도 나주시 빛가람동 381 센트럴레이크","전라남도 나주시 중야1길 42, 105동 7층 1호 (빛가람동, 센트럴레이크)","","세븐일레븐 나주혁신부영점","2026-01-08 10:59:12","U","2026-01-10 02:40:00","","179916.413347411","168477.350748348","지정","전라남도 나주시 빛가람동 325 루멘하임 상가동","20220121","20220121","관급봉투",
"146","쓰레기종량제봉투판매업","09_30_13_P","4490000","565000014202000072","2020-09-24","","03","폐업","2","폐업","2026-01-08","","","","","","","충청남도 천안시 동남구 유량동 136-5","충청남도 천안시 동남구 태조산길 187 (유량동)","31068","이마트24 천안유량점","2026-01-08 16:11:32","U","2026-01-10 02:40:00","","216294.132287402","368324.268136868","지정","충청남도 천안시 동남구 유량동 136-5","20200924","20200924","관급봉투",
"147","쓰레기종량제봉투판매업","09_30_13_P","3900000","390000014202200056","2022-10-28","","01","영업/정상","11","영업","","","","","","","","경기도 광명시 하안동 38 뉴코아아울렛","경기도 광명시 하안로287번길 8, 뉴코아아울렛 지하1층 (하안동)","14305","뉴코아 아울렛 광명점","2026-01-08 17:42:50","U","2026-01-10 02:40:00","","189263.01222247","439900.832910796","지정","경기도 광명시 하안동 38 뉴코아아울렛","20250917","20221026","관급봉투",
"148","쓰레기종량제봉투판매업","09_30_13_P","4191000","419100014202500015","2025-03-18","","03","폐업","2","폐업","2026-01-08","","","","","","","강원특별자치도 원주시 문막읍 동화리 514-6","강원특별자치도 원주시 문막읍 원문로 1423, 제가동호","26372","세븐일레븐 원주문막대로점","2026-01-08 15:03:05","U","2026-01-10 02:40:00","","274796.341084528","425267.400887632","종료","강원특별자치도 원주시 문막읍 동화리 514-6","20250318","20250318","관급봉투",
"149","쓰레기종량제봉투판매업","09_30_13_P","3940000","395000014202200059","2022-07-13","","03","폐업","2","폐업","2026-01-08","","","","","","","경기도 고양시 덕양구 신원동 667 삼송주유소","경기도 고양시 덕양구 신원1로 93, 삼송주유소 (신원동)","10572","지에스(GS)25 삼송스위트점","2026-01-08 13:30:50","U","2026-01-10 02:40:00","","189706.643535405","461936.609031019","지정","경기도 고양시 덕양구 신원동 667 삼송주유소","20220713","20220713","관급봉투",
"150","쓰레기종량제봉투판매업","09_30_13_P","3990000","399000014202200040","2022-04-29","","01","영업/정상","11","영업","","","","","031-550-7751","","","경기도 구리시 인창동 677 롯데백화점 구리점","경기도 구리시 경춘로 261, 롯데백화점 구리점 (인창동)","11922","롯데쇼핑(주) 구리점","2026-01-08 17:02:51","U","2026-01-10 02:40:00","","212647.021160325","455616.655198478","지정","경기도 구리시 인창동 677 롯데백화점 구리점","20220429","20220428","관급봉투",
"151","쓰레기종량제봉투판매업","09_30_13_P","3610000","361000014202600001","2026-01-09","","01","영업/정상","11","영업","","","","","","","","광주광역시 남구 월산동 985-5","광주광역시 남구 대남대로 362 (월산동)","61623","단밤식자재마트","2026-01-09 09:33:41","I","2026-01-11 00:20:02","","190124.412880988","182758.027849475","지정","광주광역시 남구 월산동 985-5","20260109","20260109","관급봉투",
"152","쓰레기종량제봉투판매업","09_30_13_P","4191000","419100014202600003","2026-01-09","","01","영업/정상","11","영업","","","","","","","","강원특별자치도 원주시 반곡동 1900-4","강원특별자치도 원주시 미래로 15, 수변CT동 1층 113호 (반곡동)","26462","강쌤철물 원주 혁신점(지한상사)","2026-01-09 15:29:02","I","2026-01-11 00:20:02","","287271.61127797","425347.410231164","지정","강원특별자치도 원주시 반곡동 1900-4","20260109","20260109","관급봉투",
"153","쓰레기종량제봉투판매업","09_30_13_P","4191000","419100014202600004","2026-01-09","","01","영업/정상","11","영업","","","","","0337427520","","","강원특별자치도 원주시 중앙동 72-1","강원특별자치도 원주시 평원로 61 (중앙동)","26428","흥원철물","2026-01-09 15:04:55","I","2026-01-11 00:20:02","","284149.920824702","428094.417929317","지정","강원특별자치도 원주시 중앙동 72-1","20260109","20260109","관급봉투",
"154","쓰레기종량제봉투판매업","09_30_13_P","5530000","553000014202600003","2026-01-09","","01","영업/정상","11","영업","","","","","","","","경기도 화성시 새솔동 64-1","경기도 화성시 수노을2로 26, 1,2층 (새솔동)","18244","수노을할인마트","2026-01-09 13:22:38","I","2026-01-11 00:20:02","","183510.67171688","420316.840751802","지정","","20260109","20260108","관급봉투",
"155","쓰레기종량제봉투판매업","09_30_13_P","4641000","464100014202600003","2026-01-09","","01","영업/정상","11","영업","","","","","","","","전북특별자치도 전주시 완산구 효자동3가 1423-6","전북특별자치도 전주시 완산구 서곡6길 26, 1층 (효자동3가)","54956","씨유 서곡프라임점","2026-01-09 08:57:44","I","2026-01-11 00:20:02","","209225.43322634","259470.140936573","지정","전북특별자치도 전주시 완산구 효자동3가 1423-6","20260109","20260108","관급봉투",
"156","쓰레기종량제봉투판매업","09_30_13_P","4090000","409000014201500056","2015-10-08","","03","폐업","2","폐업","2026-01-09","","","","02-1577-0711","","","","경기도 김포시 김포한강8로 365 (구래동, 엘에이치한강센트럴리버)","10070","(주)코리아세븐 구래센트럴리버점","2026-01-09 14:09:42","U","2026-01-11 02:40:00","","167192.340569465","459985.250181326","지정","","20151008","20151008","관급봉투",
"157","쓰레기종량제봉투판매업","09_30_13_P","4830000","483000014202000007","2020-04-23","","01","영업/정상","11","영업","","","","","","","","강원특별자치도 삼척시 정상동 275-1 삼표아파트","강원특별자치도 삼척시 오십천로 529, 501동 6층 3호 (정상동, 삼표아파트)","58259","씨유 나주송월중앙점","2026-01-09 10:38:28","U","2026-01-11 02:40:00","","392546.827432452","439282.748831615","지정","전라남도 나주시 송월동 650번지 1호","20200423","20200423","관급봉투",
"158","쓰레기종량제봉투판매업","09_30_13_P","4641000","464100014202400017","2024-01-25","","03","폐업","2","폐업","2026-01-09","","","","","","","전북특별자치도 전주시 완산구 효자동3가 1423-6","전북특별자치도 전주시 완산구 서곡6길 26, 1층 (효자동3가)","54956","씨유서곡프라임점","2026-01-09 08:55:37","U","2026-01-11 02:40:00","","209225.43322634","259470.140936573","지정","전북특별자치도 전주시 완산구 효자동3가 1423-6","20240126","20240116","관급봉투",
"159","쓰레기종량제봉투판매업","09_30_13_P","4090000","409000014202100050","2021-06-09","","03","폐업","2","폐업","2026-01-09","","","","","","","경기도 김포시 구래동 6874-20 김포한강아이파크","경기도 김포시 김포한강4로420번길 100, 상가동 1층 106,107호 (구래동, 김포한강아이파크)","10063","(주)코리아세븐 구래아이파크점","2026-01-09 14:08:20","U","2026-01-11 02:40:00","","167521.574440183","461058.441152549","지정","경기도 김포시 구래동 6874-20 김포한강아이파크","20210609","20210607","관급봉투",
"160","쓰레기종량제봉투판매업","09_30_13_P","4090000","409000014202100061","2021-07-02","","03","폐업","2","폐업","2026-01-09","","","","","","","경기도 김포시 구래동 6888-2 구래역한강리슈빌","경기도 김포시 김포한강8로 377, 상가동 103,104호 (구래동, 구래역한강리슈빌)","10070","(주)코리아세븐 구래리슈빌점","2026-01-09 14:10:09","U","2026-01-11 02:40:00","","167035.568886612","460036.423017077","지정","경기도 김포시 구래동 6888-2 구래역한강리슈빌","20210702","20210702","관급봉투",
"161","쓰레기종량제봉투판매업","09_30_13_P","4191000","419100014202500035","2025-06-09","","03","폐업","2","폐업","2026-01-09","","","","","","","강원특별자치도 원주시 단구동 1512-2 광장빌딩","강원특별자치도 원주시 서원대로 408, 광장빌딩 108호 (단구동)","26484","장 봐주는 언니 단구점","2026-01-09 13:12:10","U","2026-01-11 02:40:00","","284124.423574889","425753.203190806","종료","강원특별자치도 원주시 단구동 1512-2 광장빌딩","20250609","20250609","관급봉투",
"162","쓰레기종량제봉투판매업","09_30_13_P","4090000","409000014202200063","2022-09-05","","03","폐업","2","폐업","2026-01-09","","","","1577-0711","","","경기도 김포시 구래동 6896-12","경기도 김포시 김포한강9로12번길 8-12, 1층 (구래동)","10070","(주)코리아세븐 구래타운점","2026-01-09 14:09:01","U","2026-01-11 02:40:00","","167041.946405379","459523.57097496","지정","경기도 김포시 구래동 6896-12","20220905","20220902","관급봉투",
"163","쓰레기종량제봉투판매업","09_30_13_P","4090000","409000014202200075","2022-10-18","","01","영업/정상","11","영업","","","","","","","","경기도 김포시 하성면 마곡리 707-2","경기도 김포시 하성면 원산로 100, 1층 일부호","10011","씨유 김포하성삼거리점","2026-01-09 13:12:21","U","2026-01-11 02:40:00","","166857.264895056","468624.508496196","지정","경기도 김포시 하성면 마곡리 707-2","20221018","20221017","관급봉투",
"164","쓰레기종량제봉투판매업","09_30_13_P","3610000","361000014202400027","2024-11-29","","01","영업/정상","11","영업","","","","","1577-0001","","","광주광역시 동구 대인동 7-1 롯데백화점 광주점","광주광역시 동구 독립로 268 (대인동)","61470","롯데쇼핑(주)광주점","2026-01-09 09:00:11","U","2026-01-11 02:40:00","","191913.038277945","183968.019861937","지정","광주광역시 동구 대인동 7-1 롯데백화점 광주점","20241129","20241129","관급봉투",
"165","쓰레기종량제봉투판매업","09_30_13_P","4771000","477100014202600001","2026-01-11","","01","영업/정상","11","영업","","","","","063-653-8621","","","전북특별자치도 순창군 복흥면 서마리 720-9","전북특별자치도 순창군 복흥면 추령로 1792-7","56001","정상휴게소","2026-01-11 19:27:34","I","2026-01-13 00:20:11","","193361.980500932","219893.611691797","지정","전북특별자치도 순창군 복흥면 서마리 720-9","","20260108","관급봉투",
"166","쓰레기종량제봉투판매업","09_30_13_P","4771000","477100014202600002","2026-01-12","","01","영업/정상","11","영업","","","","","","","","전북특별자치도 순창군 동계면 구미리 1085-1 야영장","전북특별자치도 순창군 동계면 장군목길 394, 야영장","56026","스테이현 캠핑장","2026-01-11 19:48:56","I","2026-01-13 00:20:11","","","","지정","전북특별자치도 순창군 동계면 구미리 1085-1 야영장","20260112","20260110","관급봉투",
"167","쓰레기종량제봉투판매업","09_30_13_P","5370000","537000014201900011","2019-03-28","","03","폐업","2","폐업","2025-02-28","","","","","","","경상남도 거제시 장승포동 654-1 거제대학","경상남도 거제시 마전1길 91, 거제대학 (장승포동)","53325","세븐일레븐 거제대학교점","2026-01-11 10:26:23","U","2026-01-13 02:40:00","","357897.741479264","151534.132770298","지정","경상남도 거제시 장승포동 654번지 1호 거제대학","20190326","20190326","관급봉투",
"168","쓰레기종량제봉투판매업","09_30_13_P","3940000","395000014202600002","2026-01-12","","01","영업/정상","11","영업","","","","","","","","경기도 고양시 덕양구 화정동 948 별빛마을9단지아파트","경기도 고양시 덕양구 화신로 311, 분산상가동 1층 101,102호 (화정동, 별빛마을9단지아파트)","10502","지에스25 화정별숲점","2026-01-12 14:34:49","I","2026-01-14 00:20:02","","184518.097306059","458669.863237957","지정","경기도 고양시 덕양구 화정동 948 별빛마을9단지아파트","20260112","20260112","관급봉투",
"169","쓰레기종량제봉투판매업","09_30_13_P","3130000","313000014202600001","2026-01-12","","01","영업/정상","11","영업","","","","","","","","서울특별시 마포구 아현동 777 마포래미안푸르지오","서울특별시 마포구 마포대로 195, 상가1동 111호 (아현동, 마포래미안푸르지오)","04129","세븐일레븐 아현푸르지오점","2026-01-12 16:18:12","I","2026-01-14 00:20:02","","195835.448021829","450370.13541991","지정","서울특별시 마포구 아현동 777 마포래미안푸르지오","20260112","20260105","관급봉투",
"170","쓰레기종량제봉투판매업","09_30_13_P","3130000","313000014202600002","2026-01-12","","01","영업/정상","11","영업","","","","","","","","서울특별시 마포구 도화동 6-38 보배상가","서울특별시 마포구 도화4길 70, 보배상가 1층 (도화동)","04171","씨유 도화현대점","2026-01-12 16:38:17","I","2026-01-14 00:20:02","","195618.388696241","448542.463118918","지정","서울특별시 마포구 도화동 6-38 보배상가","20260112","20260108","관급봉투",
"171","쓰레기종량제봉투판매업","09_30_13_P","3450000","345000014201204319","2012-01-10","","01","영업/정상","11","영업","","","","","320-3353","","702-849","대구광역시 북구 읍내동 1343-6","대구광역시 북구 칠곡중앙대로 416 (읍내동)","702-849","주식회사 이랜드리테일","2026-01-12 17:47:02","U","2026-01-14 02:40:00","","339717.871628279","271412.222622685","지정","대구광역시 북구 읍내동 1343-6","20260112","20260109","관급봉투",
"172","쓰레기종량제봉투판매업","09_30_13_P","3130000","313000014201700084","2017-12-26","","03","폐업","2","폐업","2026-01-08","","","","02-3144-7234","","","서울특별시 마포구 망원동 384-23","서울특별시 마포구 동교로 63 (망원동)","04018","이마트24 망원제일점","2026-01-12 16:33:34","U","2026-01-14 02:40:00","","191910.919353346","450154.716484565","지정","서울특별시 마포구 망원동 384번지 23호","20171226","20171101","관급봉투",
"173","쓰레기종량제봉투판매업","09_30_13_P","3450000","345000014201900021","2019-04-04","","01","영업/정상","11","영업","","","","","","","","대구광역시 북구 산격동 1261-61번지","대구광역시 북구 동북로 188 (산격동)","41535","만물상","2019-04-04 16:20:11","D","2026-01-14 16:50:48","","345554.514742131","267623.636637723","지정","","20190306","20190304","관급봉투",
"174","쓰레기종량제봉투판매업","09_30_13_P","3990000","399000014201900013","2019-12-31","","01","영업/정상","11","영업","","","","","","","","경기도 남양주시 화도읍 녹촌리 10-3 108호","경기도 남양주시 화도읍 경춘로1876번길 3, 108호","12178","세븐일레븐 화도팜파스점","2021-07-05 11:51:41","D","2026-01-14 16:50:48","","226173.753852859","461153.198605014","지정","경기도 남양주시 화도읍 녹촌리 10-3 108호","20191231","20191224","관급봉투",
"175","쓰레기종량제봉투판매업","09_30_13_P","3990000","399000014202600001","2026-01-13","","01","영업/정상","11","영업","","","","","","","","경기도 남양주시 다산동 6054-2","경기도 남양주시 다산중앙로146번길 12-14, 1층 (다산동)","12285","지에스(GS)25 다산타워점","2026-01-13 13:20:02","I","2026-01-15 00:20:35","","213582.50162668","458106.159052689","지정","경기도 남양주시 다산동 6054-2","20260113","20260112","관급봉투",
"176","쓰레기종량제봉투판매업","09_30_13_P","5530000","553000014202600004","2026-01-13","","01","영업/정상","11","영업","","","","","","","","경기도 화성시 양감면 정문리 187-2","경기도 화성시 양감면 정문회화로 169","18630","정문마트","2026-01-13 14:55:04","I","2026-01-15 00:20:35","","199062.885216886","398863.339019112","지정","경기도 화성시 양감면 정문리 187-2","20260113","20260113","관급봉투",
"177","쓰레기종량제봉투판매업","09_30_13_P","4520000","452000014202600001","2026-01-13","","01","영업/정상","11","영업","","","","","","","","충청남도 아산시 둔포면 봉재리 357-2","충청남도 아산시 둔포면 충무로 1179","31423","세븐일레븐 아산봉재희망점","2026-01-13 08:45:20","I","2026-01-15 00:20:35","","202562.643459999","375202.022168643","지정","충청남도 아산시 둔포면 봉재리 357-2","20260113","20260109","관급봉투",
"178","쓰레기종량제봉투판매업","09_30_13_P","4520000","452000014202600002","2026-01-13","","01","영업/정상","11","영업","","","","","","","","충청남도 아산시 풍기동 514 아산풍기이지더원아파트 상가","충청남도 아산시 어의정로 184, 3동 B105호 (풍기동, 아산풍기이지더원아파트)","31579","다파농, 다파는 농부 풍기점","2026-01-13 08:57:04","I","2026-01-15 00:20:35","","201580.584480924","363756.39591532","지정","충청남도 아산시 풍기동 514 아산풍기이지더원아파트 상가","20260113","20260112","관급봉투",
"179","쓰레기종량제봉투판매업","09_30_13_P","4090000","409000014202600001","2026-01-13","","01","영업/정상","11","영업","","","","","","","","경기도 김포시 운양동 1297-5","경기도 김포시 김포한강11로 308 (운양동)","10073","(주)제이리더스","2026-01-13 16:44:54","I","2026-01-15 00:20:35","","171971.78868368","461526.715414784","지정","경기도 김포시 운양동 1297-5","20260113","20260112","관급봉투",
"180","쓰레기종량제봉투판매업","09_30_13_P","4030000","403000014201900033","2019-10-11","","01","영업/정상","11","영업","","","","","031-8086-1421","","","경기도 안양시 동안구 호계동 1039 G.SQURE, 롯데백화점 평촌점","경기도 안양시 동안구 시민대로 180, G.SQURE, 롯데백화점 평촌점 지하1층 (호계동)","14073","롯데쇼핑(주)평촌점","2026-01-13 11:05:00","U","2026-01-15 02:40:00","","195544.974046367","432016.783362963","지정","경기도 안양시 동안구 호계동 1039번지 G.SQURE, 롯데백화점 평촌점","20191011","20220502","관급봉투",
"181","쓰레기종량제봉투판매업","09_30_13_P","3990000","399000014201700012","2017-04-27","","01","영업/정상","11","영업","","","","","02-2290-5937","","","경기도 남양주시 와부읍 도곡리 1025-6 인덕빌딩","경기도 남양주시 와부읍 덕소로 238, 인덕빌딩","12275","롯데쇼핑(주) 롯데슈퍼남양주도곡점","2026-01-13 09:42:59","U","2026-01-15 02:40:00","","219589.364561901","453015.355519874","지정","경기도 남양주시 와부읍 도곡리 1025-6 인덕빌딩","20170427","20170427","관급봉투",
"182","쓰레기종량제봉투판매업","09_30_13_P","3700000","370000014200300055","2003-07-01","","03","폐업","2","폐업","2008-07-15","2008-07-15","","","","","","울산광역시 남구 삼산동 1480-1 롯데백화점, 울산고속버스터미널","울산광역시 남구 삼산로 288, 롯데백화점, 울산고속버스터미널 (삼산동)","44719","롯데쇼핑(주)울산점","2026-01-13 17:07:53","U","2026-01-15 02:40:00","","412001.966655452","229039.563308072","종료","울산광역시 남구 삼산동  1480-1번지","","20030701","관급봉투",
"183","쓰레기종량제봉투판매업","09_30_13_P","4520000","452000014201300043","2013-07-01","","01","영업/정상","11","영업","","","","","041-537-2501","","","충청남도 아산시 모종동 555-5 아산시외버스터미널복합시설","충청남도 아산시 번영로 225, 롯데마트 아산터미널점 (모종동)","31522","롯데쇼핑(주)롯데마트 아산터미널점","2026-01-13 09:51:11","U","2026-01-15 02:40:00","","201341.191554264","364818.034415495","지정","충청남도 아산시 모종동 555-5 아산시외버스터미널복합시설","20140702","20140701","관급봉투",
"184","쓰레기종량제봉투판매업","09_30_13_P","3250000","325000014202600001","2026-01-14","","01","영업/정상","11","영업","","","","","","","","부산광역시 중구 부평동2가 53-2","부산광역시 중구 광복로 4-1 (부평동2가)","48980","이마트24 부산광복로점","2026-01-14 13:25:29","I","2026-01-16 00:20:02","","384622.408954795","179684.168832376","지정","부산광역시 중구 부평동2가 53-2","20260114","20260112","관급봉투",
"185","쓰레기종량제봉투판매업","09_30_13_P","4490000","565000014202600001","2026-01-14","","01","영업/정상","11","영업","","","","","","","","충청남도 천안시 동남구 용곡동 77-15","충청남도 천안시 동남구 용곡6길 26-12 (용곡동)","31201","에스에이치컴퍼니","2026-01-14 16:18:24","I","2026-01-16 00:20:02","","212509.183710603","365228.35330219","지정","충청남도 천안시 동남구 용곡동 77-15","20260114","20260114","관급봉투",
"186","쓰레기종량제봉투판매업","09_30_13_P","4520000","452000014201900018","2019-02-14","","03","폐업","2","폐업","2026-01-14","","","","","","","충청남도 아산시 탕정면 매곡리 563-23","충청남도 아산시 탕정면 매곡로 12","31461","세븐일레븐 아산탕정역점","2026-01-14 19:18:37","U","2026-01-16 02:40:00","","207319.686768617","365394.681711078","지정","충청남도 아산시 탕정면 매곡리 563번지 23호","20190214","20190214","관급봉투",
"187","쓰레기종량제봉투판매업","09_30_13_P","5530000","553000014201400013","2014-04-14","","01","영업/정상","11","영업","","","","","","","","","경기도 화성시 병점3로 158, 나동 101호 (병점동, 주공7단지 상가)","445-766","우리마트","2026-01-14 09:37:14","U","2026-01-16 02:40:00","","204288.861967775","412412.937200183","지정","","20140414","20140409","관급봉투",
"188","쓰레기종량제봉투판매업","09_30_13_P","4520000","452000014202100008","2021-01-19","","01","영업/정상","11","영업","","","","","","","","충청남도 아산시 배방읍 공수리 89-11","충청남도 아산시 배방읍 모산로 151-1, 1층","31482","씨유 아산모산점","2026-01-14 19:25:37","U","2026-01-16 02:40:00","","205237.112735661","363765.444223025","지정","충청남도 아산시 배방읍 공수리 89-11, 1층","20210119","20210118","관급봉투",
"189","쓰레기종량제봉투판매업","09_30_13_P","4490000","565000014202200024","2022-05-03","","03","폐업","2","폐업","2026-01-14","","","","","","","충청남도 천안시 동남구 안서동 234-13 거산빌딩","충청남도 천안시 동남구 각원사길 66, 거산빌딩 1층 (안서동)","31066","씨유 천안안서점","2026-01-14 15:11:42","U","2026-01-16 02:40:00","","215898.701293182","369916.621392809","지정","충청남도 천안시 동남구 안서동 234-13 거산빌딩","20220503","20220503","관급봉투",
"190","쓰레기종량제봉투판매업","09_30_13_P","4691000","469100014202600001","2026-01-15","","01","영업/정상","11","영업","","","","","063-534-4141","","","전북특별자치도 정읍시 태인면 태창리 1007-17","전북특별자치도 정읍시 태인면 석지로 1430","56115","홈빌더","2026-01-15 10:32:15","I","2026-01-17 00:20:02","","193981.924666708","239355.539258326","지정","전북특별자치도 정읍시 태인면 태창리 1007-17","20260115","20260107","관급봉투",
"191","쓰레기종량제봉투판매업","09_30_13_P","4490000","565000014202600002","2026-01-15","","01","영업/정상","11","영업","","","","","","","","충청남도 천안시 동남구 문화동 10-6","충청남도 천안시 동남구 천중3길 7, 1층 (문화동)","31127","세븐일레븐 천안한성탑클래스점","2026-01-15 14:50:45","I","2026-01-17 00:20:02","","213623.397946336","367659.024440797","지정","충청남도 천안시 동남구 문화동 10-6","20260115","20260115","관급봉투",
"192","쓰레기종량제봉투판매업","09_30_13_P","3130000","313000014201900005","2019-02-15","","01","영업/정상","11","영업","","","","","023039893","","","서울특별시 마포구 성산동 533-1 마포농수산물시장,마포구시설관리공단","서울특별시 마포구 월드컵로 235, 마포농수산물시장,마포구시설관리공단 (성산동)","03901","다농산업(주)상암지점","2026-01-15 09:20:23","U","2026-01-17 02:40:00","","190931.000875925","451427.722144609","지정","서울특별시 마포구 성산동 533번지 1호 마포농수산물시장,마포구시설관리공단","20190214","20190201","관급봉투",
"193","쓰레기종량제봉투판매업","09_30_13_P","4090000","409000014201800052","2018-06-05","","01","영업/정상","11","영업","","","","","031-988-4768","","","경기도 김포시 운양동 1304-1 김포한강 이랜드 타운힐스","경기도 김포시 김포한강11로255번길 15 (운양동, 김포한강 이랜드 타운힐스)","10073","(주)이랜드리테일 킴스 김포점","2026-01-15 20:49:18","U","2026-01-17 02:40:00","","171394.15868318","461406.552479505","지정","경기도 김포시 운양동 1304번지 1호 김포한강 이랜드 타운힐스","20180605","20180531","관급봉투",
"194","쓰레기종량제봉투판매업","09_30_13_P","4090000","409000014201500004","2015-01-21","","01","영업/정상","11","영업","","","","","031-985-6622","","","경기도 김포시 풍무동 107-6 1층","경기도 김포시 풍무로 104, 윤슬프라자 1층 (풍무동)","10114","참좋은두레소비자생활협동조합(김포점)","2026-01-15 14:54:04","U","2026-01-17 02:40:00","","175421.552572268","455872.853120107","지정","경기도 김포시 풍무동 107-6 1층","20200707","20200703","관급봉투",
"195","쓰레기종량제봉투판매업","09_30_13_P","4090000","409000014201500005","2015-01-21","","01","영업/정상","11","영업","","","","","031-998-6289","","","경기도 김포시 장기동 1601 골든프라자 105,6호","경기도 김포시 김포한강4로135번길 11, 골든프라자 (장기동)","10083","참좋은두레소비자생활협동조합(장기동)","2026-01-15 14:54:38","U","2026-01-17 02:40:00","","170480.567872789","460313.207515598","지정","경기도 김포시 장기동","20150121","20150116","관급봉투",
"196","쓰레기종량제봉투판매업","09_30_13_P","3990000","399000014202100015","2021-02-16","","01","영업/정상","11","영업","","","","","","","","경기도 남양주시 다산동 6028 다산자이 아이비플레이스","경기도 남양주시 다산중앙로 153, 상가동 B101호 (다산동, 다산자이 아이비플레이스)","12248","하나로마트 다산역점","2026-01-15 11:04:40","U","2026-01-17 02:40:00","","213267.307952068","458319.381723482","지정","경기도 남양주시 다산동 6028 다산자이 아이비플레이스","20210216","20210216","관급봉투",
