"번호","개방서비스명","개방서비스아이디","개방자치단체코드","관리번호","인허가일자","인허가취소일자","영업상태구분코드","영업상태명","상세영업상태코드","상세영업상태명","폐업일자","휴업시작일자","휴업종료일자","재개업일자","소재지전화","소재지면적","소재지우편번호","소재지전체주소","도로명전체주소","도로명우편번호","사업장명","최종수정시점","데이터갱신구분","데이터갱신일자","업태구분명","좌표정보x(epsg5174)","좌표정보y(epsg5174)","자본금","거래처",
"1","석유판매업","09_28_08_P","3660000","2000366011101500002","2000-06-15","","02","휴업","05","사업휴지","","2025-10-30","2026-01-31","","042 545 5185","1403","","대전광역시 서구 가수원동 210-7","대전광역시 서구 계백로 1176 (가수원동)","","주식회사 가수원주유소","2025-12-31 15:10:18","U","2026-01-03 02:40:00","주유소","231750.306663669","311639.816071453","","",
"2","석유판매업","09_28_08_P","5350000","2008535016401500020","2008-12-24","","02","휴업","05","사업휴지","","2026-01-01","2026-12-31","","055-322-5150","644","","경상남도 김해시 관동동 359-1","경상남도 김해시 관동로 5 (관동동)","","율하주유소","2025-12-31 15:34:10","U","2026-01-03 02:40:00","주유소","364271.499868137","187963.744479006","","",
"3","석유판매업","09_28_08_P","3730000","2009373008801500003","2009-04-15","","01","영업/정상","07","영업개시","","","","","052 243 2051","1510","","울산광역시 울주군 범서읍 입암리 1100-1","울산광역시 울주군 범서읍 울밀로 2330","","기분좋은주유소","2025-12-31 16:26:56","U","2026-01-03 02:40:00","주유소","400248.078341409","232495.380822962","","",
"4","석유판매업","09_28_08_P","5130000","1983513001701500001","1983-07-10","","02","휴업","05","사업휴지","","2025-12-15","2026-12-14","","053 852 7773","1049","","경상북도 경산시 와촌면 소월리 73-1","경상북도 경산시 와촌면 금송로 377","","글로벌네트웍스(주) 본점","2025-12-31 11:57:42","U","2026-01-03 02:40:00","주유소","365478.652184869","272971.116984144","","",
"5","석유판매업","09_28_08_P","5670000","1994532001401500027","1994-11-26","","01","영업/정상","01","신규등록","","","","","055 5439090","698.2","","경상남도 창원시 진해구 태평동 45","경상남도 창원시 진해구 태평로 40 (태평동)","","대광주유소","2026-01-01 11:54:40","U","2026-01-03 02:40:00","주유소","351544.129148669","184198.82181142","","",
"6","석유판매업","09_28_08_P","5080000","2006508013301500010","2006-07-24","","02","휴업","05","사업휴지","","2025-12-04","2026-11-30","","054 451 5145","412.3","","경상북도 구미시 봉곡동 429-1","경상북도 구미시 봉곡로 83 (봉곡동)","","글로벌네트웍스(주)구미지점주유소","2025-12-31 15:44:22","U","2026-01-03 02:40:00","주유소","317816.846244951","294747.170864696","","",
"7","석유판매업","09_28_08_P","5080000","2009508013301500003","2009-04-28","","01","영업/정상","07","영업개시","","","","","054 440 2525","1490","","경상북도 구미시 신평동 299-3 롯데마트행복드림주유소","경상북도 구미시 구미대로 296, 롯데마트행복드림주유소 (신평동)","39255","(주)한진 구미롯데마트주유소","2025-12-31 15:22:06","U","2026-01-03 02:40:00","주유소","322765.021540308","291154.576577775","","",
"8","석유판매업","09_28_08_P","4820000","1990482001301500024","1990-03-31","","01","영업/정상","06","휴지사업재개","","2010-09-01","2011-08-31","2011-09-05","061 723 0066","1633","","전라남도 순천시 해룡면 남가리 1130-1","전라남도 순천시 해룡면 여순로 1594","58005","덕양(유) 남쪽주유소","2026-01-01 13:37:42","U","2026-01-03 02:40:00","주유소","248442.070483783","157716.543166126","","",
"9","석유판매업","09_28_08_P","4080000","2019408020801200001","2019-12-20","","02","휴업","05","사업휴지","","2025-12-30","2026-12-29","","","","","경기도 안성시 당왕동 139-5","","","반석알라딘석유","2025-12-31 16:21:23","U","2026-01-03 02:40:00","일반판매소","223786.080252665","390584.784638177","","",
"10","석유판매업","09_28_08_P","5600000","2019560017001500002","2019-10-17","","02","휴업","05","사업휴지","","2026-01-01","2026-12-31","","031 533 5184","710","","경기도 포천시 신읍동 242","경기도 포천시 포천로 1651 (신읍동)","11141","대박셀프주유소","2026-01-01 16:20:20","U","2026-01-03 02:40:00","주유소","217320.585797237","488896.258156442","","",
"11","석유판매업","09_28_08_P","3530000","2004353004901500004","2004-08-09","","01","영업/정상","01","신규등록","","","","","032 4675188","345","","인천광역시 남동구 수산동 206-5 수산주유소","인천광역시 남동구 호구포로 622, 하이웨이주유소 (수산동)","21590","수산주유소","2025-12-31 13:16:17","U","2026-01-03 02:40:00","주유소","174991.06436778","437332.522590865","","",
"12","석유판매업","09_28_08_P","3030000","1990303007401200001","1990-08-01","","01","영업/정상","01","신규등록","","","","","22973500","","","서울특별시 성동구 금호동4가 1526","서울특별시 성동구 매봉길 22 (금호동4가)","","경일석유","2025-12-31 16:39:07","U","2026-01-03 02:40:00","일반판매소","201311.491347486","449288.246801163","","",
"13","석유판매업","09_28_08_P","3030000","2013303013201200001","2013-12-02","","01","영업/정상","01","신규등록","","","","","02  465 4881","330","","서울특별시 성동구 성수동2가 277-141","서울특별시 성동구 아차산로 131 (성수동2가)","","대세석유","2025-12-31 16:42:16","U","2026-01-03 02:40:00","일반판매소","205088.472341397","449096.144779246","","",
"14","석유판매업","09_28_08_P","4080000","1991408006701591008","1991-12-03","","02","휴업","05","사업휴지","","2025-12-30","2026-12-29","","031 676 2212","792","","경기도 안성시 당왕동 164-6 2통1반","경기도 안성시 안성맞춤대로 1168 (당왕동)","","(주)반석에너지","2025-12-31 16:20:31","U","2026-01-03 02:40:00","주유소","223774.165318927","390613.539909806","","",
"15","석유판매업","09_28_08_P","5600000","2021560017001500001","2021-10-25","","03","폐업","03","폐지","2025-12-31","","","","","843","","경기도 포천시 화현면 화현리 1148","경기도 포천시 화현면 금강로 3645-67","11123","태영로지스","2026-01-01 16:18:00","U","2026-01-03 02:40:00","주유소","226471.340541042","486811.727615455","","",
"16","석유판매업","09_28_08_P","5670000","2002532001401500002","2002-10-17","","01","영업/정상","01","신규등록","","","","","","722","","경상남도 창원시 진해구 안골동 324-7","경상남도 창원시 진해구 안골로 242 (안골동)","","대호주유소","2026-01-01 12:06:16","U","2026-01-03 02:40:00","주유소","364256.513344077","178864.779746896","","",
"17","석유판매업","09_28_08_P","5670000","2003532001401200035","2003-10-31","","01","영업/정상","01","신규등록","","","","","055  5527695","","","경상남도 창원시 진해구 남양동 205","","","조만포석유","2026-01-01 12:29:02","U","2026-01-03 02:40:00","일반판매소","362445.375312729","180900.22537856","","",
"18","석유판매업","09_28_08_P","5670000","2003532001401500002","2003-04-01","","01","영업/정상","01","신규등록","","","","","055 5520041","1495","","경상남도 창원시 진해구 가주동 123-4","경상남도 창원시 진해구 가락대로 259 (가주동)","","해안주유소","2026-01-01 11:29:00","U","2026-01-03 02:40:00","주유소","367720.812428443","180140.139635395","","",
"19","석유판매업","09_28_08_P","5530000","2006553016701500008","2006-04-14","","01","영업/정상","01","신규등록","","","","","031 353 5144","1136","","경기도 화성시 팔탄면 율암리 580-17","경기도 화성시 팔탄면 서해로 1130","18529","화성스마트 주유소","2025-12-31 09:00:10","U","2026-01-03 02:40:00","주유소","190335.022066262","406821.448264333","","",
"20","석유판매업","09_28_08_P","5530000","2007553016701500001","2007-01-24","","01","영업/정상","01","신규등록","","","","","","1201","","경기도 화성시 향남읍 동오리 547-1","경기도 화성시 향남읍 발안로 341","","명품골드주유소 (주)기정에너지","2025-12-31 08:49:29","U","2026-01-03 02:40:00","주유소","195042.601385776","403459.084697731","","",
"21","석유판매업","09_28_08_P","4781000","1990478000001500020","1990-11-27","","01","영업/정상","01","신규등록","","","","","","989","","전북특별자치도 고창군 흥덕면 후포리 36-15 26통","전북특별자치도 고창군 흥덕면 부안로 261","","대농주유소","2025-12-31 16:32:54","U","2026-01-03 02:40:00","주유소","172474.661289176","227048.739255546","","",
"22","석유판매업","09_28_08_P","4450000","1989445000401500013","1989-12-29","","02","휴업","05","사업휴지","","2021-10-06","2025-12-31","","043-533-4950","2242","","충청북도 진천군 진천읍 성석리 480-4","충청북도 진천군 진천읍 진광로 62","","국도주유소","2025-12-31 15:52:54","U","2026-01-03 02:40:00","주유소","239310.947155482","374333.649265094","","",
"23","석유판매업","09_28_08_P","4520000","1995452001801500001","1995-01-27","","01","영업/정상","06","휴지사업재개","","2013-11-06","2014-03-05","2014-06-05","041  5496778","1653","","충청남도 아산시 음봉면 신수리 291-4","충청남도 아산시 음봉면 아산온천로 240","","미라클주유소","2025-12-31 11:33:02","U","2026-01-03 02:40:00","주유소","198423.536942903","372402.262698163","","",
"24","석유판매업","09_28_08_P","5350000","2026535037401500048","2026-01-02","","01","영업/정상","01","신규등록","","","","","","","","경상남도 김해시 어방동 1062-9","경상남도 김해시 분성로541번길 4, 1층 (어방동)","50820","주식회사 제이에스코프레이션","2026-01-02 14:56:01","I","2026-01-04 00:20:12","주유소","373394.21521922","194641.831072318","","",
"25","석유판매업","09_28_08_P","4490000","1985449013101500047","1985-07-01","","01","영업/정상","01","신규등록","","","","","041 581 5151","1322","","충청남도 천안시 서북구 성환읍 매주리 332-35","충청남도 천안시 서북구 성환읍 성환1로 201","","창성주유소","2026-01-02 10:47:00","U","2026-01-04 02:40:00","주유소","211335.248781374","379033.344708456","","",
"26","석유판매업","09_28_08_P","5130000","1991513001701500003","1991-05-31","","01","영업/정상","07","영업개시","","","","","053 853 5189","2298","","경상북도 경산시 진량읍 당곡리 455","경상북도 경산시 진량읍 일연로 476","","가야주유소","2026-01-02 13:17:08","U","2026-01-04 02:40:00","주유소","362970.621870706","262715.468552641","","",
"27","석유판매업","09_28_08_P","4191000","1982419007901500001","1982-07-14","","01","영업/정상","01","신규등록","","","","","033 7634167","828","","강원특별자치도 원주시 귀래면 운남리 1008-1-1","강원특별자치도 원주시 귀래면 북원로 117","","귀래주유소","2026-01-02 10:09:02","U","2026-01-04 02:40:00","주유소","278439.455156796","408039.828401192","","",
"28","석유판매업","09_28_08_P","5420000","2019542011501500002","2019-09-30","","02","휴업","05","사업휴지","","2026-01-02","2027-01-01","","","978","","경상남도 고성군 상리면 오산리 90-4","경상남도 고성군 상리면 상정대로 1354","52952","상리주유소","2026-01-02 16:08:48","U","2026-01-04 02:40:00","주유소","309695.237116592","166785.72076706","","",
"29","석유판매업","09_28_08_P","4910000","1993491000901500022","1993-07-12","","01","영업/정상","01","신규등록","","","","","006108629911","1221","","전라남도 장흥군 장평면 봉림리 203","전라남도 장흥군 장평면 곰치로 840","","봉림주유소","2026-01-02 16:58:03","U","2026-01-04 02:40:00","주유소","193725.778179163","144409.402366849","","",
"30","석유판매업","09_28_08_P","3930000","1994393000701500013","1994-04-20","","01","영업/정상","06","휴지사업재개","","","","2026-01-05","031-413-5151","1495","","경기도 안산시 단원구 와동 56","경기도 안산시 단원구 순환로 375 (와동)","","와동주유소","2026-01-02 16:31:43","U","2026-01-04 02:40:00","주유소","185017.907578363","426958.140501056","","",
"31","석유판매업","09_28_08_P","5470000","1987547000701200001","1987-10-26","","01","영업/정상","01","신규등록","","","","","055 943 0761","","","경상남도 거창군 위천면 장기리 499-1","경상남도 거창군 위천면 원학길 346-5","","수승대농협판매소","2026-01-02 16:45:19","U","2026-01-04 02:40:00","일반판매소","275210.01447135","250323.051040194","","",
"32","석유판매업","09_28_08_P","5020000","2025502045801500002","2025-11-04","","01","영업/정상","07","영업개시","","","","","","202.52","","경상북도 포항시 북구 송라면 지경리 산 21-1","경상북도 포항시 북구 송라면 동해대로 3373","37510","포항(하)주유소","2026-01-02 10:44:25","U","2026-01-04 02:40:00","주유소","413114.794730798","309381.385585694","","",
"33","석유판매업","09_28_08_P","5020000","2025502045801500003","2025-12-26","","01","영업/정상","07","영업개시","","","","","","","","경상북도 포항시 북구 송라면 광천리 8-5","경상북도 포항시 북구 송라면 보경로 18, 화진주유소","37511","화진주유소","2026-01-02 13:06:32","U","2026-01-04 02:40:00","주유소","412166.991173097","305765.143443981","","",
"34","석유판매업","09_28_08_P","5020000","1994502007101500096","1994-04-15","","02","휴업","05","사업휴지","","2015-01-29","2016-01-28","","054 2620980","","","경상북도 포항시 북구 흥해읍 칠포리 349","경상북도 포항시 북구 흥해읍 해안로 1496","","푸른별주유소","2026-01-02 08:36:51","U","2026-01-04 02:40:00","주유소","415278.670061103","296059.351486979","","",
"35","석유판매업","09_28_08_P","5020000","1996502010301500001","1996-11-06","","02","휴업","05","사업휴지","","2023-09-28","2024-09-27","","054 2621985","2504","","경상북도 포항시 북구 흥해읍 대련리 55","경상북도 포항시 북구 흥해읍 새마을로 260","","광장주유소","2026-01-02 08:34:52","U","2026-01-04 02:40:00","주유소","410342.904914654","285792.804116304","","",
"36","석유판매업","09_28_08_P","5530000","1991553023201500006","1991-03-18","","01","영업/정상","07","영업개시","","","","","031 352 4041","1094","","경기도 화성시 정남면 고지리 31","경기도 화성시 정남면 가장로 319","","킬리만자로의표범주유소","2026-01-02 16:23:06","U","2026-01-04 02:40:00","주유소","201258.066706086","406768.465255997","","",
"37","석유판매업","09_28_08_P","5710000","2017572500501500001","2017-08-02","","02","휴업","05","사업휴지","","2026-01-01","2026-06-30","","","995","","충청북도 청주시 서원구 현도면 죽암리 312-2","충청북도 청주시 서원구 현도면 청남로 781","","OK주유소","2026-01-02 14:22:16","U","2026-01-04 02:40:00","주유소","238584.099807115","335970.396296591","","",
"38","석유판매업","09_28_08_P","4761000","1989476000801500001","1989-04-12","","02","휴업","05","사업휴지","","2026-01-02","2027-01-01","","063 642 7006","","","전북특별자치도 임실군 오수면 금암리 404-2","전북특별자치도 임실군 오수면 오수로 112","","금암주유소","2026-01-02 17:01:23","U","2026-01-04 02:40:00","주유소","230064.142163737","226399.78340777","","",
"39","석유판매업","09_28_08_P","3640000","1991364005801500009","1991-12-04","","02","휴업","05","사업휴지","","2023-08-05","2024-08-04","","042 2710067","1078","","대전광역시 동구 대성동 271-1, 272-3","대전광역시 동구 대전로 264 (대성동)","","태암주유소","2026-01-02 10:27:26","U","2026-01-04 02:40:00","주유소","241523.740896734","310220.79336531","","",
"40","석유판매업","09_28_08_P","5710000","1996436000901500017","1996-09-25","","02","휴업","05","사업휴지","","2026-01-01","2026-01-31","","043 2982121","1936","","충청북도 청주시 서원구 미평동 6","충청북도 청주시 서원구 청남로 1937 (미평동)","","행복에너지주식회사 행복에너지2주유소","2026-01-02 16:44:16","U","2026-01-04 02:40:00","주유소","242913.895710081","345112.933143918","","",
"41","석유판매업","09_28_08_P","3690000","2004369006001500001","2004-03-16","","02","휴업","05","사업휴지","","2026-01-01","2026-03-31","","052 245 5189","1198.6","","울산광역시 중구 성안동 826-13","울산광역시 중구 성안로 135 (성안동)","","함월셀프주유소","2026-01-02 16:17:44","U","2026-01-04 02:40:00","주유소","409755.098474976","232801.024708686","","",
"42","석유판매업","09_28_08_P","4810000","2020481036301200001","2020-11-26","","01","영업/정상","07","영업개시","","","","","","","","전라남도 여수시 화양면 이목리 599-2 가스판매소","전라남도 여수시 화양면 가정길 6, 가스판매소","59653","가정에너지","2026-01-02 09:22:34","U","2026-01-04 02:40:00","일반판매소","251754.959295227","128794.496482359","","",
"43","석유판매업","09_28_08_P","4820000","1996482001301500082","1996-03-29","","01","영업/정상","01","신규등록","","","","","061 723 5252","1184","","전라남도 순천시 해룡면 월전리 425","전라남도 순천시 해룡면 여순로 1574","58005","(주)정오알뜰주유소","2026-01-03 19:29:08","U","2026-01-05 02:40:00","주유소","248646.377087072","157680.306518527","","",
"44","석유판매업","09_28_08_P","4820000","1976482001301500001","1976-06-15","","01","영업/정상","01","신규등록","","","","","061-744-3880","1003.9","","전라남도 순천시 인제동 55-11","전라남도 순천시 우석로 199 (인제동)","","남산주유소","2026-01-03 19:30:24","U","2026-01-05 02:40:00","주유소","244467.872017042","160955.538396378","","",
"45","석유판매업","09_28_08_P","5100000","2007510010801500004","2007-12-24","","01","영업/정상","07","영업개시","","","","","054 337 8078","1157","","경상북도 영천시 망정동 138","경상북도 영천시 영화로 365 (망정동)","","수정주유소","2026-01-05 17:33:27","U","2026-01-07 02:40:00","주유소","376045.940645003","276702.35070819","","",
"46","석유판매업","09_28_08_P","5350000","2005535013401500006","2005-10-17","","01","영업/정상","07","영업개시","","","","","055 329 3248","722","","경상남도 김해시 내동 1123-1","경상남도 김해시 내외중앙로 99 (내동)","","굿모닝주유소","2026-01-05 16:32:24","U","2026-01-07 02:40:00","주유소","369888.630934761","194878.400032974","","",
"47","석유판매업","09_28_08_P","4490000","1991449013101500072","1991-05-16","","03","폐업","03","폐지","2025-12-15","","","","041-563-5180","1322","","충청남도 천안시 동남구 동면 화계리 495-5","충청남도 천안시 동남구 동면 충절로 2046","","(주)천안환경동면주유소","2026-01-05 14:24:41","U","2026-01-07 02:40:00","주유소","229452.905199017","363069.470604772","","",
"48","석유판매업","09_28_08_P","4490000","1993449013101500089","1993-04-23","","01","영업/정상","07","영업개시","","","","","041-552-6367","1895","","충청남도 천안시 동남구 수신면 신풍리 348 안텍스(주)","충청남도 천안시 동남구 수신면 성남로 793-40","","(주)남영전구 천안(부산)주유소","2026-01-05 13:21:06","U","2026-01-07 02:40:00","주유소","223650.268031245","358835.306014875","","",
"49","석유판매업","09_28_08_P","5310000","1994531000001500027","1994-09-22","","03","폐업","03","폐지","2025-12-31","","","","055 755 0100","1487","","경상남도 진주시 가좌동 1025-1","경상남도 진주시 진주대로 414 (가좌동)","","개양주유소","2026-01-05 11:07:09","U","2026-01-07 02:40:00","주유소","300384.127846921","183553.786057197","","",
"50","석유판매업","09_28_08_P","6510000","2005549012301500008","2005-07-08","","02","휴업","05","사업휴지","","2020-01-08","2021-01-07","","0641738951","1213","","제주특별자치도 제주시 노형동 2349","제주특별자치도 제주시 노형로 315 (노형동)","","창성주유소","2026-01-05 17:03:00","U","2026-01-07 02:40:00","주유소","150768.594521136","-1670.02969496994","","",
"51","석유판매업","09_28_08_P","4810000","2007481001901500001","2007-03-15","","01","영업/정상","01","신규등록","","","","","061 681 5149","627","","전라남도 여수시 봉계동 147 봉계동주유소","전라남도 여수시 좌수영로 841, 대방주유소 (봉계동)","59635","신우성주유소","2026-01-05 16:53:50","U","2026-01-07 02:40:00","주유소","261956.936082405","142679.57602178","","",
"52","석유판매업","09_28_08_P","4960000","1990496004501500009","1990-09-28","","02","휴업","05","사업휴지","","2024-01-01","2026-12-31","","061 3230008","1420","","전라남도 함평군 대동면 금산리 442-1","전라남도 함평군 대동면 벽류길 10","","쓰리고주유소","2026-01-05 20:53:45","U","2026-01-07 02:40:00","주유소","153624.732546445","179736.752851947","","",
"53","석유판매업","09_28_08_P","3630000","2010363008001500002","2010-01-04","","01","영업/정상","07","영업개시","","","","","062-222-5151","838","","광주광역시 광산구 우산동 628 630, -1","광주광역시 광산구 임방울대로 13 (우산동,630, -1)","","우이리주유소","2026-01-05 08:44:16","U","2026-01-07 02:40:00","주유소","183339.08418898","184793.027675701","","",
"54","석유판매업","09_28_08_P","5340000","1989534001601500001","1989-07-20","","01","영업/정상","01","신규등록","","","","","055 834 3345","990","","경상남도 사천시 송포동 430-1","경상남도 사천시 삼천포대교로 890 (송포동)","","남척주유소","2026-01-05 11:17:05","U","2026-01-07 02:40:00","주유소","296808.84027007","164276.556429832","","",
"55","석유판매업","09_28_08_P","5160000","1976516002901500006","1976-05-21","","01","영업/정상","01","신규등록","","","","","054 8732388","456","","경상북도 청송군 청송읍 월막리 427","경상북도 청송군 청송읍 중앙로 206","","대성주유소","2026-01-05 13:16:50","U","2026-01-07 02:40:00","주유소","383978.627638433","328044.679277086","","",
"56","석유판매업","09_28_08_P","3120000","1993312007501500024","1993-09-21","","01","영업/정상","06","휴지사업재개","","","","2026-01-12","02 3954300","617","","서울특별시 서대문구 홍제동 279-10","서울특별시 서대문구 세검정로 87 (홍제동)","03619","문화촌주유소","2026-01-05 15:36:47","U","2026-01-07 02:40:00","주유소","195386.798626154","454801.317451886","","",
"57","석유판매업","09_28_08_P","5420000","1995542000801500033","1995-04-18","","03","폐업","03","폐지","2026-01-05","","","","055  6736731","1124","","경상남도 고성군 하일면 송천리 796-3","경상남도 고성군 하일면 자란만로 1619","","하일주유소","2026-01-05 16:22:25","U","2026-01-07 02:40:00","주유소","309193.248531803","159963.783810296","","",
"58","석유판매업","09_28_08_P","4020000","2002402012401500001","2002-06-12","","02","휴업","05","사업휴지","","2025-08-08","2026-08-07","","031 4518600","2080","","경기도 군포시 당정동 405-1 외404-2","경기도 군포시 고산로 109 (당정동)","","당정스타주유소","2026-01-05 09:34:13","U","2026-01-07 02:40:00","주유소","196297.314176202","427533.729888371","","",
"59","석유판매업","09_28_08_P","5230000","2011523008401500001","2012-12-07","","01","영업/정상","06","휴지사업재개","","","","2026-01-03","054 654 1503","1033","","경상북도 예천군 예천읍 청복리 828-6","경상북도 예천군 예천읍 양궁로 110","","청복주유소","2026-01-05 19:22:54","U","2026-01-07 02:40:00","주유소","330786.017813705","350095.821124051","","",
"60","석유판매업","09_28_08_P","3370000","1993337001401500015","1993-06-26","","01","영업/정상","06","휴지사업재개","","","","2024-07-22","051 759 5776","258.6","","부산광역시 연제구 연산동 386-1","부산광역시 연제구 온천천남로 86 (연산동)","","황금주유소","2026-01-05 10:51:10","U","2026-01-07 02:40:00","주유소","391186.369318548","190002.666220181","","",
"61","석유판매업","09_28_08_P","3220000","2002322008301500083","2002-07-10","","02","휴업","05","사업휴지","","2026-01-01","2026-06-30","","34113271","1288","","서울특별시 강남구 대치동 2-7 대치동 주유소","서울특별시 강남구 남부순환로 3170, 대치동 주유소 (대치동)","06332","지에스칼텍스(주)학여울주유소","2026-01-05 15:54:20","U","2026-01-07 02:40:00","주유소","206780.957655617","444026.085376535","","",
"62","석유판매업","09_28_08_P","5670000","2001528005701200001","2001-07-07","","01","영업/정상","06","휴지사업재개","","","","2025-04-07","055-221-5150","639.42","","경상남도 창원시 마산합포구 산호동 319-4","경상남도 창원시 마산합포구 합포로 191 (산호동)","","(주)유니콘에너지 황금주유소","2026-01-06 15:27:14","U","2026-01-08 02:40:00","주유소","344363.000360668","191720.262146254","","",
"63","석유판매업","09_28_08_P","3420000","2002342005801500079","2002-08-28","","03","폐업","03","폐지","2026-01-06","","","","","525","","대구광역시 동구 덕곡동 205-5","대구광역시 동구 팔공산로 283 (덕곡동)","","덕산주유소","2026-01-06 17:52:04","U","2026-01-09 02:40:00","주유소","345634.513520773","277983.934020604","","",
"64","석유판매업","09_28_08_P","5100000","2005510007201200001","2005-07-26","","02","휴업","05","사업휴지","","2023-08-22","2024-08-21","","","","","경상북도 영천시 임고면 황강리 174-1","경상북도 영천시 임고면 효자로 350","","경북에너지","2026-01-06 15:28:42","U","2026-01-09 02:40:00","일반판매소","379253.847665915","280791.972003011","","",
"65","석유판매업","09_28_08_P","5100000","1991510007201507011","1991-12-21","","03","폐업","03","폐지","2025-03-30","","","","054 332 8788","1498","","경상북도 영천시 오수동 364-6","경상북도 영천시 최무선로 39 (오수동)","","덕진주유소","2026-01-07 17:23:18","U","2026-01-09 02:40:00","주유소","372117.16056825","274447.208733542","","",
"66","석유판매업","09_28_08_P","4490000","1989449013101500057","1989-08-14","","03","폐업","03","폐지","2026-01-08","","","","041 622 2566","2049","","충청남도 천안시 서북구 성거읍 송남리 산 12-60","충청남도 천안시 서북구 성거읍 성거길 16","","대아주유소","2026-01-07 14:57:28","U","2026-01-09 02:40:00","주유소","217486.426658446","374032.85387883","","",
"67","석유판매업","09_28_08_P","4610000","1982461001201500004","1982-10-08","","02","휴업","05","사업휴지","","2025-12-31","2026-12-31","","041  3346106","676","","충청남도 예산군 예산읍 간양리 297-10,397-12,297-20","충청남도 예산군 예산읍 충서로 1600","","서경주유소","2026-01-06 11:01:47","U","2026-01-09 02:40:00","주유소","187176.587309482","359487.6922995","","",
"68","석유판매업","09_28_08_P","4140000","2004414004801500001","2004-08-24","","03","폐업","03","폐지","2026-01-06","","","","031 832 5189","996","","경기도 연천군 전곡읍 양원리 380-2","경기도 연천군 전곡읍 양연로 1140","","믿음주유소","2026-01-06 17:22:18","U","2026-01-09 02:40:00","주유소","202709.014391768","499413.246420392","","",
"69","석유판매업","09_28_08_P","3680000","1995368001401200038","1995-03-25","","01","영업/정상","07","영업개시","","","","","","","","대전광역시 대덕구 중리동 387-4","대전광역시 대덕구 중리남로40번길 63 (중리동)","","드림에너지","2026-01-06 10:13:05","U","2026-01-09 02:40:00","일반판매소","238275.456904112","318193.744167205","","",
"70","석유판매업","09_28_08_P","3680000","2001368001401500006","1991-12-07","","01","영업/정상","07","영업개시","","","","","0426285180","536.9","","대전광역시 대덕구 중리동 252-2 .10","대전광역시 대덕구 한밭대로 1180 (중리동)","","(주)대성바이오","2026-01-07 13:22:58","U","2026-01-09 02:40:00","주유소","238484.927739877","317624.949283618","","",
"71","석유판매업","09_28_08_P","3260000","2009326007001500002","2009-11-16","","01","영업/정상","07","영업개시","","","","","051 243 0444","841","","부산광역시 서구 동대신동3가 396","부산광역시 서구 보수대로 220 (동대신동3가)","49213","(주)디시에너지","2026-01-07 11:14:35","U","2026-01-09 02:40:00","주유소","384064.907524807","181370.822586813","","",
"72","석유판매업","09_28_08_P","5080000","1996508001901500050","2004-09-10","","02","휴업","05","사업휴지","","2025-03-12","2026-03-11","","054-441-5189","","","경상북도 구미시 도량동 268-1","경상북도 구미시 야은로 381 (도량동)","","관용주유소","2026-01-07 14:30:46","U","2026-01-09 02:40:00","주유소","319170.284116686","293833.349367638","","",
"73","석유판매업","09_28_08_P","5670000","2009532011001500002","2009-07-23","","01","영업/정상","07","영업개시","","","","","0555525185","1490","","경상남도 창원시 진해구 이동 574-4 해양주유소","경상남도 창원시 진해구 천자로 67, 해양주유소 (이동)","51655","(주)넥스트엘앤이","2026-01-06 10:38:39","U","2026-01-09 02:40:00","주유소","354032.752943558","184639.929448007","","",
"74","석유판매업","09_28_08_P","4960000","1989496004501500005","1989-04-15","","02","휴업","05","사업휴지","","2024-01-01","2026-12-31","","061 3220250","1015","","전라남도 함평군 해보면 문장리 822-96","전라남도 함평군 해보면 밀재로 1297","","문장주유소","2026-01-07 15:04:45","U","2026-01-09 02:40:00","주유소","163979.779544982","186928.948254602","","",
"75","석유판매업","09_28_08_P","5020000","2019502031101200009","2019-06-07","","04","취소/말소/만료/정지/중지","04","사업정지","","","","","","13.3","","경상북도 포항시 북구 죽장면 월평리 32-3","","","진남에너지","2026-01-07 10:51:36","U","2026-01-09 02:40:00","일반판매소","386930.162738472","301600.68796254","","",
"76","석유판매업","09_28_08_P","4490000","2019566002901200001","2019-07-26","","01","영업/정상","07","영업개시","","","","","","","","충청남도 천안시 서북구 성환읍 성환리 659-4 제일석유","충청남도 천안시 서북구 성환읍 성환1로 304, 제일석유","31013","가람석유","2026-01-07 09:11:49","U","2026-01-09 02:40:00","일반판매소","211318.216130968","380041.196058193","","",
"77","석유판매업","09_28_08_P","5160000","1991516002901500015","1991-01-14","","03","폐업","03","폐지","","","","","054 8723770","1426","","경상북도 청송군 파천면 송강리 394-1","경상북도 청송군 파천면 청송로 6045","","송강주유소","2026-01-07 13:12:37","U","2026-01-09 02:40:00","주유소","381591.038289305","335013.521817609","","",
"78","석유판매업","09_28_08_P","5050000","1976505010001500007","1976-05-19","","03","폐업","03","폐지","2026-01-07","","","","054 7720446","2761","","경상북도 경주시 탑동 344-2 외3필지","경상북도 경주시 서라벌대로 324 (탑동)","","광광주유소","2026-01-07 16:04:57","U","2026-01-09 02:40:00","주유소","399089.742414384","259648.926706018","","",
"79","석유판매업","09_28_08_P","4800000","1995480013201500001","1995-12-07","","01","영업/정상","01","신규등록","","","","","0631 2449990","1859.1","","전라남도 목포시 산정동 1391-1","전라남도 목포시 삼학로183번길 1 (산정동)","","조은주유소","2026-01-07 09:57:55","U","2026-01-09 02:40:00","주유소","145315.825537335","143483.371960658","","",
"80","석유판매업","09_28_08_P","4950000","2000495006401200002","2000-09-08","","03","폐업","03","폐지","2025-12-31","","","","061 454 7999","","","전라남도 무안군 청계면 도림리 449-5 3통4반","전라남도 무안군 청계면 해안로 42-1","","승달석유","2026-01-07 15:30:54","U","2026-01-09 02:40:00","일반판매소","147512.164931213","156833.523942316","","",
"81","석유판매업","09_28_08_P","4980000","1996498005101200001","1996-03-14","","03","폐업","03","폐지","2026-01-07","","","","061394 0618","","","전라남도 장성군 서삼면 장산리 174-6","전라남도 장성군 서삼면 축령로 378","","서삼석유","2026-01-07 13:35:45","U","2026-01-09 02:40:00","일반판매소","178676.881640119","203916.083455246","","",
"82","석유판매업","09_28_08_P","3780000","1981378007601100005","1981-08-11","","01","영업/정상","07","영업개시","","","","2013-12-27","031 7512222","480.6","","경기도 성남시 중원구 하대원동 113-9","경기도 성남시 중원구 제일로 14 (하대원동)","","남선석유(주) 구도일주유소 해성","2026-01-06 10:22:07","U","2026-01-09 02:40:00","주유소","212153.956314219","436269.244940294","","",
"83","석유판매업","09_28_08_P","4311000","1991431000701500007","1991-09-28","","01","영업/정상","06","휴지사업재개","","","","2025-12-30","","","","강원특별자치도 화천군 화천읍 대이리 136-3 2반","강원특별자치도 화천군 화천읍 평화로 523","","파로호주유소","2026-01-06 10:05:03","U","2026-01-09 02:40:00","주유소","266182.773679797","510253.61432516","","",
"84","석유판매업","09_28_08_P","5470000","1978547000701500001","1978-09-15","","02","휴업","05","사업휴지","","2026-01-01","2026-06-30","","005509442705","633","","경상남도 거창군 거창읍 중앙리 341-8","경상남도 거창군 거창읍 거열로 155","","거창주유소","2026-01-07 09:54:30","U","2026-01-09 02:40:00","주유소","282350.525395526","243706.0994148","","",
"85","석유판매업","09_28_08_P","3900000","1995390000001500098","2005-05-06","","01","영업/정상","07","영업개시","","","","","0226840218","660","","경기도 광명시 노온사동 572-3","경기도 광명시 광명로 417 (노온사동)","","주식회사 디오티디 광명반짝이주유소","2026-01-06 15:34:33","U","2026-01-09 02:40:00","주유소","186217.201775698","437328.508009112","","",
"86","석유판매업","09_28_08_P","5020000","1980502007101500016","1980-07-29","","02","휴업","05","사업휴지","","2026-01-05","2027-01-04","","054 261 2020","","","경상북도 포항시 북구 송라면 지경리 301","경상북도 포항시 북구 송라면 동해대로 3282","","일월주유소","2026-01-07 13:54:31","U","2026-01-09 02:40:00","주유소","413209.438834505","308717.025278924","","",
"87","석유판매업","09_28_08_P","3350000","1984335001501200005","1984-04-03","","03","폐업","03","폐지","2026-01-05","","","","051 5822322","","","부산광역시 금정구 장전동 612-5","부산광역시 금정구 식물원로39번길 6 (장전동)","","미진석유","2026-01-06 09:14:19","U","2026-01-09 02:40:00","일반판매소","389657.738635993","193681.277354215","","",
"88","석유판매업","09_28_08_P","3350000","1976335001501500009","1976-05-13","","01","영업/정상","07","영업개시","","","","","051 5162888","1300","","부산광역시 금정구 부곡동 299-1","부산광역시 금정구 중앙대로 1597 (부곡동)","","한솔유화㈜ 부곡점 한길주유소","2026-01-06 17:42:28","U","2026-01-09 02:40:00","주유소","390150.967701849","194015.583449161","","",
"89","석유판매업","09_28_08_P","3390000","2003339001501500003","1993-01-28","","02","휴업","05","사업휴지","","2025-12-31","2026-03-31","","051 3013441","1856.09","","부산광역시 사상구 삼락동 409-12","부산광역시 사상구 낙동대로 1274 (삼락동)","","에이치디현대오일뱅크(주)직영 낙동로주유소","2026-01-07 10:19:22","U","2026-01-09 02:40:00","주유소","380034.845382732","187871.127959197","","",
"90","석유판매업","09_28_08_P","4681000","1995468002001500011","1995-12-07","","01","영업/정상","06","휴지사업재개","","","","2023-09-08","063-838-5149","1375","","전북특별자치도 익산시 신흥동 751-2 (주)한영 공단지점","전북특별자치도 익산시 서동로 266 (주)한영 공단지점 (신흥동)","54615","하마주유소","2026-01-07 16:58:04","U","2026-01-09 02:40:00","주유소","198020.115477206","271111.786381927","","",
"91","석유판매업","09_28_08_P","5530000","2005553012201500030","2005-10-25","","03","폐업","03","폐지","2025-06-30","","","","031 3527707","966","","경기도 화성시 향남읍 갈천리 211-4","경기도 화성시 향남읍 발안로 690, 송곡주유소","18625","송곡주유소","2026-01-06 15:50:41","U","2026-01-09 02:40:00","주유소","198150.279447434","402563.832347465","","",
"92","석유판매업","09_28_08_P","4671000","1975467011201500001","1975-03-31","","02","휴업","05","사업휴지","","2022-01-27","2026-01-26","","","771","","전북특별자치도 군산시 중앙로2가 113","전북특별자치도 군산시 중앙로 111 (중앙로2가)","","SK에너지(주) 군산주유소","2026-01-06 17:59:06","U","2026-01-09 02:40:00","주유소","174368.060960073","275932.637756988","","",
"93","석유판매업","09_28_08_P","3310000","2005331001601500002","2005-12-06","","01","영업/정상","07","영업개시","","","","","051 633 5117","533.2","","부산광역시 남구 문현동 774-2 외4필지(774-1,774-10,774-40,774-41)","부산광역시 남구 전포대로 75 (문현동)","","금융단지주유소","2026-01-06 10:23:52","U","2026-01-09 02:40:00","주유소","388246.62372161","184667.79710891","","",
"94","석유판매업","09_28_08_P","3700000","1982370000901500002","1982-10-19","","01","영업/정상","07","영업개시","","2011-08-18","2011-10-31","2011-12-31","052 276 4443","988","","울산광역시 남구 옥동 253 3,4호","울산광역시 남구 문수로 308 (옥동)","","양운개발 구도일주유소 옥동","2026-01-06 13:17:19","U","2026-01-09 02:40:00","주유소","407357.187088739","228583.31410507","","",
"95","석유판매업","09_28_08_P","3860000","1991386000001500028","2005-05-23","","01","영업/정상","07","영업개시","","","","","032-675-3444","1112.8","","경기도 부천시 오정구 삼정동 297-1","경기도 부천시 오정구 중동로 447 (삼정동)","","(주)자연에너지 삼정주유소","2026-01-06 10:54:22","U","2026-01-09 02:40:00","주유소","179566.286839484","446437.466234598","","",
"96","석유판매업","09_28_08_P","3310000","1968331001601500002","1968-08-30","","01","영업/정상","06","휴지사업재개","","","","2010-07-06","051 646 5182","337","","부산광역시 남구 문현동 367-14","부산광역시 남구 수영로 22 (문현동)","","매일주유소","2026-01-06 10:24:19","U","2026-01-09 02:40:00","주유소","388593.886443614","183897.904039359","","",
"97","석유판매업","09_28_08_P","3310000","1976331001601500005","1976-05-13","","01","영업/정상","06","휴지사업재개","","","","2025-05-12","051 521 5854","798.29","","부산광역시 남구 감만동 82-2","부산광역시 남구 우암로 92 (감만동)","","부산벙커앤오일(주)삼화주유소","2026-01-06 10:25:05","U","2026-01-09 02:40:00","주유소","389612.016512271","181924.156658616","","",
"98","석유판매업","09_28_08_P","4620000","2000462001001500005","2000-09-18","","02","휴업","05","사업휴지","","2021-12-07","2025-12-06","","041 6726020","","","충청남도 태안군 소원면 신덕리 153-6","충청남도 태안군 소원면 서해로 678","","소원 주유소","2026-01-06 08:55:27","U","2026-01-09 02:40:00","주유소","128145.334279769","362310.362068562","","",
"99","석유판매업","09_28_08_P","4520000","1991452001801500012","1991-07-27","","02","휴업","05","사업휴지","","2024-10-14","2026-12-31","","0418 5332900","1899","","충청남도 아산시 인주면 문방리 88-4","충청남도 아산시 인주면 아산만로 1614","","인주만주유소","2026-01-06 16:29:36","U","2026-01-09 02:40:00","주유소","188849.632583984","374080.903702294","","",
"100","석유판매업","09_28_08_P","4400000","1998440001501500002","1998-01-24","","01","영업/정상","01","신규등록","","","","","043 644 7722","778","","충청북도 제천시 하소동 185-1","충청북도 제천시 용두대로 71 (하소동)","","대신주유소","2026-01-06 09:10:17","U","2026-01-09 02:40:00","주유소","306517.541107993","404619.948315772","","",
"101","석유판매업","09_28_08_P","4470000","2002447003901500029","2002-12-04","","01","영업/정상","06","휴지사업재개","","","","2020-11-26","043 881 0012","812","","충청북도 음성군 대소면 태생리 65-5","충청북도 음성군 대소면 대금로 607","","지엠글로벌(주) 고속셀프주유소","2026-01-07 17:48:18","U","2026-01-09 02:40:00","주유소","244903.130386624","385300.499757784","","",
"102","석유판매업","09_28_08_P","3220000","2001322008301200013","1984-10-15","","02","휴업","05","사업휴지","","2026-01-01","2026-12-31","","02 5775522","990.8","","서울특별시 강남구 개포동 1164-2","서울특별시 강남구 양재대로 339 (개포동)","","지에스칼텍스(주)개포주유소","2026-01-07 16:45:34","U","2026-01-09 02:40:00","주유소","204487.02666874","441119.156988213","","",
"103","석유판매업","09_28_08_P","3700000","2026370023201200001","2026-01-08","","01","영업/정상","01","신규등록","","","","","052-259-3703","","","울산광역시 남구 여천동 832-23 한국석유공업(주)","울산광역시 남구 처용로 91, 한국석유공업(주) (여천동)","44781","한국석유공업(주)","2026-01-08 11:37:57","I","2026-01-10 00:20:07","항공유판매소","","","","",
"104","석유판매업","09_28_08_P","5350000","1996535001401500120","1996-04-18","","01","영업/정상","06","휴지사업재개","","","","2025-02-24","055 339 5510","","","경상남도 김해시 삼계동 1176","경상남도 김해시 김해대로 1711 (삼계동)","","삼계셀프주유소","2026-01-08 15:27:57","U","2026-01-10 02:40:00","주유소","368846.461525721","198351.259223961","","",
"105","석유판매업","09_28_08_P","4600000","2003460001101500032","2003-02-08","","02","휴업","05","사업휴지","","2026-01-01","2026-12-31","","","985","","충청남도 홍성군 서부면 궁리 630, 631","충청남도 홍성군 서부면 천수만로 266","","구구주유소","2026-01-08 16:38:14","U","2026-01-10 02:40:00","주유소","152407.123142174","343784.225911419","","",
"106","석유판매업","09_28_08_P","4201000","2010420011501500004","2010-10-08","","01","영업/정상","07","영업개시","","","","","033 655 3933","1786","","강원특별자치도 강릉시 강동면 상시동리 153-3","강원특별자치도 강릉시 강동면 율곡로 2202","","율곡에너지 주식회사","2026-01-08 15:37:50","U","2026-01-10 02:40:00","주유소","372253.786037738","471274.955475934","","",
"107","석유판매업","09_28_08_P","5370000","1998537011101200017","1998-09-26","","03","폐업","03","폐지","2026-01-07","","","","055 688 3400","","","경상남도 거제시 아주동 594","경상남도 거제시 거제대로 3511-4 (아주동)","","경남석유","2026-01-08 14:17:58","U","2026-01-10 02:40:00","일반판매소","354483.491824721","153921.086598469","","",
"108","석유판매업","09_28_08_P","4810000","2014481024101500001","2014-01-29","","01","영업/정상","01","신규등록","","","","","061 692 9678","2766","","전라남도 여수시 주삼동 1020 화물차휴게소","전라남도 여수시 여수산단로 140, 화물차휴게소 (주삼동)","59631","내트럭(주)여수사업소","2026-01-08 10:42:35","U","2026-01-10 02:40:00","주유소","260604.325502174","144523.919167192","","",
"109","석유판매업","09_28_08_P","4271000","2004427004201500004","2004-12-27","","01","영업/정상","01","신규등록","","","","","033 3725151","878","","강원특별자치도 영월군 남면 창원리 729-2","강원특별자치도 영월군 남면 강원남로 641","","태경에프앤지(주)동강주유소","2026-01-08 09:36:42","U","2026-01-10 02:40:00","주유소","320334.033144845","409195.228387542","","",
"110","석유판매업","09_28_08_P","4331000","1994433003001500030","1994-09-01","","01","영업/정상","07","영업개시","","","","","033 462 5599","1695","","강원특별자치도 인제군 북면 용대리 1493-2 십이선녀탕휴게소","강원특별자치도 인제군 북면 미시령로 660","24606","십이선녀탕주유소","2026-01-08 11:21:06","U","2026-01-10 02:40:00","주유소","313138.28067146","520911.421724032","","",
"111","석유판매업","09_28_08_P","4331000","1999433003001500043","1999-08-05","","01","영업/정상","07","영업개시","","","","","033 462 0551","1738","","강원특별자치도 인제군 서화면 천도리 791-1 천도리 SK주유소","강원특별자치도 인제군 서화면 금강로 1378","24603","천도리주유소","2026-01-08 11:24:46","U","2026-01-10 02:40:00","주유소","305489.003791314","524777.581856743","","",
"112","석유판매업","09_28_08_P","4331000","2006433004101500005","2006-06-01","","01","영업/정상","07","영업개시","","2014-03-11","2999-12-31","","033 461 3812","997","","강원특별자치도 인제군 북면 한계리 1486-3","강원특별자치도 인제군 북면 설악로 3251-7","","한계리주유소","2026-01-08 11:17:49","U","2026-01-10 02:40:00","주유소","309051.090012851","515901.413528378","","",
"113","석유판매업","09_28_08_P","5050000","1994505010001500012","1994-03-15","","01","영업/정상","01","신규등록","","","","","054 748 9500","1243","","경상북도 경주시 용강동 800-17","경상북도 경주시 산업로 4384 (용강동)","","주식회사 엠에이치 만남","2026-01-08 15:45:52","U","2026-01-10 02:40:00","주유소","400946.838394429","265670.722730394","","",
"114","석유판매업","09_28_08_P","4950000","1991495001501500002","2005-09-30","","01","영업/정상","01","신규등록","","","","","061 454 0500","708.16","","전라남도 무안군 무안읍 용월리 86-1 고속주유소","전라남도 무안군 무안읍 영산로 3085, 고속주유소","58516","주식회사무안고속주유소","2026-01-08 11:29:24","U","2026-01-10 02:40:00","주유소","154002.304285609","167414.158721759","","",
"115","석유판매업","09_28_08_P","5180000","1981518001101500006","1981-07-06","","01","영업/정상","07","영업개시","","","","","0547334077","1204","","경상북도 영덕군 강구면 오포리 557-4","경상북도 영덕군 강구면 동해대로 4499","36458","OK주유소","2026-01-08 11:55:19","U","2026-01-10 02:40:00","주유소","413484.1164639","320189.003892414","","",
"116","석유판매업","09_28_08_P","3530000","2009353007001500004","2009-06-12","","01","영업/정상","01","신규등록","","","","","032 441 5145","1128","","인천광역시 남동구 도림동 343-1 도림주유소","인천광역시 남동구 논고개로 252, 도림주유소 (도림동)","21656","디와이에너지(주) 도림주유소","2026-01-08 17:02:51","U","2026-01-10 02:40:00","주유소","175694.739356628","434580.213968935","","",
"117","석유판매업","09_28_08_P","3030000","1993303007401500002","1993-05-31","","01","영업/정상","01","신규등록","","","","","22825151","","","서울특별시 성동구 옥수동 449-5","서울특별시 성동구 독서당로 168 (옥수동)","","옥수 주유소","2026-01-08 09:10:31","U","2026-01-10 02:40:00","주유소","200935.024540138","448752.101959016","","",
"118","석유판매업","09_28_08_P","5150000","2020515017301500001","2021-09-14","","01","영업/정상","01","신규등록","","","","","","3939","","경상북도 의성군 의성읍 업리 산 165-12","경상북도 의성군 의성읍 경북대로 6182","37330","(주)조은에너지 조은주유소","2026-01-08 13:45:21","U","2026-01-10 02:40:00","주유소","350273.086165536","322246.261171595","","",
"119","석유판매업","09_28_08_P","4520000","2025452035701500003","2025-11-10","","01","영업/정상","07","영업개시","","","","","","165.24","","충청남도 아산시 탕정면 호산리 94","충청남도 아산시 탕정면 새아산로 356","31459","씨제이대한통운(주)제스에너지","2026-01-08 09:21:05","U","2026-01-10 02:40:00","주유소","207673.120827606","367920.966785231","","",
"120","석유판매업","09_28_08_P","4520000","2025452035701500004","2025-11-10","","01","영업/정상","07","영업개시","","","","","","176.52","","충청남도 아산시 탕정면 호산리 94-1","충청남도 아산시 탕정면 새아산로 354","31459","씨제이대한통운(주)아산탕정주유소","2026-01-08 09:20:52","U","2026-01-10 02:40:00","주유소","","","","",
"121","석유판매업","09_28_08_P","4520000","2025452035701500005","2025-11-10","","01","영업/정상","07","영업개시","","","","","","276.13","","충청남도 아산시 탕정면 호산리 94-2","충청남도 아산시 탕정면 새아산로 352","31459","씨제이대한통운(주)호산주유소","2026-01-08 09:20:41","U","2026-01-10 02:40:00","주유소","","","","",
"122","석유판매업","09_28_08_P","3740000","1996374001101500014","1996-01-15","","02","휴업","05","사업휴지","","2026-01-08","2027-01-07","","031 2587211","1255","","경기도 수원시 장안구 송죽동 200-5","경기도 수원시 장안구 경수대로 992 (송죽동)","","에이치디현대오일뱅크(주)직영 송죽현대셀프주유소","2026-01-08 16:08:06","U","2026-01-10 02:40:00","주유소","200248.262088578","422610.551336045","","",
"123","석유판매업","09_28_08_P","3740000","1995374001101500011","1995-12-27","","01","영업/정상","01","신규등록","","","","","031 2960018","903","","경기도 수원시 권선구 구운동 217-11","경기도 수원시 권선구 서부로 1963 (구운동)","","서수원주유소","2026-01-08 10:21:21","U","2026-01-10 02:40:00","주유소","197173.488256522","420205.235565524","","",
"124","석유판매업","09_28_08_P","4520000","2025452035701500002","2025-09-30","","01","영업/정상","07","영업개시","","","","","","998","","충청남도 아산시 음봉면 송촌리 54-3","충청남도 아산시 음봉면 음봉로 315","31415","만수르기름창고(주)","2026-01-08 09:21:36","U","2026-01-10 02:40:00","주유소","","","","",
"125","석유판매업","09_28_08_P","4520000","2025452035701500001","2025-09-29","","01","영업/정상","07","영업개시","","","","","","998","","충청남도 아산시 음봉면 송촌리 54-5","충청남도 아산시 음봉면 음봉로 319","31415","(주)만수르에너지","2026-01-08 09:21:44","U","2026-01-10 02:40:00","주유소","","","","",
"126","석유판매업","09_28_08_P","4681000","1981468002001500014","1981-08-05","","01","영업/정상","06","휴지사업재개","","","","2023-10-26","063-862-6116","934","","전북특별자치도 익산시 망성면 신작리 885-3","전북특별자치도 익산시 망성면 익산대로 2802","","(주)한영 성북지점","2026-01-08 09:15:06","U","2026-01-10 02:40:00","주유소","200490.356004987","293910.73455492","","",
"127","석유판매업","09_28_08_P","4721000","2009472008901500002","2009-06-12","","02","휴업","05","사업휴지","","2025-01-01","2025-12-31","","","610","","전북특별자치도 완주군 삼례읍 신금리 115-1번지","전북특별자치도 완주군 삼례읍 백두전와길 59","","완주주유소","2026-01-08 17:15:53","U","2026-01-10 02:40:00","주유소","208931.460995281","268279.6210058","","",
"128","석유판매업","09_28_08_P","5400000","1994540000901500035","2003-12-20","","02","휴업","05","사업휴지","","2026-01-01","2026-12-31","","055 585 1233","1500","","경상남도 함안군 여항면 내곡리 829-1","경상남도 함안군 여항면 진함로 799","","여항산주유소","2026-01-08 17:57:37","U","2026-01-10 02:40:00","주유소","333014.491812738","188578.039705049","","",
"129","석유판매업","09_28_08_P","5450000","1991545000901500007","1991-12-07","","01","영업/정상","01","신규등록","","","","","055 9739216","654","","경상남도 산청군 산청읍 범학리 122","경상남도 산청군 산청읍 산청대로 1254","","한결주유소","2026-01-08 16:37:56","U","2026-01-10 02:40:00","주유소","283140.796918982","208284.88567098","","",
"130","석유판매업","09_28_08_P","4781000","1991478000001500027","1991-10-23","","02","휴업","05","사업휴지","","2025-09-29","2027-09-28","","0677564 6078","1279","","전북특별자치도 고창군 신림면 도림리 158-3","전북특별자치도 고창군 신림면 왕림로 521","","왕림주유소","2026-01-08 18:22:34","U","2026-01-10 02:40:00","주유소","175732.502591461","221612.947360036","","",
"131","석유판매업","09_28_08_P","4711000","2007471001101500001","2007-01-16","","01","영업/정상","06","휴지사업재개","","","","","063-546-5189","545","","전북특별자치도 김제시 하동 340-4 외 3필지(340-3,344-5,532)","전북특별자치도 김제시 하공로 87 (하동,외 3필지(340-3,344-5,532))","","명진주유소","2026-01-08 10:06:36","U","2026-01-10 02:40:00","주유소","190066.475750906","257493.816918713","","",
"132","석유판매업","09_28_08_P","4671000","2008467017701500002","2008-04-11","","01","영업/정상","01","신규등록","","","","","","1495","","전북특별자치도 군산시 수송동 52-7번지","전북특별자치도 군산시 월명로 148 (수송동)","","한영 군산지점","2026-01-08 17:49:42","U","2026-01-10 02:40:00","주유소","174320.925255265","273010.650583701","","",
"133","석유판매업","09_28_08_P","5150000","2021515017301200001","2021-03-11","","01","영업/정상","07","영업개시","","","","","","196","","경상북도 의성군 봉양면 화전리 1137-22","경상북도 의성군 봉양면 경북대로 4437","37362","미래에너지","2026-01-08 11:27:32","U","2026-01-10 02:40:00","일반판매소","341206.403244172","311787.414004444","","",
"134","석유판매업","09_28_08_P","3470000","1986347001301500001","1986-03-08","","02","휴업","05","사업휴지","","2025-12-22","2026-06-30","","053 581 1034","1025","","대구광역시 달서구 이곡동 893-2","대구광역시 달서구 달구벌대로 1270 (이곡동)","","성서주유소","2026-01-08 09:46:36","U","2026-01-10 02:40:00","주유소","335968.960362157","262290.158331307","","",
"135","석유판매업","09_28_08_P","4520000","2014452022501500001","2014-08-29","","01","영업/정상","06","휴지사업재개","","","","2025-12-22","041-547-8522","1704","","충청남도 아산시 음봉면 원남리 94-2","충청남도 아산시 음봉면 연암율금로 78","","음봉농협 주유소","2026-01-08 16:40:23","U","2026-01-10 02:40:00","주유소","203044.633148267","373589.33750162","","",
"136","석유판매업","09_28_08_P","4400000","1997440001501200003","1997-01-01","","01","영업/정상","01","신규등록","","","","","043  6455533","","","충청북도 제천시 화산동 196-5","충청북도 제천시 숭의로1길 25 (화산동)","","충북명동석유판매소","2026-01-08 17:06:51","U","2026-01-10 02:40:00","일반판매소","307381.965603864","404294.609449992","","",
"137","석유판매업","09_28_08_P","5100000","2003510008301500003","2003-02-26","","01","영업/정상","06","휴지사업재개","","","","","054 338 1116","873","","경상북도 영천시 도림동 1325-5 북영천IC주유","경상북도 영천시 천문로 923, 북영천IC주유 (도림동)","38823","북영천IC주유소","2026-01-09 16:10:38","U","2026-01-11 02:40:00","주유소","373797.039756538","281358.012465806","","",
"138","석유판매업","09_28_08_P","4251000","2000425004201500077","2005-01-31","","01","영업/정상","06","휴지사업재개","","","","","033-435-4588","1063","","강원특별자치도 홍천군 홍천읍 와동리 481-5","강원특별자치도 홍천군 홍천읍 설악로 2374","","엠에스주유소","2026-01-09 11:01:40","U","2026-01-11 02:40:00","주유소","282478.234636566","469929.165792908","","",
"139","석유판매업","09_28_08_P","3630000","2003363004101500007","2003-11-12","","01","영업/정상","07","영업개시","","","","","062 9561116","771","","광주광역시 광산구 신창동 1074-8 2통2반","광주광역시 광산구 북문대로 389 (신창동)","","다올에너지산업(주)","2026-01-09 13:47:18","U","2026-01-11 02:40:00","주유소","186327.913278432","188076.573428806","","",
"140","석유판매업","09_28_08_P","4830000","1994483001301500030","2006-09-15","","02","휴업","05","사업휴지","","2025-12-10","2026-12-09","","061  3349555","1231","","전라남도 나주시 남평읍 수원리 530-23 현대오일뱅크금당주유소","전라남도 나주시 남평읍 산남로 438","58224","금당주유소","2026-01-09 14:25:02","U","2026-01-11 02:40:00","주유소","186455.532918906","173543.247588238","","",
"141","석유판매업","09_28_08_P","3560000","1996356001301500003","1996-05-06","","02","휴업","05","사업휴지","","2024-11-08","2026-06-30","","032 5653344","1633","","인천광역시 서구 백석동 72-3","인천광역시 서구 서곶로 723 (백석동)","","지에스칼텍스(주) 광역주유소","2026-01-09 17:11:22","U","2026-01-11 02:40:00","주유소","171268.63952342","453368.41841557","","",
"142","석유판매업","09_28_08_P","3230000","1992323013101500022","1992-07-01","","01","영업/정상","01","신규등록","","","","","000204311991","655.8","","서울특별시 송파구 마천동 31","서울특별시 송파구 마천로 230 (마천동)","","양운개발 마천로주유소","2026-01-09 10:03:51","U","2026-01-11 02:40:00","주유소","212588.217174795","444214.318443934","","",
"143","석유판매업","09_28_08_P","3210000","2002321007601200001","2002-04-25","","01","영업/정상","07","영업개시","","","","","02  577 3422","","","서울특별시 서초구 양재동 356-8","서울특별시 서초구 강남대로6길 44-15 (양재동)","","(주)세경에너지산업","2026-01-09 08:46:47","U","2026-01-11 02:40:00","일반판매소","203822.713344","440577.420075839","","",
"144","석유판매업","09_28_08_P","3230000","1993323013101500038","1993-07-24","","03","폐업","03","폐지","","","","","000222028484","1151.5","","서울특별시 송파구 석촌동 239-8","서울특별시 송파구 가락로 47 (석촌동)","","가락로주유소","2026-01-09 13:34:28","U","2026-01-11 02:40:00","주유소","208926.964436177","444147.031434811","","",
"145","석유판매업","09_28_08_P","5020000","2017502031101200009","2017-07-24","","03","폐업","03","폐지","2025-12-24","","","","","","","경상북도 포항시 남구 오천읍 원리 1368-1","","","서유에너지","2026-01-09 13:56:43","U","2026-01-11 02:40:00","일반판매소","416913.282225535","277283.462173519","","",
"146","석유판매업","09_28_08_P","3350000","1983335001501500018","1983-12-08","","02","휴업","05","사업휴지","","2025-05-01","2026-04-30","","051 581 3301","1527","","부산광역시 금정구 부곡동 14-3","부산광역시 금정구 중앙대로 1782 (부곡동)","","광신석유㈜ 중앙대로 주유소","2026-01-09 16:01:48","U","2026-01-11 02:40:00","주유소","390503.059424487","195786.867565892","","",
"147","석유판매업","09_28_08_P","4830000","2021483019501500002","2021-07-26","","02","휴업","05","사업휴지","","2025-12-17","2026-12-16","","061-333-7568","1984","","전라남도 나주시 문평면 옥당리 1271-4","전라남도 나주시 문평면 영산로 4259","58286","정성주유소","2026-01-09 09:52:18","U","2026-01-11 02:40:00","주유소","164629.606740951","170069.026822095","","",
"148","석유판매업","09_28_08_P","4681000","1994468002001500005","1994-02-26","","02","휴업","05","사업휴지","","2026-01-09","2027-01-08","","063-832-5291","4431","","전북특별자치도 익산시 여산면 원수리 721","전북특별자치도 익산시 여산면 가람로 60","","명성주유소","2026-01-09 17:21:38","U","2026-01-11 02:40:00","주유소","208392.307728356","281186.748890343","","",
"149","석유판매업","09_28_08_P","5360000","2003536005501500003","2003-07-15","","01","영업/정상","06","휴지사업재개","","2013-09-24","2014-09-23","","055 3536373","837","","경상남도 밀양시 삼문동 106-4,105","경상남도 밀양시 밀양대로 1744 (삼문동)","","으뜸주유소","2026-01-09 11:49:39","U","2026-01-11 02:40:00","주유소","359137.854326603","221656.749477842","","",
"150","석유판매업","09_28_08_P","4781000","1995478000001500042","1995-09-09","","01","영업/정상","06","휴지사업재개","","","","2022-03-14","063 5640116","1419","","전북특별자치도 고창군 고창읍 성두리 464-1 2 호","전북특별자치도 고창군 고창읍 고인돌대로 1926","","오일필드 고창지점","2026-01-09 13:03:08","U","2026-01-11 02:40:00","주유소","172409.401111056","216884.597667346","","",
"151","석유판매업","09_28_08_P","5050000","2021505035201200001","2021-03-08","","01","영업/정상","01","신규등록","","","","","","183","","경상북도 경주시 안강읍 산대리 1913-19","경상북도 경주시 안강읍 화전북1길 35","38018","산대석유","2026-01-09 13:15:27","U","2026-01-11 02:40:00","일반판매소","399683.302647674","279042.780784649","","",
"152","석유판매업","09_28_08_P","5230000","1996523000401500001","1996-05-23","","01","영업/정상","01","신규등록","","","","","054 6544345","1304","","경상북도 예천군 예천읍 지내리 412-1","경상북도 예천군 예천읍 예성로 894","","서부공항주유소","2026-01-09 17:52:44","U","2026-01-11 02:40:00","주유소","326149.823466594","349181.15037514","","",
"153","석유판매업","09_28_08_P","5230000","2004523000401500002","2005-04-29","","01","영업/정상","01","신규등록","","","","","054 652 5188","717","","경상북도 예천군 유천면 가리 217-2","경상북도 예천군 유천면 예성로 727","757-891","유천주유소","2026-01-09 17:55:23","U","2026-01-11 02:40:00","주유소","324559.629350448","349020.931793535","","",
"154","석유판매업","09_28_08_P","4390000","2015439010301500001","2015-06-19","","01","영업/정상","01","신규등록","","","","","043 844 2998","288.17","","충청북도 충주시 산척면 영덕리 산 182-46","충청북도 충주시 산척면 평택제천고속도로 106","","(주)파리크라상 천등산(제천방향)주유소","2026-01-09 11:28:10","U","2026-01-11 02:40:00","주유소","283490.305305238","395963.48954746","","",
"155","석유판매업","09_28_08_P","4390000","2015439010301500002","2015-06-19","","01","영업/정상","01","신규등록","","","","","043 844 2915","1318","","충청북도 충주시 산척면 영덕리 산 2-38","충청북도 충주시 산척면 평택제천고속도로 109","","(주)파리크라상 천등산(평택방향)주유소","2026-01-09 11:41:02","U","2026-01-11 02:40:00","주유소","287818.876794841","397654.290201583","","",
"156","석유판매업","09_28_08_P","5710000","1991441001101500004","1991-08-19","","01","영업/정상","01","신규등록","","","","","","538","","충청북도 청주시 상당구 낭성면 현암리 308-10","충청북도 청주시 상당구 낭성면 산성로 724","28192","우리주유소","2026-01-09 09:05:01","U","2026-01-11 02:40:00","주유소","249348.37911462","349982.796763158","","",
"157","석유판매업","09_28_08_P","4520000","1993452001801500003","1993-12-21","","02","휴업","05","사업휴지","","2025-11-01","2026-11-01","","0418 5332405","985","","충청남도 아산시 인주면 문방리 386-1","충청남도 아산시 인주면 아산만로 1482","","인주 문방 주유소","2026-01-09 15:12:49","U","2026-01-11 02:40:00","주유소","187897.527083237","373169.833397519","","",
"158","석유판매업","09_28_08_P","3910000","2008391018101500019","2008-10-21","","01","영업/정상","07","영업개시","","","","","031-662-9095","665.5","","경기도 평택시 서정동 785-11","경기도 평택시 탄현로 192 (서정동)","","슈퍼맨주유소","2026-01-09 16:18:51","U","2026-01-11 02:40:00","주유소","204809.403254105","396440.699298277","","",
"159","석유판매업","09_28_08_P","5710000","1976436000901500009","1976-04-16","","02","휴업","05","사업휴지","","2025-07-29","2026-01-05","","043 2241676","598.1","","충청북도 청주시 상당구 북문로3가 1-2","충청북도 청주시 상당구 상당로 201 (북문로3가)","","주식회사 가운자산개발","2026-01-09 14:05:50","U","2026-01-11 02:40:00","주유소","243667.516134271","349563.09695214","","",
"160","석유판매업","09_28_08_P","4900000","2007490000901500001","2007-01-15","","01","영업/정상","01","신규등록","","","","","061 3725171","1486","","전라남도 화순군 백아면 옥리 484-6","전라남도 화순군 북면 백아로 2210","","동복농협온천지소주유소","2026-01-11 15:19:54","U","2026-01-13 02:40:00","주유소","207751.888890262","184498.286824104","","",
"161","석유판매업","09_28_08_P","5350000","2002535008701500134","2002-07-15","","01","영업/정상","07","영업개시","","","","","055 312 9591","1169","","경상남도 김해시 삼문동 564-1","경상남도 김해시 반룡로 76 (삼문동)","","(주)에프엠씨 신장유주유소","2026-01-12 10:00:50","U","2026-01-14 02:40:00","주유소","364463.516423326","189220.64547489","","",
"162","석유판매업","09_28_08_P","4600000","1996460001101500006","1996-01-29","","01","영업/정상","01","신규등록","","","","","041 633 4115","1115","","충청남도 홍성군 홍북읍 대인리 229-2","충청남도 홍성군 홍북읍 충서로 2404","32279","미래주유소","2026-01-12 08:55:52","U","2026-01-14 02:40:00","주유소","176986.12593279","348314.893817676","","",
"163","석유판매업","09_28_08_P","4490000","1996449013101500131","1996-05-18","","01","영업/정상","06","휴지사업재개","","2015-05-08","2015-12-30","2015-09-30","041-622-1175","919","","충청남도 천안시 동남구 신부동 16-11","충청남도 천안시 동남구 망향로 53 (신부동)","","비타민셀프주유소","2026-01-12 16:01:44","U","2026-01-14 02:40:00","주유소","215057.109746474","369740.006738132","","",
"164","석유판매업","09_28_08_P","5130000","1995513001701500008","1995-11-29","","02","휴업","05","사업휴지","","2025-12-15","2026-12-14","","053 818 2183","714.7","","경상북도 경산시 계양동 659-11 1통2반","경상북도 경산시 원효로 108 (계양동)","","글로주식회사 대림주유소","2026-01-12 11:44:20","U","2026-01-14 02:40:00","일반판매소","358012.665725906","259459.942519857","","",
"165","석유판매업","09_28_08_P","6510000","1994549007501500003","1994-06-20","","01","영업/정상","01","신규등록","","","","","064 7445145","665","","제주특별자치도 제주시 오라이동 1212-2 오라주유소","제주특별자치도 제주시 연삼로 194, 오라주유소 (오라이동)","63145","오라주유소","2026-01-12 09:02:44","U","2026-01-14 02:40:00","주유소","154678.200638655","-329.465703083938","","",
"166","석유판매업","09_28_08_P","4070000","1999407001701500006","1999-08-04","","01","영업/정상","01","신규등록","","","","","0316315188","1257","","경기도 이천시 모가면 송곡리 172-3","경기도 이천시 모가면 진상미로 939","","우리이엔아이(주)","2026-01-12 09:38:30","U","2026-01-14 02:40:00","주유소","243760.411661338","405021.143285292","","",
"167","석유판매업","09_28_08_P","4810000","2003481001901500001","2003-01-15","","03","폐업","03","폐지","2026-01-09","","","","061 666 1255","912","","전라남도 여수시 공화동 816-2 믿음주유소","전라남도 여수시 오동도로 26, 믿음주유소 (공화동)","59743","믿음주유소","2026-01-12 09:26:12","U","2026-01-14 02:40:00","주유소","268199.10940358","138732.75402015","","",
"168","석유판매업","09_28_08_P","6520000","2017652014101500001","2017-11-20","","01","영업/정상","07","영업개시","","","","","064 739 5233","1006","","제주특별자치도 서귀포시 서호동 1549","제주특별자치도 서귀포시 일주동로 9144 (서호동)","63568","혁신도시주유소","2026-01-12 10:02:59","U","2026-01-14 02:40:00","주유소","154839.979995668","-27428.3212140033","","",
"169","석유판매업","09_28_08_P","4261000","1991426000901500003","1991-03-23","","02","휴업","05","사업휴지","","2025-01-01","2027-12-31","","033 343 5700","706","","강원특별자치도 횡성군 둔내면 현천리 381-3 현천주유소","강원특별자치도 횡성군 둔내면 경강로 4287, 현천주유소","25266","현천주유소","2026-01-12 10:26:50","U","2026-01-14 02:40:00","주유소","304929.367697173","443904.899609158","","",
"170","석유판매업","09_28_08_P","3620000","2015362012201500115","2015-05-04","","01","영업/정상","07","영업개시","","","","","062 961 7319","759","","광주광역시 북구 용두동 1043-16","광주광역시 북구 빛고을대로 652 (용두동)","61017","용두주유소","2026-01-12 08:55:44","U","2026-01-14 02:40:00","주유소","188024.798161531","191189.722141665","","",
"171","석유판매업","09_28_08_P","4820000","1989482015201200010","1989-11-22","","01","영업/정상","01","신규등록","","","","","061-744-1744","","","전라남도 순천시 교량동 620-4","전라남도 순천시 교량3길 5 (교량동)","","순천농협 도사지점","2026-01-12 13:44:20","U","2026-01-14 02:40:00","일반판매소","246026.898057779","156866.196120826","","",
"172","석유판매업","09_28_08_P","3780000","1992380002301200025","1992-11-24","","01","영업/정상","01","신규등록","","","","","031-746-5252","","","경기도 성남시 중원구 상대원동 1280","경기도 성남시 중원구 박석로71번길 15 (상대원동)","","수경석유","2026-01-12 16:17:21","U","2026-01-14 02:40:00","일반판매소","214514.31088649","437313.756378942","","",
"173","석유판매업","09_28_08_P","4691000","2008469019301500001","2008-09-30","","01","영업/정상","07","영업개시","","","","","063 538 7004","617","","전북특별자치도 정읍시 고부면 관청리 358","전북특별자치도 정읍시 고부면 영주로 316","","한결주유소","2026-01-12 15:41:26","U","2026-01-14 02:40:00","주유소","177220.872826598","235244.124822588","","",
"174","석유판매업","09_28_08_P","3320000","2003332005901500015","2003-11-06","","02","휴업","05","사업휴지","","2025-01-01","2025-12-31","","051 3435232","462.23","","부산광역시 북구 덕천동 522-1,2,산71-2","부산광역시 북구 의성로 20 (덕천동)","","광신홀딩스(주) 덕천주유소","2026-01-12 14:11:36","U","2026-01-14 02:40:00","주유소","382805.967560733","192908.841922218","","",
"175","석유판매업","09_28_08_P","4620000","1981462001001500002","1981-08-08","","03","폐업","03","폐지","","","","","041 6742753","","","충청남도 태안군 태안읍 동문리 82-1","충청남도 태안군 태안읍 중앙로 183","","삼화주유소","2026-01-12 16:23:51","U","2026-01-14 02:40:00","주유소","138110.557117445","361105.304725159","","",
"176","석유판매업","09_28_08_P","4520000","2015452030101500001","2015-08-26","","03","폐업","03","폐지","2026-01-12","","","","041-534-9332","1814","","충청남도 아산시 음봉면 덕지리 173-13 외 5필지","충청남도 아산시 음봉면 삼성로 561","","음봉농업협동조합 주유소","2026-01-12 16:30:08","U","2026-01-14 02:40:00","주유소","208245.260382175","369798.049137324","","",
"177","석유판매업","09_28_08_P","4400000","2007440009701500001","2007-06-08","","01","영업/정상","01","신규등록","","","","","043 645 3503","1490","","충청북도 제천시 봉양읍 연박리 1198-7 / 1109-7번지","충청북도 제천시 봉양읍 북부로 1152","","봉양농협주유소","2026-01-12 09:18:53","U","2026-01-14 02:40:00","주유소","297426.18782946","404049.824042719","","",
"178","석유판매업","09_28_08_P","5100000","1996510007201507056","1996-01-03","","01","영업/정상","07","영업개시","","","","2015-12-18","054-337-1529","1977","","경상북도 영천시 고경면 덕암리 53-1","경상북도 영천시 고경면 호국로 1529","38902","청명주유소","2026-01-13 13:21:51","U","2026-01-15 02:40:00","주유소","388478.525195915","278859.795202681","","",
"179","석유판매업","09_28_08_P","5680000","2009463008001500002","2009-10-14","","01","영업/정상","07","영업개시","","","","","","","","충청남도 당진시 송악읍 한진리 193-2 외 1필지","충청남도 당진시 송악읍 북부산업로 1054 (SK 송악주유소)","","서정스타에너지","2026-01-12 08:54:41","U","2026-01-15 02:40:00","주유소","179064.131171285","384910.141459582","","",
"180","석유판매업","09_28_08_P","5600000","1996415001201500001","1996-03-26","","01","영업/정상","06","휴지사업재개","","","","2020-09-01","031 542 6053","2128","","경기도 포천시 소흘읍 이동교리 358-1","경기도 포천시 소흘읍 호국로 346","","클린주유소","2026-01-13 09:48:45","U","2026-01-15 02:40:00","주유소","211525.34773049","477956.25425361","","",
"181","석유판매업","09_28_08_P","3260000","2008326006601500001","2008-07-08","","01","영업/정상","07","영업개시","","","","","051 243 6661","983","","부산광역시 서구 암남동 645-28","부산광역시 서구 원양로 260 (암남동)","49273","스타2주유소","2026-01-13 13:47:20","U","2026-01-15 02:40:00","주유소","382943.380846366","176867.483012922","","",
"182","석유판매업","09_28_08_P","5130000","2004513001701500003","2004-03-02","","01","영업/정상","06","휴지사업재개","","","","","053-813-5150","991","","경상북도 경산시 남천면 대명리 451-5","경상북도 경산시 남천면 경청로 623","","경청로주유소","2026-01-13 14:50:11","U","2026-01-15 02:40:00","주유소","355391.926811791","253638.417438463","","",
"183","석유판매업","09_28_08_P","4500000","1998450008501598006","1998-04-08","","01","영업/정상","07","영업개시","","","","","041 856 1250","638","","충청남도 공주시 옥룡동 184-3","충청남도 공주시 우금티로 745 (옥룡동)","","강남셀프주유소","2026-01-13 09:33:23","U","2026-01-15 02:40:00","주유소","211925.981986969","327826.009277468","","",
"184","석유판매업","09_28_08_P","4231000","2015423007801500001","2015-09-24","","01","영업/정상","01","신규등록","","","","","033 636 1677","2133","","강원특별자치도 속초시 교동 685-6","강원특별자치도 속초시 동해대로 4198 (교동)","","속초농협경제사업소클린주유소","2026-01-13 11:59:55","U","2026-01-15 02:40:00","주유소","338184.0591445","522396.752829253","","",
"185","석유판매업","09_28_08_P","4181000","1993418001601500031","1993-07-19","","01","영업/정상","01","신규등록","","","","","033 2575151","820","","강원특별자치도 춘천시 후평동 24-4","강원특별자치도 춘천시 후석로 239 (후평동)","","케이케이(주) 춘천중앙3주유소","2026-01-13 11:30:46","U","2026-01-15 02:40:00","주유소","266121.614057439","485851.617521766","","",
"186","석유판매업","09_28_08_P","4181000","1992418001601500021","1992-01-16","","02","휴업","05","사업휴지","","2025-11-13","2026-11-12","","033 2625149","1194","","강원특별자치도 춘천시 동산면 조양리 209","강원특별자치도 춘천시 동산면 영서로 51","","동양주유소","2026-01-13 16:06:42","U","2026-01-15 02:40:00","주유소","273316.658921839","471485.015463345","","",
"187","석유판매업","09_28_08_P","5370000","1997537001001500001","1997-05-29","","01","영업/정상","01","신규등록","","","","","055 632-5184","1226","","경상남도 거제시 사등면 청곡리 170","경상남도 거제시 사등면 거제대로 5989","","ABB 조은주유소","2026-01-13 11:10:39","U","2026-01-15 02:40:00","주유소","337807.697259273","156548.536389406","","",
"188","석유판매업","09_28_08_P","5050000","2008505019301500003","2008-10-02","","01","영업/정상","06","휴지사업재개","","","","2024-07-01","054 743 5125","3425","","경상북도 경주시 배반동 336-1","경상북도 경주시 산업로 3667 (배반동)","","불국에너지(주) 선덕지점","2026-01-13 14:16:33","U","2026-01-15 02:40:00","주유소","403286.123597603","259603.300318934","","",
"189","석유판매업","09_28_08_P","5050000","2006505010001500009","2006-11-27","","01","영업/정상","06","휴지사업재개","","","","2026-01-13","054 742 4888","3983","","경상북도 경주시 동방동 307","경상북도 경주시 산업로 3585 (동방동)","","시선(주)경주지점","2026-01-13 11:55:07","U","2026-01-15 02:40:00","주유소","403863.105810274","259054.71335412","","",
"190","석유판매업","09_28_08_P","4890000","1992489001101500019","1992-07-04","","01","영업/정상","06","휴지사업재개","","","","2022-12-01","061-857-8866","1500","","전라남도 보성군 벌교읍 호동리 229","전라남도 보성군 벌교읍 녹색로 6186","59419","동막주유소","2026-01-13 18:30:24","U","2026-01-15 02:40:00","주유소","237406.798778369","148845.992135581","","",
"191","석유판매업","09_28_08_P","4800000","1976480001301500016","1993-07-16","","01","영업/정상","01","신규등록","","","","","061  2761925","608","","전라남도 목포시 산정동 1044-184","전라남도 목포시 산정로 122 (산정동)","58707","(주)해안주유소","2026-01-13 17:10:07","U","2026-01-15 02:40:00","주유소","144394.801089154","144706.145235403","","",
"192","석유판매업","09_28_08_P","4990000","1997499001101500021","1997-05-01","","01","영업/정상","07","영업개시","","","","","061 553 3231","1311","","전라남도 완도군 금일읍 신구리 175-2","전라남도 완도군 금일읍 금일로 611","","청기와주유소","2026-01-13 08:43:14","U","2026-01-15 02:40:00","주유소","203799.111511527","93833.2853370488","","",
"193","석유판매업","09_28_08_P","4830000","1989483001301200002","1989-04-19","","01","영업/정상","07","영업개시","","","","","061303357531","216","","전라남도 나주시 다도면 신동리 129-8","전라남도 나주시 다도면 다도로 791","","남평농협다도지점","2026-01-13 14:57:05","U","2026-01-15 02:40:00","일반판매소","184105.366466231","160582.295543039","","",
"194","석유판매업","09_28_08_P","5110000","2006511008201500006","2006-07-25","","02","휴업","05","사업휴지","","2023-08-19","2026-08-18","2008-10-01","054-533-1974","1500","","경상북도 상주시 부원동 358-1","경상북도 상주시 북상주로 199 (부원동)","37153","북부주유소","2026-01-13 15:13:35","U","2026-01-15 02:40:00","주유소","303830.06653338","327970.926975874","","",
"195","석유판매업","09_28_08_P","4080000","2008408014101500011","2008-10-24","2012-04-10","04","취소/말소/만료/정지/중지","02","등록취소","","","","","031 676 2815","956","","경기도 안성시 삼죽면 미장리 398","경기도 안성시 삼죽면 서동대로 6034","","두한에너지 1","2026-01-13 11:30:56","U","2026-01-15 02:40:00","주유소","231387.079825252","392551.021270885","","",
"196","석유판매업","09_28_08_P","4080000","2008408014101500012","2008-10-28","2012-11-29","04","취소/말소/만료/정지/중지","02","등록취소","","","","","031 676 2815","387","","경기도 안성시 보개면 내방리 149-1","경기도 안성시 보개면 서동대로 5623","","두한에너지 2","2026-01-13 11:24:14","U","2026-01-15 02:40:00","주유소","227952.448714343","390494.153509689","","",
"197","석유판매업","09_28_08_P","4080000","2010408014101500002","2010-05-24","","01","영업/정상","07","영업개시","","","","","","852","","경기도 안성시 대덕면 내리 754","경기도 안성시 대덕면 중앙대학로 251","","뉴타운주유소","2026-01-13 08:50:44","U","2026-01-15 02:40:00","주유소","220931.072960371","388872.086924945","","",
"198","석유판매업","09_28_08_P","5600000","2018560013401500002","2018-08-01","","01","영업/정상","06","휴지사업재개","","2019-10-01","2020-03-13","2020-03-13","031 542 5182","1500","","경기도 포천시 가산면 정교리 12-8","경기도 포천시 가산면 부흥로 656","11167","(주)오일파워","2026-01-13 15:19:08","U","2026-01-15 02:40:00","주유소","216176.746096057","478467.168191389","","",
"199","석유판매업","09_28_08_P","4080000","2025408026201500002","2025-12-15","","01","영업/정상","07","영업개시","","","","","","","","경기도 안성시 고삼면 삼은리 산 15-9 외 66필지","","","고삼(포천)주유소","2026-01-13 14:47:46","U","2026-01-15 02:40:00","주유소","226272.644620281","397165.371104621","","",
"200","석유판매업","09_28_08_P","4080000","2025408026201500003","2025-12-15","","01","영업/정상","07","영업개시","","","","","","","","경기도 안성시 고삼면 삼은리 산 15-9 외 66필지","","","고삼(세종)주유소","2026-01-13 14:47:36","U","2026-01-15 02:40:00","주유소","226272.644620281","397165.371104621","","",
"201","석유판매업","09_28_08_P","4691000","1990469002301500024","1990-09-26","","01","영업/정상","07","영업개시","","","","","063 5378951","1596","","전북특별자치도 정읍시 정우면 산북리 85-1","전북특별자치도 정읍시 정우면 정신로 834","","정우주유소","2026-01-13 17:20:50","U","2026-01-15 02:40:00","주유소","189654.873729546","240010.970904434","","",
"202","석유판매업","09_28_08_P","4791000","1987479005301508705","1987-02-06","","01","영업/정상","07","영업개시","","","","","063-583-5151","565","","전북특별자치도 부안군 부안읍 동중리 386-3","전북특별자치도 부안군 부안읍 석정로 116","","으뜸주유소","2026-01-13 09:22:16","U","2026-01-15 02:40:00","주유소","175973.912217773","248391.382514192","","",
"203","석유판매업","09_28_08_P","4791000","1990479005301500901","1990-02-19","","01","영업/정상","06","휴지사업재개","","2015-07-09","2018-04-30","2018-10-23","063-584-1100","598","","전북특별자치도 부안군 하서면 언독리 82-20 9통","전북특별자치도 부안군 하서면 변산로 437","","대교주유소","2026-01-13 09:27:04","U","2026-01-15 02:40:00","주유소","170769.592546205","247125.046427806","","",
"204","석유판매업","09_28_08_P","3650000","1993365001501500934","1993-05-11","","01","영업/정상","01","신규등록","","","","","042-242-5250","1475.1","","대전광역시 중구 대사동 175-1,2,176-3","대전광역시 중구 보문로 117 (대사동)","","두바이주유소 도안씨티㈜","2026-01-13 09:33:58","U","2026-01-15 02:40:00","주유소","238336.168452299","312670.725564733","","",
"205","석유판매업","09_28_08_P","3320000","2003332005901500014","2007-01-31","","01","영업/정상","06","휴지사업재개","","2018-04-09","2018-10-01","2018-09-21","051 3336810","998.68","","부산광역시 북구 덕천동 552-2","부산광역시 북구 금곡대로 113 (덕천동)","","새한가스(주) 명품주유소","2026-01-13 09:23:31","U","2026-01-15 02:40:00","주유소","382645.485823808","193007.3900605","","",
"206","석유판매업","09_28_08_P","5230000","1991523000401500001","1991-04-03","","02","휴업","05","사업휴지","","2026-01-12","2026-12-31","","054 655 6547","1481","","경상북도 예천군 예천읍 우계리 284-1","경상북도 예천군 예천읍 충효로 661","","우계주유소","2026-01-13 15:50:17","U","2026-01-15 02:40:00","주유소","331489.619209883","353846.812990066","","",
"207","석유판매업","09_28_08_P","4470000","2016447008101500002","2016-10-05","","01","영업/정상","07","영업개시","","","","","044-866-5848","1167","","충청북도 음성군 음성읍 신천리 107-5","충청북도 음성군 음성읍 충청대로 1235","","선인에너지(주)","2026-01-13 11:39:38","U","2026-01-15 02:40:00","주유소","261619.814941896","379881.127275341","","",
"208","석유판매업","09_28_08_P","4470000","2017447008101500002","2017-03-13","","02","휴업","05","사업휴지","","2025-04-18","2026-04-17","","","995","","충청북도 음성군 원남면 문암리 1022-10","충청북도 음성군 원남면 충청대로 116","","음성 하이테크 주유소","2026-01-13 17:31:25","U","2026-01-15 02:40:00","주유소","255175.417302102","371557.576879823","","",
"209","석유판매업","09_28_08_P","3100000","2001310009601500910","2001-03-24","","01","영업/정상","07","영업개시","","","","2016-01-04","02 9326850","","","서울특별시 노원구 중계동 366-8","서울특별시 노원구 한글비석로 268 (중계동)","","구도일주유소 불암","2026-01-13 14:42:26","U","2026-01-15 02:40:00","주유소","206746.767366038","460999.981873359","","",
"210","석유판매업","09_28_08_P","3480000","2002348000501500002","2002-12-07","","01","영업/정상","06","휴지사업재개","","","","2020-05-07","","1277","","대구광역시 달성군 다사읍 서재리 184","대구광역시 달성군 다사읍 서재로 39","","서재셀프주유소","2026-01-13 11:16:02","U","2026-01-15 02:40:00","주유소","334907.012676283","264164.877209604","","",
"211","석유판매업","09_28_08_P","3340000","2006334001701500001","2006-05-10","","03","폐업","03","폐지","2026-01-13","","","","051 2062351","1314","","부산광역시 사하구 괴정동 343-1","부산광역시 사하구 낙동대로 112 (괴정동)","","지에스칼텍스(주)동아주유소","2026-01-13 16:10:58","U","2026-01-15 02:40:00","주유소","382586.771166057","180162.795800904","","",
"212","석유판매업","09_28_08_P","3370000","2016337006901500001","2016-12-09","","02","휴업","05","사업휴지","","2025-12-31","2026-12-31","","051-851-0976","775","","부산광역시 연제구 거제동 721-1 외 1필지","부산광역시 연제구 거제대로 98 (거제동)","","감사드림주유소","2026-01-13 16:14:11","U","2026-01-15 02:40:00","주유소","","","","",
"213","석유판매업","09_28_08_P","4400000","1994440001501500004","1994-09-12","","01","영업/정상","01","신규등록","","","","","043 645 1962","1330","","충청북도 제천시 청전동 5-34","충청북도 제천시 의림대로 328 (청전동)","390-100","진우10주유소","2026-01-13 17:27:00","U","2026-01-15 02:40:00","주유소","307662.944272241","406756.371307241","","",
"214","석유판매업","09_28_08_P","3910000","1992391001401500054","2005-08-01","","01","영업/정상","06","휴지사업재개","","","","2026-01-12","031 6520557","1392.5","","경기도 평택시 청룡동 58-19","경기도 평택시 만세로 1465 (청룡동)","","삼성self주유소","2026-01-13 14:25:22","U","2026-01-15 02:40:00","주유소","211165.43283086","392353.288908642","","",
"215","석유판매업","09_28_08_P","3450000","1998345001201200057","1998-10-28","","01","영업/정상","01","신규등록","","","","","","220.6","","대구광역시 북구 복현동 41-2","대구광역시 북구 복현로34길 23-4 (복현동)","","동국에너지","2026-01-14 10:10:31","U","2026-01-16 02:40:00","일반판매소","346304.01145774","268318.561030676","","",
"216","석유판매업","09_28_08_P","4500000","2003450011001500016","2003-12-10","","03","폐업","03","폐지","2025-12-31","","","","0418536655","684","","충청남도 공주시 금성동 187","충청남도 공주시 왕릉로 129 (금성동)","","부흥주유소","2026-01-14 17:12:29","U","2026-01-16 02:40:00","주유소","210803.725483901","329268.889034246","","",
"217","석유판매업","09_28_08_P","4540000","1995454001201500045","1995-12-04","","01","영업/정상","01","신규등록","","","","","","1039","","충청남도 논산시 연산면 송정리 343","충청남도 논산시 연산면 계백로 2500","","행운주유소","2026-01-14 11:29:49","U","2026-01-16 02:40:00","주유소","220444.47453007","303377.966406904","","",
"218","석유판매업","09_28_08_P","3680000","2017368014201500001","2017-04-12","","01","영업/정상","07","영업개시","","","","","0426285185","889.2","","대전광역시 대덕구 송촌동 292-8","대전광역시 대덕구 동서대로 1787 (송촌동)","","주식회사 동서로","2026-01-14 14:04:34","U","2026-01-16 02:40:00","주유소","239772.70021231","317265.047261292","","",
"219","석유판매업","09_28_08_P","3260000","1976326004901500002","1976-05-13","","01","영업/정상","01","신규등록","","","","","051 2563929","363","","부산광역시 서구 서대신동1가 1","부산광역시 서구 구덕로 273 (서대신동1가)","49235","신일주유소","2026-01-14 11:02:04","U","2026-01-16 02:40:00","주유소","383984.869865686","180699.100923563","","",
"220","석유판매업","09_28_08_P","3260000","1982326004901500004","1982-02-17","","01","영업/정상","06","휴지사업재개","","","","2025-03-31","051 2572601","","","부산광역시 서구 남부민동 523-55","부산광역시 서구 충무대로 126 (남부민동)","49264","와이케이에너지 주식회사","2026-01-14 11:01:02","U","2026-01-16 02:40:00","주유소","384648.95585978","177719.031150996","","",
"221","석유판매업","09_28_08_P","3260000","2005326004901500004","2008-06-16","","01","영업/정상","01","신규등록","","","","","2551667","519","","부산광역시 서구 동대신동1가 107","부산광역시 서구 대영로 88 (동대신동1가)","","고려주유소 대신점","2026-01-14 10:56:08","U","2026-01-16 02:40:00","주유소","384165.123469928","180952.995643956","","",
"222","석유판매업","09_28_08_P","3260000","2008326006601500002","2008-08-06","","01","영업/정상","07","영업개시","","","","","051 242 8144","324","","부산광역시 서구 동대신동2가 206-8","부산광역시 서구 대영로 91 (동대신동2가)","49216","(주)디시에너지 대신지점","2026-01-14 17:53:58","U","2026-01-16 02:40:00","주유소","384187.653144136","181014.185272408","","",
"223","석유판매업","09_28_08_P","3260000","2009326006601500001","2009-05-07","","01","영업/정상","07","영업개시","","","","","051 231 5145","840","","부산광역시 서구 암남동 95-9","부산광역시 서구 충무대로 108 (암남동)","49264","남항대교주유소","2026-01-14 10:54:48","U","2026-01-16 02:40:00","주유소","384512.246020863","177598.362605247","","",
"224","석유판매업","09_28_08_P","3260000","2009326007001500001","2009-09-11","","01","영업/정상","07","영업개시","","","","","051-242-7719","2000","","부산광역시 서구 남부민동 689","부산광역시 서구 충무대로 240 (남부민동)","49255","피치스에너지 빙고주유소","2026-01-14 17:52:47","U","2026-01-16 02:40:00","주유소","384537.31662951","178862.732612704","","",
"225","석유판매업","09_28_08_P","3260000","1992326004901200013","1992-11-09","","01","영업/정상","01","신규등록","","","","","051 241 2575","","","부산광역시 서구 암남동 180-13","부산광역시 서구 충무대로 67 (암남동)","49265","태화연료","2026-01-14 10:53:41","U","2026-01-16 02:40:00","일반판매소","384153.58055512","177415.552228541","","",
"226","석유판매업","09_28_08_P","3260000","1994326004901200016","1994-01-25","","01","영업/정상","01","신규등록","","","","","051 255 8775","","","부산광역시 서구 부민동3가 8-1247","부산광역시 서구 해돋이로 327-1 (부민동3가)","49239","신흥석유","2026-01-14 10:59:32","U","2026-01-16 02:40:00","일반판매소","383798.198697555","180337.049688588","","",
"227","석유판매업","09_28_08_P","3260000","1998326004901200020","1998-03-30","","01","영업/정상","01","신규등록","","","","","051-248-2333","","","부산광역시 서구 남부민동 428-138","부산광역시 서구 해돋이로 57 (남부민동)","49261","SK선경 남해석유","2026-01-14 10:58:27","U","2026-01-16 02:40:00","일반판매소","384104.194976173","178030.333717603","","",
"228","석유판매업","09_28_08_P","4301000","2016430008501500002","2016-06-09","","01","영업/정상","06","휴지사업재개","","2019-01-01","2019-12-31","2019-09-03","","767","","","강원특별자치도 철원군 동송읍 오덕로 274","","(주)일송에너지 직영 일송주유소","2026-01-14 15:06:09","U","2026-01-16 02:40:00","주유소","220957.607515683","525426.705840563","","",
"229","석유판매업","09_28_08_P","5380000","2000538001001500045","2000-08-19","","01","영업/정상","01","신규등록","","","","","055 3882256","1185","","경상남도 양산시 덕계동 737-7","경상남도 양산시 웅상대로 795 (덕계동)","","대양석유(주)천마주유소","2026-01-14 09:22:04","U","2026-01-16 02:40:00","주유소","395398.215854174","210159.190428117","","",
"230","석유판매업","09_28_08_P","4900000","2007490000901500004","2007-12-17","","01","영업/정상","07","영업개시","","","","","061 373 5500","1581","","전라남도 화순군 화순읍 대리 60-1 외5필지","전라남도 화순군 화순읍 화보로 4151 (외5필지)","","남선석유(주) 화순셀프주유소","2026-01-14 10:12:27","U","2026-01-16 02:40:00","주유소","197655.861759158","173275.57321929","","",
"231","석유판매업","09_28_08_P","3780000","1996378007601100073","1996-01-17","","03","폐업","03","폐지","2026-01-14","","","","031-756-5189","905","","경기도 성남시 수정구 고등동 319-5","경기도 성남시 수정구 대왕판교로 1015 (고등동)","","판교하이웨이 주식회사","2026-01-14 09:50:56","U","2026-01-16 02:40:00","주유소","208961.808347037","436551.346517594","","",
"232","석유판매업","09_28_08_P","4820000","2004482011801500002","2004-04-08","","01","영업/정상","01","신규등록","","","","","061 755 5189","430","","전라남도 순천시 서면 압곡리 784-1","전라남도 순천시 서면 백강로 601","","톨게이트주유소","2026-01-14 20:05:32","U","2026-01-16 02:40:00","주유소","246944.902452764","165130.961235783","","",
"233","석유판매업","09_28_08_P","4860000","1980486004801200030","1980-04-26","","01","영업/정상","01","신규등록","","","","","061 363 0057","","","전라남도 곡성군 고달면 목동리 910-3","전라남도 곡성군 고달면 고주로 24","57546","곡성농협고달일반판매소","2026-01-14 09:02:14","U","2026-01-16 02:40:00","일반판매소","231037.031739359","199869.624297709","","",
"234","석유판매업","09_28_08_P","4860000","1989486004801200015","1989-08-12","","01","영업/정상","01","신규등록","","","","","061 362 6005","1050","","전라남도 곡성군 입면 창정리 98-5","전라남도 곡성군 입면 입면로 541","","입면농협주유소","2026-01-14 11:04:00","U","2026-01-16 02:40:00","주유소","217498.608411228","200785.558081697","","",
"235","석유판매업","09_28_08_P","3110000","1992311008801500021","1992-05-09","","02","휴업","05","사업휴지","","2020-06-01","2023-12-31","","02 3073314","495","","서울특별시 은평구 수색동 379-8","서울특별시 은평구 수색로 299 (수색동)","","삼융주유소","2026-01-14 10:35:56","U","2026-01-16 02:40:00","주유소","190321.180293801","453524.39376453","","",
"236","석유판매업","09_28_08_P","4080000","2006408014101500003","2006-04-18","","01","영업/정상","07","영업개시","","","","","","1300","","경기도 안성시 양성면 이현리 100-2,100-3","경기도 안성시 양성면 남북대로 2038","","원탑주유소","2026-01-14 17:34:15","U","2026-01-16 02:40:00","주유소","218896.916943936","399054.175329893","","",
"237","석유판매업","09_28_08_P","4090000","2009409020401500002","2009-02-16","","01","영업/정상","06","휴지사업재개","","","","2025-04-01","031 9837151","998","","경기도 김포시 대곶면 석정리 2-30","경기도 김포시 대곶면 대곶북로 424","","씨제이대한통운(주)초원셀프주유소","2026-01-14 13:08:31","U","2026-01-16 02:40:00","주유소","162011.368252838","464325.645174447","","",
"238","석유판매업","09_28_08_P","5530000","2007553018701500005","2007-05-14","","01","영업/정상","06","휴지사업재개","","","","2010-08-11","031 3583352","3978","","경기도 화성시 장안면 사곡리 667-11","경기도 화성시 장안면 포승향남로 1237","","(주)태양에너지화성주유소","2026-01-14 20:41:25","U","2026-01-16 02:40:00","주유소","181856.521907514","395125.525617494","","",
"239","석유판매업","09_28_08_P","5220000","2008522000901500003","2008-03-11","","01","영업/정상","07","영업개시","","","","","","1480","","경상북도 칠곡군 왜관읍 낙산리 630-1 ,629번지","경상북도 칠곡군 왜관읍 강변대로 700 (,629번지)","","대왕주유소","2026-01-14 14:50:01","U","2026-01-16 02:40:00","주유소","326541.953348691","272041.888645961","","",
"240","석유판매업","09_28_08_P","5530000","1989553012201500001","1989-09-29","","01","영업/정상","01","신규등록","","","","","031 3585759","1976","","경기도 화성시 우정읍 화산리 664-13","경기도 화성시 우정읍 기아자동차로 571","18569","기양주유소","2026-01-14 20:41:00","U","2026-01-16 02:40:00","주유소","181848.660819366","395946.299076131","","",
"241","석유판매업","09_28_08_P","4791000","1984479005301500230","1984-01-31","","01","영업/정상","07","영업개시","","","","","063-584-3455","916","","전북특별자치도 부안군 부안읍 선은리 656-5 656-10, 655-6","전북특별자치도 부안군 부안읍 석정로 87","","동부주유소","2026-01-14 10:25:09","U","2026-01-16 02:40:00","주유소","175963.236429002","248682.049996238","","",
"242","석유판매업","09_28_08_P","4731000","1992473000501500001","1992-05-13","","01","영업/정상","01","신규등록","","","","","063 432 1987","1448","","전북특별자치도 진안군 부귀면 오룡리 404-8","전북특별자치도 진안군 부귀면 전진로 2049-1","","부귀주유소","2026-01-14 14:45:44","U","2026-01-16 02:40:00","주유소","231572.488325711","258972.896143322","","",
"243","석유판매업","09_28_08_P","3310000","1993331001601500010","1993-07-30","","02","휴업","05","사업휴지","","2025-12-31","2026-12-31","","051 612 0529","1628","","부산광역시 남구 대연동 231","부산광역시 남구 황령대로 343 (대연동)","","부경에너지(주)사랑드림주유소","2026-01-14 14:03:45","U","2026-01-16 02:40:00","주유소","390911.735526845","185147.006847894","","",
"244","석유판매업","09_28_08_P","5710000","1996573000501500002","1996-01-22","","01","영업/정상","01","신규등록","","","","","043 271 4473","1149","","충청북도 청주시 흥덕구 신봉동 44-7","충청북도 청주시 흥덕구 사운로 302 (신봉동)","","새청주주유소","2026-01-14 17:49:13","U","2026-01-16 02:40:00","주유소","242055.02112649","350467.976055747","","",
"245","석유판매업","09_28_08_P","3690000","2000369005001200044","2000-07-12","","01","영업/정상","01","신규등록","","","","","052 257 1661","360","","울산광역시 중구 반구동 791-13 20호","울산광역시 중구 내황6길 55 (반구동)","","우리에너지","2026-01-14 17:09:35","U","2026-01-16 02:40:00","일반판매소","412562.219996496","230503.213815437","","",
"246","석유판매업","09_28_08_P","5350000","1995535001401500094","1995-12-11","","01","영업/정상","07","영업개시","","","","","055-335-4775","980","","경상남도 김해시 불암동 79-7","경상남도 김해시 김해대로 2757 (불암동)","","신어산주유소","2026-01-15 09:15:13","U","2026-01-17 02:40:00","주유소","375292.679602806","193438.454452558","","",
"247","석유판매업","09_28_08_P","5350000","2002535008701500141","2002-12-09","","01","영업/정상","06","휴지사업재개","","2019-10-01","2020-09-30","2019-11-01","055 332 5193","1001.3","","경상남도 김해시 동상동 498-7","경상남도 김해시 가야로 524 (동상동)","","씨제이대한통운(주) 김해탑주유소","2026-01-15 09:17:08","U","2026-01-17 02:40:00","주유소","371912.357271014","194552.425369899","","",
"248","석유판매업","09_28_08_P","5350000","2004535010101500012","2004-09-24","","01","영업/정상","07","영업개시","","","","","055 323 5180","2912","","경상남도 김해시 생림면 나전리 810-21","경상남도 김해시 생림면 생림대로 503","","동산주유소","2026-01-15 09:12:17","U","2026-01-17 02:40:00","주유소","370190.774013002","203019.389126289","","",
"249","석유판매업","09_28_08_P","3730000","1992373000001500052","1992-07-04","","01","영업/정상","06","휴지사업재개","","","","2024-05-10","0522639400","1679","","울산광역시 울주군 웅촌면 대대리 145-9","울산광역시 울주군 웅촌면 웅촌로 217 (현대오일뱅크(주)명성주유소)","","케이티엑스(주) 명성셀프주유소","2026-01-15 09:29:41","U","2026-01-17 02:40:00","주유소","399916.974947283","219172.917669623","","",
"250","석유판매업","09_28_08_P","4490000","1996449013101500138","1996-12-17","","01","영업/정상","07","영업개시","","","","","041-554-8060","1619","","충청남도 천안시 동남구 북면 오곡리 394-1","충청남도 천안시 동남구 북면 위례성로 715","","북면주유소","2026-01-15 16:21:10","U","2026-01-17 02:40:00","주유소","224308.861925687","369471.477094453","","",
"251","석유판매업","09_28_08_P","4490000","2009565000501500002","2009-08-05","","01","영업/정상","07","영업개시","","","","","041-567-5105","909","","충청남도 천안시 동남구 구룡동 509-8","충청남도 천안시 동남구 광풍로 1687 (구룡동)","","서천안IC주유소","2026-01-15 10:49:47","U","2026-01-17 02:40:00","주유소","212674.542499387","363119.651393346","","",
"252","석유판매업","09_28_08_P","4490000","1991449013101500031","1991-12-21","","01","영업/정상","06","휴지사업재개","","","","2023-04-12","041-578-9918","1124","","충청남도 천안시 동남구 봉명동 444","충청남도 천안시 동남구 쌍용대로 175 (봉명동)","","진우11주유소","2026-01-15 10:47:07","U","2026-01-17 02:40:00","주유소","211872.486125658","367974.967543721","","",
"253","석유판매업","09_28_08_P","4490000","1991449013101500068","2007-06-27","","01","영업/정상","07","영업개시","","","","","041-552-6294","1420","","충청남도 천안시 동남구 수신면 해정리 152-1","충청남도 천안시 동남구 수신면 수신로 290","","수신주유소","2026-01-15 16:40:09","U","2026-01-17 02:40:00","주유소","224709.707164003","357514.009860786","","",
"254","석유판매업","09_28_08_P","4490000","2007449013101500006","2007-11-20","","01","영업/정상","07","영업개시","","","","","041-553-2602","1418","","충청남도 천안시 동남구 목천읍 운전리 246-3","충청남도 천안시 동남구 목천읍 남부대로 1155","","동천안농협주유소","2026-01-15 16:27:09","U","2026-01-17 02:40:00","주유소","221320.237686957","362661.452160211","","",
"255","석유판매업","09_28_08_P","4490000","1985449013101500039","1985-12-10","","01","영업/정상","07","영업개시","","","","","041-566-6463","976","","충청남도 천안시 동남구 목천읍 소사리 214-5 (주)신세기오일","충청남도 천안시 동남구 목천읍 학수소사길 213","","씨앤에스유통(주) 목천주유소","2026-01-15 17:35:38","U","2026-01-17 02:40:00","주유소","215092.787210051","360356.712632359","","",
"256","석유판매업","09_28_08_P","4490000","1995449013101500100","2007-01-31","","01","영업/정상","07","영업개시","","","","","041-567-7983","1431","","충청남도 천안시 동남구 원성동 486-5","충청남도 천안시 동남구 천안대로 653 (원성동)","","원성깨비주유소","2026-01-15 10:45:25","U","2026-01-17 02:40:00","주유소","214563.808533527","367262.224860248","","",
"257","석유판매업","09_28_08_P","5600000","1995415001201500004","1995-06-29","","01","영업/정상","01","신규등록","","","","","031 535 5189","785","","경기도 포천시 내촌면 음현리 293-2","경기도 포천시 내촌면 금강로 2183","","(주)케이엘페트로 포천지점","2026-01-15 11:25:43","U","2026-01-17 02:40:00","주유소","219978.550045055","474585.080612834","","",
"258","석유판매업","09_28_08_P","3260000","1995326004901200018","1995-01-05","","01","영업/정상","01","신규등록","","","","","051247 2393","","","부산광역시 서구 아미동2가 32-58","부산광역시 서구 해돋이로 285 (아미동2가)","49240","금성석유","2026-01-15 11:19:33","U","2026-01-17 02:40:00","일반판매소","383772.955159224","179936.057343667","","",
"259","석유판매업","09_28_08_P","4040000","2019404022901500001","2019-04-16","","01","영업/정상","07","영업개시","","","","","031-354-8034","686.3","","경기도 하남시 초이동 620-2","경기도 하남시 감초로 176 (초이동)","12988","상천에너지(주) 하남풀페이 주유소","2026-01-15 10:09:38","U","2026-01-17 02:40:00","주유소","214534.639352704","447395.081825917","","",
"260","석유판매업","09_28_08_P","5670000","2009527007601500002","2009-11-18","","01","영업/정상","06","휴지사업재개","","","","2023-08-01","055 292 0166","628","","경상남도 창원시 의창구 북면 무곡리 54-12","경상남도 창원시 의창구 북면 천주로 823","","무곡주유소","2026-01-15 10:55:12","U","2026-01-17 02:40:00","주유소","345568.33454921","204235.654394725","","",
"261","석유판매업","09_28_08_P","4810000","2004481001901500007","2004-05-20","","02","휴업","05","사업휴지","","2026-01-08","2026-06-30","","061 653 3394","","","전라남도 여수시 오림동 413-8","전라남도 여수시 좌수영로 237 (오림동)","59716","하나에너지 라떼주유소","2026-01-15 17:51:30","U","2026-01-17 02:40:00","주유소","265720.334082088","140008.259699428","","",
"262","석유판매업","09_28_08_P","4251000","2016425012101500001","2016-05-24","","01","영업/정상","07","영업개시","","","","","033-434-6002","1892","","강원특별자치도 홍천군 북방면 능평리 215-3","강원특별자치도 홍천군 북방면 영서로 2903","","북방주유소","2026-01-15 11:11:52","U","2026-01-17 02:40:00","주유소","273852.648559645","468828.592967061","","",
"263","석유판매업","09_28_08_P","5050000","2008505019301500005","2008-10-27","","01","영업/정상","07","영업개시","","","","","054-773-9955","1890","","경상북도 경주시 용강동 434-5","경상북도 경주시 산업로 4484 (용강동)","","용강고속주유소","2026-01-15 17:15:45","U","2026-01-17 02:40:00","주유소","401215.097653776","266658.983492499","","",
"264","석유판매업","09_28_08_P","5050000","1995505010001500003","1995-05-26","","01","영업/정상","06","휴지사업재개","","","","2016-05-09","054-763-7676","2154","","경상북도 경주시 강동면 인동리 193-1","경상북도 경주시 강동면 산업로 5927","","(주)인동주유소","2026-01-15 13:10:58","U","2026-01-17 02:40:00","주유소","404812.225911154","278532.880315407","","",
"265","석유판매업","09_28_08_P","5050000","1976505010001500006","2007-03-28","","01","영업/정상","01","신규등록","","","","","054-741-0051","2390.6","","경상북도 경주시 동천동 936","경상북도 경주시 초당길 103 (동천동)","","새화랑주유소","2026-01-15 11:52:54","U","2026-01-17 02:40:00","주유소","401853.339522796","263038.037012257","","",
"266","석유판매업","09_28_08_P","5050000","2004505010001500002","2006-10-16","","01","영업/정상","01","신규등록","","","","","054-762-6335","2411","","경상북도 경주시 안강읍 두류리 150-16","경상북도 경주시 안강읍 호국로 2191","","(주)태산이앤엘 호반셀프주유소","2026-01-15 16:42:20","U","2026-01-17 02:40:00","주유소","394065.534934324","278359.331955611","","",
"267","석유판매업","09_28_08_P","5050000","2011505021301500002","2011-08-08","","01","영업/정상","07","영업개시","","","","","054 763 5100","1500","","경상북도 경주시 안강읍 안강리 98","경상북도 경주시 안강읍 안현로 1586","38007","안강농협주유소","2026-01-15 11:45:34","U","2026-01-17 02:40:00","주유소","400900.506293651","279688.901141036","","",
"268","석유판매업","09_28_08_P","5050000","2008505019301500002","2008-09-29","","01","영업/정상","07","영업개시","","","","","054-741-3320","1400","","경상북도 경주시 배동 355-5 359-1, 360","경상북도 경주시 반구대로 3740 (배동,359-1, 360)","","한결같은주유소","2026-01-15 13:28:03","U","2026-01-17 02:40:00","주유소","399261.970233335","258732.87728585","","",
"269","석유판매업","09_28_08_P","5050000","2014505021301500001","2014-09-30","","01","영업/정상","06","휴지사업재개","","","","","054-777-7995","1472","","경상북도 경주시 외동읍 모화리 328-4","경상북도 경주시 외동읍 산업로 1862","","조양주유소","2026-01-15 11:54:33","U","2026-01-17 02:40:00","주유소","411149.191670713","244761.052087083","","",
"270","석유판매업","09_28_08_P","5050000","2015505027301500001","2015-04-15","","01","영업/정상","01","신규등록","","","","","054-701-2252","912","","경상북도 경주시 외동읍 구어리 68-1","경상북도 경주시 외동읍 산업로 2015","","부산벙커앤오일(주) 산업로주유소","2026-01-15 11:46:24","U","2026-01-17 02:40:00","주유소","410996.173832409","246255.205366749","","",
"271","석유판매업","09_28_08_P","5050000","2018505031601500001","2018-07-05","","01","영업/정상","07","영업개시","","","","","054-705-5189","1934.36","","경상북도 경주시 강동면 모서리 739-1","경상북도 경주시 강동면 산업로 5406","38032","제이엠11주유소","2026-01-15 13:57:50","U","2026-01-17 02:40:00","주유소","402576.489764085","275465.448944125","","",
"272","석유판매업","09_28_08_P","5050000","1988505010001500001","2007-01-22","","01","영업/정상","01","신규등록","","","","","054 745 4231","6552","","경상북도 경주시 천북면 모아리 973-4","경상북도 경주시 천북면 산업로 4866 (삼일주유소)","","삼일주유소","2026-01-15 17:07:34","U","2026-01-17 02:40:00","주유소","402306.12500492","270219.160322522","","",
"273","석유판매업","09_28_08_P","5050000","2003505010001500002","2005-12-28","","01","영업/정상","01","신규등록","","","","","054-751-7717","1531","","경상북도 경주시 건천읍 천포리 1061-1","경상북도 경주시 건천읍 단석로 1855","","신경주ic주유소","2026-01-15 17:08:40","U","2026-01-17 02:40:00","주유소","388617.061638285","262149.027931224","","",
"274","석유판매업","09_28_08_P","5050000","2000505010001500004","2000-12-14","","01","영업/정상","01","신규등록","","","","","054 776 5050","704","","경상북도 경주시 황성동 1053-263","경상북도 경주시 유림로5번길 85-4 (황성동)","","(주)협신로지스","2026-01-15 16:27:19","U","2026-01-17 02:40:00","주유소","400256.781049761","266588.003884302","","",
"275","석유판매업","09_28_08_P","5050000","2002505010001500001","2002-04-17","","01","영업/정상","01","신규등록","","","","","054-773-5801","1075","","경상북도 경주시 외동읍 모화리 264-1 265-5번지, 266-6번지","경상북도 경주시 외동읍 산업로 1788","","모화주유소","2026-01-15 13:50:30","U","2026-01-17 02:40:00","주유소","411427.33637735","244130.073564264","","",
"276","석유판매업","09_28_08_P","5050000","1994505010001500015","1994-09-14","","01","영업/정상","01","신규등록","","","","","054-748-5180","1496","","경상북도 경주시 효현동 983-2","경상북도 경주시 태종로 126 (효현동)","","남강주유소","2026-01-15 17:11:39","U","2026-01-17 02:40:00","주유소","394902.620391015","260572.862287844","","",
"277","석유판매업","09_28_08_P","5050000","1994505010001500003","1994-04-24","","01","영업/정상","01","신규등록","","","","","054-763-5555","396.7","","경상북도 경주시 안강읍 산대리 2416-8","경상북도 경주시 안강읍 구부랑길 35","","산대주유소","2026-01-15 17:30:52","U","2026-01-17 02:40:00","주유소","397976.720591945","280045.330218425","","",
"278","석유판매업","09_28_08_P","5050000","2007505017901500001","2008-08-06","","01","영업/정상","07","영업개시","","","","","054-775-7600","805","","경상북도 경주시 동천동 598-1","경상북도 경주시 양정로 187 (동천동)","","동천주유소","2026-01-15 13:28:57","U","2026-01-17 02:40:00","주유소","400785.890160869","263348.714999731","","",
"279","석유판매업","09_28_08_P","5050000","2006505010001500002","2006-11-02","","01","영업/정상","07","영업개시","","","","","054-751-9866","1836","","경상북도 경주시 건천읍 송선리 879-4외1","경상북도 경주시 건천읍 단석로 1631-12","","송선주유소","2026-01-15 17:22:19","U","2026-01-17 02:40:00","주유소","387230.169619419","260600.70924751","","",
"280","석유판매업","09_28_08_P","5050000","1993505010001500014","2005-10-27","","01","영업/정상","07","영업개시","","","","","054-773-0237","","","경상북도 경주시 용강동 1116-1 1116-5번지","경상북도 경주시 산업로 4266 (용강동)","","케이케이(주) 경포주유소","2026-01-15 13:25:58","U","2026-01-17 02:40:00","주유소","401124.447590529","264610.177978578","","",
"281","석유판매업","09_28_08_P","5050000","1991505010001500003","1991-12-06","","01","영업/정상","06","휴지사업재개","","","","2012-01-01","054-777-3923","2493","","경상북도 경주시 탑동 468-3","경상북도 경주시 포석로 840 (탑동)","","나정주유소","2026-01-15 17:19:46","U","2026-01-17 02:40:00","주유소","399722.705509156","259565.774298212","","",
"282","석유판매업","09_28_08_P","5050000","1990505010001500005","2005-05-23","","01","영업/정상","07","영업개시","","2013-03-13","2014-03-12","","054-763-4157","2322","","경상북도 경주시 안강읍 산대리 1528-8","경상북도 경주시 안강읍 안강중앙로 18","","해동주유소","2026-01-15 16:25:52","U","2026-01-17 02:40:00","주유소","398520.689778738","279535.247937017","","",
"283","석유판매업","09_28_08_P","5050000","1981505010001500004","1981-07-06","","01","영업/정상","01","신규등록","","","","","054-751-1054","","","경상북도 경주시 서면 아화리 389-4","경상북도 경주시 서면 내서로 434","","서면주유소","2026-01-15 16:36:26","U","2026-01-17 02:40:00","주유소","385076.69792086","267790.309294529","","",
"284","석유판매업","09_28_08_P","5050000","2004505010001500005","2004-06-16","","01","영업/정상","01","신규등록","","","","","054-751-8030","1482","","경상북도 경주시 서면 아화리 716-4,산12-9","경상북도 경주시 서면 대경로 3004","","아화만남주유소","2026-01-15 17:17:58","U","2026-01-17 02:40:00","주유소","384256.808791531","268770.898911311","","",
"285","석유판매업","09_28_08_P","5050000","1992505010001500014","1992-10-19","","01","영업/정상","01","신규등록","","","","","054-776-4951","1311","","경상북도 경주시 천북면 신당리 1134-1","경상북도 경주시 천북면 신당길 14","","대우주유소","2026-01-15 17:34:51","U","2026-01-17 02:40:00","주유소","402205.746613851","268945.124065706","","",
"286","석유판매업","09_28_08_P","5050000","2007505016301500007","2008-09-03","","01","영업/정상","07","영업개시","","","","","054-742-9599","3704","","경상북도 경주시 충효동 1534 외 3필지","경상북도 경주시 태종로 315 (충효동)","","(주)금아리무진 행복주유소","2026-01-15 13:09:55","U","2026-01-17 02:40:00","주유소","395588.162662465","262295.160969913","","",
"287","석유판매업","09_28_08_P","5050000","2007505016301500009","2007-08-13","","01","영업/정상","01","신규등록","","","","","054-753-1116","1363","","경상북도 경주시 서면 심곡리 990-1","경상북도 경주시 서면 대경로 3189","","북안IC주유소","2026-01-15 13:31:05","U","2026-01-17 02:40:00","주유소","385807.482766866","268344.708178387","","",
"288","석유판매업","09_28_08_P","5050000","1982505010001500002","1982-01-12","","01","영업/정상","01","신규등록","","","","","054-748-4270","","","경상북도 경주시 광명동 367-2","경상북도 경주시 대경로 4412 (광명동)","","광명주유소","2026-01-15 11:37:05","U","2026-01-17 02:40:00","주유소","394045.131348345","259740.561871431","","",
"289","석유판매업","09_28_08_P","5050000","2005505010001500016","2005-11-16","","01","영업/정상","06","휴지사업재개","","2017-02-23","2018-02-22","2017-04-30","054-744-8897","1230","","경상북도 경주시 사정동 436-2,436-3","경상북도 경주시 첨성로 13 (사정동)","","행운주유소","2026-01-15 17:06:34","U","2026-01-17 02:40:00","주유소","399053.360872475","261466.719045049","","",
"290","석유판매업","09_28_08_P","5050000","2005505010001500010","2007-01-02","","01","영업/정상","07","영업개시","","","","","054-771-5117","729","","경상북도 경주시 감포읍 대본리 33-1","경상북도 경주시 감포읍 동해안로 1764","","대신주유소","2026-01-15 17:05:26","U","2026-01-17 02:40:00","주유소","425418.275425322","254692.116424799","","",
"291","석유판매업","09_28_08_P","5050000","1993505010001500008","1993-05-24","","01","영업/정상","01","신규등록","","","","","054-748-1177","4966.21","","경상북도 경주시 동방동 269-1","경상북도 경주시 산업로 3533 (동방동)","","서라벌셀프주유소","2026-01-15 13:30:04","U","2026-01-17 02:40:00","주유소","404187.880381301","258665.625655613","","",
"292","석유판매업","09_28_08_P","5050000","1993505010001500006","1993-09-15","","01","영업/정상","01","신규등록","","","","","054 746 8794","","","경상북도 경주시 외동읍 구어리 308-3","경상북도 경주시 외동읍 산업로 2168","","울산주유소","2026-01-15 17:32:08","U","2026-01-17 02:40:00","주유소","410524.729630271","247729.758706896","","",
"293","석유판매업","09_28_08_P","5050000","1993505010001500010","1993-06-30","","01","영업/정상","01","신규등록","","","","","054-742-6100","428.8","","경상북도 경주시 성건동 697-6","경상북도 경주시 금성로 395 (성건동)","","해동주유소","2026-01-15 16:39:24","U","2026-01-17 02:40:00","주유소","399265.62790833","263690.306209726","","",
"294","석유판매업","09_28_08_P","5340000","2004534001601500067","2004-08-09","","01","영업/정상","01","신규등록","","","","","055 8525189","1094","","경상남도 사천시 사천읍 수석리 343-2","경상남도 사천시 사천읍 사천대로 1851","","인산주유소","2026-01-15 09:32:57","U","2026-01-17 02:40:00","주유소","298703.715460127","176415.002993911","","",
"295","석유판매업","09_28_08_P","4820000","1991482001301500039","1991-11-27","","01","영업/정상","06","휴지사업재개","","","","","061 742 5182","2120","","전라남도 순천시 별량면 구룡리 295-1","전라남도 순천시 별량면 녹색로 456","58033","사계절주유소","2026-01-15 13:04:43","U","2026-01-17 02:40:00","주유소","238791.218594118","149256.418123154","","",
"296","석유판매업","09_28_08_P","4820000","1999482015201200059","1999-10-06","","01","영업/정상","01","신규등록","","","","","061-723-5190","","","전라남도 순천시 해룡면 남가리 157-1","전라남도 순천시 해룡면 남가2길 5","","강남석유","2026-01-15 10:21:21","U","2026-01-17 02:40:00","일반판매소","249793.854753118","158390.104266889","","",
"297","석유판매업","09_28_08_P","4820000","1990482015201200011","1990-04-30","","01","영업/정상","01","신규등록","","","","","061-754-0005","","","전라남도 순천시 황전면 괴목리 16","","","동광석유","2026-01-15 10:15:12","U","2026-01-17 02:40:00","일반판매소","","","","",
"298","석유판매업","09_28_08_P","4820000","2016482024901200001","2016-07-08","","01","영업/정상","07","영업개시","","","","","061-754-9944","148","","전라남도 순천시 송광면 장안리 1604-1","전라남도 순천시 송광면 장안길 66","57914","송광석유","2026-01-15 10:22:37","U","2026-01-17 02:40:00","일반판매소","225839.765096326","162772.018511261","","",
"299","석유판매업","09_28_08_P","5050000","1987505010001500005","2004-11-16","","01","영업/정상","01","신규등록","","","","","054-775-4020","969","","경상북도 경주시 황성동 442-3","경상북도 경주시 용담로 96 (황성동)","","(주)휴먼테크 황성주유소","2026-01-15 16:34:46","U","2026-01-17 02:40:00","주유소","399672.065325743","264937.382064311","","",
"300","석유판매업","09_28_08_P","4820000","1986482015201200003","1986-09-17","","01","영업/정상","01","신규등록","","","","","061-724-3011","","","전라남도 순천시 해룡면 월전리 407","전라남도 순천시 해룡면 해룡로 1129","","순천농협해룡지점","2026-01-15 10:18:31","U","2026-01-17 02:40:00","일반판매소","248962.78131101","157450.262255101","","",
"301","석유판매업","09_28_08_P","4820000","1987482015201200005","1987-10-05","","01","영업/정상","01","신규등록","","","","","061-754-4024","","","전라남도 순천시 송광면 이읍리 14-1","전라남도 순천시 송광면 쌍향수길 1336","","순천농협송광지점","2026-01-15 10:18:10","U","2026-01-17 02:40:00","일반판매소","224066.419971986","163896.424030984","","",
"302","석유판매업","09_28_08_P","4930000","1990493000801500007","1990-09-14","","01","영업/정상","01","신규등록","","","","","061 5352101","1485","","전라남도 해남군 해남읍 백야리 264-5","전라남도 해남군 해남읍 해남화산로 139","","에이치디현대오일뱅크(주)직영 천지주유소","2026-01-15 14:42:22","U","2026-01-17 02:40:00","주유소","161012.816065366","116735.302915682","","",
"303","석유판매업","09_28_08_P","5050000","1996505010001500010","1996-01-15","","01","영업/정상","01","신규등록","","","","","054 7460026","682","","경상북도 경주시 구정동 76-1","경상북도 경주시 불국로 87 (구정동)","","국제주유소","2026-01-15 13:06:37","U","2026-01-17 02:40:00","주유소","408202.778309697","255975.366732985","","",
"304","석유판매업","09_28_08_P","5050000","1997505010001500003","1997-04-08","","01","영업/정상","01","신규등록","","","","","054-776-4270","1780","","경상북도 경주시 천북면 모아리 575","경상북도 경주시 천북면 산업로 4965","","재인에너지(주) 동국고속주유소","2026-01-15 17:03:28","U","2026-01-17 02:40:00","주유소","402515.58810756","271141.805019845","","",
"305","석유판매업","09_28_08_P","5340000","1993534001601500004","1993-08-09","","01","영업/정상","07","영업개시","","","","","055 8523300","784","","경상남도 사천시 사천읍 구암리 1681-1","경상남도 사천시 사천읍 사천대로 1986","","하얀100사천주유소","2026-01-15 09:14:45","U","2026-01-17 02:40:00","주유소","299195.346462863","177606.243401154","","",
"306","석유판매업","09_28_08_P","5050000","2018505031601500002","2018-08-31","","01","영업/정상","06","휴지사업재개","","","","2022-11-10","054-777-7618","3101","","경상북도 경주시 율동 915-1","경상북도 경주시 대경로 4604 (율동)","38188","새천년주유소","2026-01-15 13:07:50","U","2026-01-17 02:40:00","주유소","395940.944154987","259514.50258367","","",
"307","석유판매업","09_28_08_P","4090000","2010409020401500003","2010-08-31","","01","영업/정상","01","신규등록","","","","","0319985149","","","경기도 김포시 대곶면 대능리 86","경기도 김포시 대곶면 대곶남로 560","","주식회사 광역주유소 대능점","2026-01-15 16:00:21","U","2026-01-17 02:40:00","주유소","165131.220249162","459492.859186651","","",
"308","석유판매업","09_28_08_P","3740000","1984374001101500005","1984-03-19","","01","영업/정상","01","신규등록","","","","","0312955 185","1461","","경기도 수원시 권선구 서둔동 247-25","경기도 수원시 권선구 수인로 173 (서둔동)","","(주)한미석유 진흥주유소","2026-01-15 14:18:43","U","2026-01-17 02:40:00","주유소","198166.264725001","419277.641506192","","",
"309","석유판매업","09_28_08_P","3720000","2020372016101500001","2020-06-29","","02","휴업","05","사업휴지","","2024-08-13","2026-07-01","","052 293 5979","1332.67","","울산광역시 북구 산하동 산 119","울산광역시 북구 동해안로 1845-252 (산하동)","44233","강동에너지솔루션","2026-01-15 13:33:32","U","2026-01-17 02:40:00","주유소","","","","",
"310","석유판매업","09_28_08_P","3290000","2000329001301500051","2000-02-01","","02","휴업","05","사업휴지","","2026-01-15","2027-01-14","","051 818 4419","860","","부산광역시 부산진구 범천동 997-3","부산광역시 부산진구 신천대로 85 (범천동)","","광신석유(주) 범천주유소","2026-01-15 14:31:12","U","2026-01-17 02:40:00","주유소","387265.511160096","185446.788273205","","",
"311","석유판매업","09_28_08_P","5050000","2020505035201500001","2020-09-07","","01","영업/정상","07","영업개시","","","","","054-771-4471","1305","","경상북도 경주시 외동읍 녹동리 195","경상북도 경주시 외동읍 관문로 875","38206","녹동주유소","2026-01-15 16:43:17","U","2026-01-17 02:40:00","주유소","407688.623953455","241996.885200941","","",
"312","석유판매업","09_28_08_P","3360000","2018336014501500002","2018-10-12","","01","영업/정상","06","휴지사업재개","","","","2026-01-16","051-973-7583","1500","","부산광역시 강서구 죽동동 41-34","부산광역시 강서구 호계로 200 (죽동동)","46707","퍼시픽㈜송산주유소","2026-01-15 17:27:56","U","2026-01-17 02:40:00","주유소","372118.375269352","191612.294997095","","",
"313","석유판매업","09_28_08_P","5710000","1997436000901200006","1997-08-30","","01","영업/정상","07","영업개시","","","","","","","","충청북도 청주시 서원구 미평동 172","충청북도 청주시 서원구 청남로1847번길 85 (미평동)","","금성석유","2026-01-15 14:37:58","U","2026-01-17 02:40:00","일반판매소","242019.934626372","344474.334695744","","",
"314","석유판매업","09_28_08_P","5050000","2022505035201500001","2022-07-25","","01","영업/정상","01","신규등록","","","","","054-762-5155","839","","경상북도 경주시 안강읍 산대리 1825-24","경상북도 경주시 안강읍 안강중앙로 115, 안강센트럴주유소","38010","안강센트럴주유소","2026-01-15 13:08:19","U","2026-01-17 02:40:00","주유소","399471.086141918","279342.394795994","","",
