"번호","개방서비스명","개방서비스아이디","개방자치단체코드","관리번호","인허가일자","인허가취소일자","영업상태구분코드","영업상태명","상세영업상태코드","상세영업상태명","폐업일자","휴업시작일자","휴업종료일자","재개업일자","소재지전화","소재지면적","소재지우편번호","소재지전체주소","도로명전체주소","도로명우편번호","사업장명","최종수정시점","데이터갱신구분","데이터갱신일자","업태구분명","좌표정보x(epsg5174)","좌표정보y(epsg5174)","점포구분명",
"1","대규모점포","08_25_01_P","4691000","2025469107607500001","2025-12-31","","01","영업/정상","1","정상영업","","","","","063-570-2500","11219.01","","전북특별자치도 정읍시 농소동 446-1 롯데마트","전북특별자치도 정읍시 벚꽃로 85, 롯데마트 (농소동)","56156","롯데쇼핑(주) 롯데마트 정읍점","2025-12-31 18:00:40","I","2026-01-03 00:20:02","대형마트","185466.212511596","231110.263474669","대규모점포",
"2","대규모점포","08_25_01_P","5350000","2013535019607500001","2013-07-03","","01","영업/정상","1","정상영업","","","","","055 340 2802","11249.63","621-010","경상남도 김해시 부원동  부원역세권지구 A-1블럭","경상남도 김해시 김해대로 2330 (부원동)","621-907","롯데쇼핑(주) 롯데마트 김해점","2025-12-31 11:28:16","U","2026-01-03 02:40:00","대형마트","371275.452046503","193430.416033372","대규모점포",
"3","대규모점포","08_25_01_P","4800000","2002480001307500012","2002-05-16","","01","영업/정상","1","정상영업","","2021-09-23","2022-01-30","","061 2802542","10361.1","","전라남도 목포시 상동 1134호","전라남도 목포시 원형서로 15 (상동)","530-826","롯데쇼핑(주)롯데마트맥스 목포점","2025-12-31 15:18:37","U","2026-01-03 02:40:00","대형마트","147706.171172646","144446.120390505","대규모점포",
"4","대규모점포","08_25_01_P","3150000","2008315012307500001","2008-10-31","","02","휴업","2","휴업처리","","2025-12-28","2026-12-27","","02-2063-2080","10037","157-202","서울특별시 강서구 가양동 18번지 24호","서울특별시 강서구 양천로 431 (가양동, 홈플러스)","157-800","홈플러스(주) 가양점","2025-12-31 09:22:21","U","2026-01-03 02:40:00","대형마트","186687.131804431","451342.773451086","대규모점포",
"5","대규모점포","08_25_01_P","3210000","2015321015507500001","2015-02-03","","01","영업/정상","1","정상영업","","","","","02-2145-8000","12066.12","","서울특별시 서초구 서초동 1498-5 마제스타시티, 힐스테이트 서리풀","서울특별시 서초구 서초대로38길 12 (서초동, 마제스타시티, 힐스테이트 서리풀)","06655","롯데쇼핑(주) 롯데마트 서초점","2025-12-31 10:44:38","U","2026-01-03 02:40:00","복합쇼핑몰","200440.010811975","443124.671418408","대규모점포",
"6","대규모점포","08_25_01_P","3630000","2002363004107500001","2002-10-18","","01","영업/정상","1","정상영업","","","","","062-962-2500","8467.14","","광주광역시 광산구 쌍암동 694번지 3호","광주광역시 광산구 첨단강변로99번길 22 (쌍암동, 롯데마트)","62279","롯데쇼핑(주)롯데마트첨단점","2025-12-31 14:04:33","U","2026-01-03 02:40:00","복합쇼핑몰","186442.331564071","190821.237685395","대규모점포",
"7","대규모점포","08_25_01_P","3630000","2009363008007500002","2009-09-22","","01","영업/정상","1","정상영업","","","","","062-975-2522","8499","506-251","광주광역시 광산구 장덕동 1678번지 1호","광주광역시 광산구 장신로 98 (장덕동)","506-859","롯데쇼핑(주) 롯데마트 수완점","2025-12-31 14:05:20","U","2026-01-03 02:40:00","대형마트","183530.641093884","187845.528746071","대규모점포",
"8","대규모점포","08_25_01_P","3740000","2015374030907500004","2000-11-13","","02","휴업","2","휴업처리","","2025-12-28","2026-12-25","","031-252-2080","9326.64","","경기도 수원시 영통구 원천동 177번지 1호","경기도 수원시 영통구 중부대로 437 (원천동)","16513","홈플러스(주) 원천점","2025-12-31 17:05:19","U","2026-01-03 02:40:00","대형마트","205572.586871555","418683.704929064","대규모점포",
"9","대규모점포","08_25_01_P","3740000","2011374017307500004","2002-12-05","","01","영업/정상","1","정상영업","","","","","031-246-9092","1482.6","","","경기도 수원시 장안구 정자천로 187 (정자동)","440-301","롯데쇼핑(주) 롯데슈퍼 정자점","2025-12-31 17:21:45","U","2026-01-03 02:40:00","구분없음","199524.963492432","421620.627876998","준대규모점포",
"10","대규모점포","08_25_01_P","3740000","2011374017307500010","2009-07-10","","01","영업/정상","1","정상영업","","","","","031-217-5604","402","442-828","경기도 수원시 팔달구 인계동 362번지","경기도 수원시 팔달구 권광로 262 (인계동)","442-828","롯데쇼핑(주) 롯데슈퍼 인계점","2025-12-31 17:14:22","U","2026-01-03 02:40:00","구분없음","203100.01965872","418750.284714679","준대규모점포",
"11","대규모점포","08_25_01_P","3740000","2011374017307500012","2010-02-27","","01","영업/정상","1","정상영업","","","","","031-216-5603","253.8","","","경기도 수원시 팔달구 중부대로143번길 39 (우만동)","442-191","롯데쇼핑(주) 롯데슈퍼 우만점","2025-12-31 17:22:15","U","2026-01-03 02:40:00","구분없음","202779.748295951","419781.817002439","준대규모점포",
"12","대규모점포","08_25_01_P","4641000","2004464027907500001","2004-05-21","","01","영업/정상","1","정상영업","","","","","063-289-3611","28179","","전북특별자치도 전주시완산구 서신동 971호","전북특별자치도 전주시 완산구 온고을로 2 (서신동)","","롯데쇼핑(주) 롯데백화점 전주점","2026-01-01 06:37:08","U","2026-01-03 02:40:00","백화점","210932.176422652","259384.667767568","대규모점포",
"13","대규모점포","08_25_01_P","3630000","2012363017007500001","2012-02-23","","01","영업/정상","1","정상영업","","","","","062-616-2013","24715.98","506-251","광주광역시 광산구 장덕동 1678번지","광주광역시 광산구 장신로 98 (장덕동)","506-251","롯데쇼핑(주)롯데아울렛 수완점","2025-12-31 14:04:58","U","2026-01-03 02:40:00","쇼핑센터","183530.641093884","187845.528746071","대규모점포",
"14","대규모점포","08_25_01_P","5670000","2012567035807500001","2012-05-02","","01","영업/정상","1","정상영업","","","","","02-2145-8473","15537.26","","경상남도 창원시 마산회원구 양덕동 84번지 14호","경상남도 창원시 마산회원구 삼호로 80 (양덕동)","51322","롯데쇼핑(주) 롯데마트 양덕점","2025-12-31 07:46:58","U","2026-01-03 02:40:00","대형마트","344258.629103871","192909.719460689","대규모점포",
"15","대규모점포","08_25_01_P","5670000","2010567002307500001","2010-12-15","","01","영업/정상","1","정상영업","","","","","0552402500","13646","642-030","경상남도 창원시 성산구 중앙동 92번지","경상남도 창원시 성산구 중앙대로 123 (중앙동)","642-845","롯데쇼핑(주) 롯데마트맥스 창원중앙점","2025-12-31 07:31:40","U","2026-01-03 02:40:00","복합쇼핑몰","352898.792946041","193096.389570807","대규모점포",
"16","대규모점포","08_25_01_P","5670000","2002528011707500001","2002-04-13","","01","영업/정상","1","정상영업","","","","","055 230 2523","9420.86","","경상남도 마산시 창포동1가 8번지 1호","경상남도 창원시 마산합포구 신마산시장길 33 (창포동3가)","631-343","롯데쇼핑(주) 롯데마트 마산점","2025-12-31 07:24:32","U","2026-01-03 02:40:00","구분없음","342094.201087284","188019.880247417","대규모점포",
"17","대규모점포","08_25_01_P","5670000","2008527018207500001","2008-06-02","","01","영업/정상","1","정상영업","","","","","055-385-2500","10040.05","","경상남도 창원시 성산구 대원동 121 더시티세븐","경상남도 창원시 성산구 원이대로 320, 더시티세븐 (대원동)","51408","롯데쇼핑(주) 롯데마트 시티세븐점","2025-12-31 07:26:57","U","2026-01-03 02:40:00","대형마트","350381.455011533","194669.203835745","대규모점포",
"18","대규모점포","08_25_01_P","4530000","2014453023307500001","2002-03-06","","01","영업/정상","1","정상영업","","","","","041-661-0005","8324.71","","충청남도 서산시 예천동 508-10","충청남도 서산시 충의로 27 (예천동)","31988","롯데쇼핑(주)롯데마트서산점","2025-12-31 11:12:52","U","2026-01-03 02:40:00","대형마트","149832.159460757","363740.98236237","대규모점포",
"19","대규모점포","08_25_01_P","4070000","2013407008807500002","2013-08-06","","01","영업/정상","1","정상영업","","","","","031-640-0521","69930","467-821","경기도 이천시 호법면 단천리 산 48번지 1호","경기도 이천시 호법면 프리미엄아울렛로 177-74","467-821","롯데쇼핑(주) 프리미엄아울렛 이천점","2025-12-31 14:13:45","U","2026-01-03 02:40:00","복합쇼핑몰","235461.813044175","415640.639277805","대규모점포",
"20","대규모점포","08_25_01_P","4170000","2018417013407500001","2018-03-07","","01","영업/정상","1","정상영업","","","","","02-2145-8000","6085.75","","경기도 양평군 양평읍 공흥리 468-33 롯데마트","경기도 양평군 양평읍 남북로 76, 롯데마트","12560","롯데쇼핑(주)롯데마트 경기양평점","2026-01-02 14:59:43","U","2026-01-04 02:40:00","그 밖의 대규모점포","244381.267486222","443145.649076961","대규모점포",
"21","대규모점포","08_25_01_P","3420000","2010342009007500001","2010-07-13","","01","영업/정상","1","정상영업","","","","","053-965-9250","25448.82","701-220","대구광역시 동구 율하동 1117번지","대구광역시 동구 안심로 80 (율하동)","701-847","롯데쇼핑프라자 율하점","2026-01-02 09:33:51","U","2026-01-04 02:40:00","쇼핑센터","352868.53664899","264480.565484064","대규모점포",
"22","대규모점포","08_25_01_P","3420000","2011342011107500001","2011-04-26","","01","영업/정상","1","정상영업","","","","","945-2500","27231.15","701-170","대구광역시 동구 봉무동 1545번지","대구광역시 동구 팔공로49길 16 (봉무동)","701-170","롯데아울렛 이시아폴리스점","2026-01-02 09:17:26","U","2026-01-04 02:40:00","쇼핑센터","347690.434441289","270271.225719383","대규모점포",
"23","대규모점포","08_25_01_P","4950000","2016495010907500001","2016-11-08","","01","영업/정상","1","정상영업","","","","","02-2118-6854","36551.21","","전라남도 무안군 삼향읍 남악리 2622번지","전라남도 무안군 삼향읍 남악로162번길 80","58579","롯데쇼핑(주) 남악점","2026-01-02 18:07:27","U","2026-01-04 02:40:00","복합쇼핑몰","150976.298714347","145015.31300588","대규모점포",
"24","대규모점포","08_25_01_P","3200000","2012320019107500002","1997-11-07","","01","영업/정상","1","정상영업","","","","","02-3289-8728","21711.05","151-718","서울특별시 관악구 보라매동 729호 22통 롯데백화점","서울특별시  봉천로 209","151-718","롯데쇼핑(주) 관악점","2026-01-02 14:08:11","U","2026-01-04 02:40:00","복합쇼핑몰","193301.885808714","443151.561302292","대규모점포",
"25","대규모점포","08_25_01_P","3050000","2025305021007500003","2025-12-24","","01","영업/정상","1","정상영업","","","","","02-2006-2364","195","","서울특별시 동대문구 이문동 149-8 근린생활시설 2동 101호","서울특별시 동대문구 이문로 120 (이문동)","02418","GS THE FRESH 이문파크자이점","2026-01-02 09:40:22","U","2026-01-04 02:40:00","구분없음","205541.211931615","455132.605075423","준대규모점포",
"26","대규모점포","08_25_01_P","3740000","2003374001107500007","2003-11-20","","01","영업/정상","1","정상영업","","","","","031-240-2500","6535.57","","경기도 수원시장안구 천천동 525호","경기도 수원시 장안구 만석로19번길 25-10 (천천동)","","롯데쇼핑(주) 롯데마트 천천점","2026-01-02 13:36:54","U","2026-01-04 02:40:00","대형마트","198351.916669296","421604.975940414","대규모점포",
"27","대규모점포","08_25_01_P","3740000","2012374017307500001","2012-03-27","","01","영업/정상","1","정상영업","","","","","02-2145-8474","13912.61","","경기도 수원시 영통구 이의동 1332 광교C1 호반베르디움, Summit Place광교","경기도 수원시 영통구 센트럴타운로 85(이의동, 광교C1 호반베르디움, Summit Place광교)","16507","롯데쇼핑(주) 롯데마트 광교점","2026-01-02 13:36:39","U","2026-01-04 02:40:00","대형마트","204409.226022404","420967.617798492","대규모점포",
"28","대규모점포","08_25_01_P","3520000","2025352024107500001","2025-05-12","","01","영업/정상","1","정상영업","","","","","032-810-2500","9196.74","","인천광역시 연수구 청학동 502-4 롯데마트 연수점","인천광역시 연수구 청능대로 87, 롯데마트 연수점 (청학동)","21926","롯데마트 연수점","2026-01-02 15:34:30","U","2026-01-04 02:40:00","대형마트","171173.885129435","434824.628551534","대규모점포",
"29","대규모점포","08_25_01_P","3520000","2025352024107500002","2025-05-12","","01","영업/정상","1","정상영업","","","","","032-222-2523","10874","","인천광역시 연수구 송도동 6-11 롯데마트","인천광역시 연수구 컨벤시아대로 177, 롯데마트 (송도동)","21998","롯데마트 송도점","2026-01-02 15:34:10","U","2026-01-04 02:40:00","대형마트","168348.646973511","431855.205739156","대규모점포",
"30","대규모점포","08_25_01_P","4050000","2012405028807500002","2012-01-18","","01","영업/정상","1","정상영업","","","","","0313385601","1872","449-924","경기도 용인시 처인구 김량장동 13번지","경기도 용인시 처인구 백옥대로 1066 (김량장동)","449-924","롯데슈퍼 용인점","2026-01-02 18:54:41","U","2026-01-04 02:40:00","복합쇼핑몰","218609.119199767","414323.727786853","준대규모점포",
"31","대규모점포","08_25_01_P","4050000","2012405028807500003","2012-05-04","","01","영업/정상","1","정상영업","","","","","02-2145-8470","15152.38","446-597","경기도 용인시 기흥구 신갈동 62번지","경기도 용인시 기흥구 신갈로58번길 16 (신갈동)","446-597","롯데쇼핑(주) 롯데마트 신갈점","2026-01-02 18:55:23","U","2026-01-04 02:40:00","대형마트","209459.248962457","418917.232336063","대규모점포",
"32","대규모점포","08_25_01_P","3270000","2006327006407500001","2006-02-16","","01","영업/정상","1","정상영업","","","","1979-12-24","051  6459691","2511.4","601-806","부산광역시 동구 범일2동 290번지 3호","부산광역시 동구 범일로65번길 8 (범일동)","601-806","사단법인 부산남문시장번영회","2026-01-05 09:48:52","U","2026-01-07 02:40:00","그 밖의 대규모점포","387566.848456349","183802.134192251","대규모점포",
"33","대규모점포","08_25_01_P","5080000","2005508013307500003","2005-12-21","","01","영업/정상","1","정상영업","","","","","054 440 2501","21521","","경상북도 구미시 신평동 465호","경상북도 구미시 구미대로22길 11 (신평동)","730-071","롯데쇼핑(주)롯데마트구미점","2026-01-05 10:43:50","U","2026-01-07 02:40:00","복합쇼핑몰","322854.380277954","291225.602303128","대규모점포",
"34","대규모점포","08_25_01_P","3940000","2009394017807500002","1996-10-10","","01","영업/정상","1","정상영업","","","","","031-930-7008","11214.7","","경기도 고양시 덕양구 행신동 941 롯데마트 고양점","경기도 고양시 덕양구 충장로 150, 및 중앙로558번길 21 (행신동)","10495","롯데쇼핑(주) 롯데마트 고양점","2026-01-05 13:24:20","U","2026-01-07 02:40:00","대형마트","185469.285638831","458105.907013269","대규모점포",
"35","대규모점포","08_25_01_P","3940000","2000394000007500023","2000-01-10","","01","영업/정상","1","정상영업","","","","","910-3312,3315,3323","9665","","경기도 고양시일산서구 주엽동 15호","경기도 고양시 일산서구 중앙로 1496 (주엽동, 문촌마을11단지아파트)","411-748","롯데쇼핑(주) 롯데마트 주엽점","2026-01-05 13:24:47","U","2026-01-07 02:40:00","대형마트","178348.883331191","463464.183725362","대규모점포",
"36","대규모점포","08_25_01_P","3940000","2001394005707500024","2001-05-26","","01","영업/정상","1","정상영업","","","","","947-2500, 930-2011","6916.04","","경기도 고양시덕양구 화정동 982호","경기도 고양시 덕양구 화중로 66 (화정동)","412-827","롯데쇼핑(주) 롯데마트 화정점","2026-01-05 10:49:57","U","2026-01-07 02:40:00","대형마트","185024.681774615","458969.125315118","대규모점포",
"37","대규모점포","08_25_01_P","3000000","2003300007607500003","2003-10-20","","01","영업/정상","1","정상영업","","","","","0222770114","4612.66","110-126","서울특별시 종로구 종로6가 289번지 57호","서울특별시 종로구 종로 272 (종로6가)","110-126","동대문종합시장 신관","2026-01-05 13:50:49","U","2026-01-07 02:40:00","복합쇼핑몰","200647.01325068","452054.764927519","대규모점포",
"38","대규모점포","08_25_01_P","5530000","2020553038907500001","2020-05-08","","01","영업/정상","1","정상영업","","","","","031-320-4298","76978.9","","경기도 화성시 오산동 967-157 동탄역 롯데캐슬","경기도 화성시 동탄역로 160, 동탄역 롯데캐슬 (오산동)","18478","롯데백화점 동탄점","2026-01-05 16:29:04","U","2026-01-07 02:40:00","백화점","208569.642431686","410949.263462028","대규모점포",
"39","대규모점포","08_25_01_P","3290000","2011329008507500002","2011-04-22","","01","영업/정상","1","정상영업","","","","","051-608-2500","15674.78","614-091","부산광역시 부산진구 부암1동 257번지","부산광역시 부산진구 신천대로 241 (부암동)","614-837","롯데쇼핑(주) 롯데키즈마트 부산점","2026-01-05 16:25:09","U","2026-01-07 02:40:00","대형마트","386646.262710145","186822.941472238","대규모점포",
"40","대규모점포","08_25_01_P","5670000","2018567056607500002","2018-12-20","","03","폐업","3","폐업처리","2026-01-05","","","","055-714-8291","578.51","","경상남도 창원시 의창구 사림동 106번지 6호","경상남도 창원시 의창구 사림로45번길 8 (사림동)","51143","(주)이마트에브리데이 창원사림점","2026-01-05 16:03:51","U","2026-01-07 02:40:00","그 밖의 대규모점포","352662.39135862","195573.118375138","준대규모점포",
"41","대규모점포","08_25_01_P","3320000","2001332005907500001","2001-03-24","","01","영업/정상","1","정상영업","","","","","051-604-2552","8579.51","","부산광역시 북구 화명동 2273호","부산광역시 북구 화명대로 47 (화명동, 롯데마트(화명점))","616-744","롯데쇼핑(주)롯데마트화명점","2026-01-06 13:31:05","U","2026-01-09 02:40:00","대형마트","383175.025396512","194733.01249893","대규모점포",
"42","대규모점포","08_25_01_P","4000000","2011400010607500001","2011-11-28","","01","영업/정상","1","정상영업","","","","","031-375-5602","427.7","447-802","경기도 오산시 오산동 877번지 21호","경기도 오산시 대원로15번길 17 (오산동)","447-802","롯데쇼핑(주)롯데슈퍼 오산점","2026-01-06 16:42:06","U","2026-01-09 02:40:00","구분없음","206134.694133401","405121.782352674","준대규모점포",
"43","대규모점포","08_25_01_P","4520000","2012452030107500001","2012-10-30","","01","영업/정상","1","정상영업","","","","","041-570-2521","21456.18","","충청남도 아산시 모종동 555번지 5호 아산시외버스터미널복합시설","충청남도 아산시 번영로 225, 아산시외버스터미널복합시설 (모종동)","31522","롯데마트 터미널점","2026-01-06 09:16:01","U","2026-01-09 02:40:00","대형마트","201341.191554264","364818.034415495","대규모점포",
"44","대규모점포","08_25_01_P","3670000","2001367001407500001","2001-10-16","","01","영업/정상","1","정상영업","","","","","042-540-2500","16205.68","","대전광역시 유성구 원내동 33호 외 19필지","대전광역시 유성구 유성대로 26-37 (원내동)","305-252","롯데쇼핑(주) 롯데마트 서대전점","2026-01-06 13:59:18","U","2026-01-09 02:40:00","백화점","228962.548245134","311265.617953081","대규모점포",
"45","대규모점포","08_25_01_P","3670000","2007367007507500001","2007-11-14","","01","영업/정상","1","정상영업","","","","","042-930-2521","18409.34","305-509","대전광역시 유성구 관평동 887번지","대전광역시 유성구 테크노중앙로 14 (관평동)","305-509","롯데쇼핑(주)롯데마트 대덕테크노밸리점","2026-01-06 13:59:31","U","2026-01-09 02:40:00","전문점","234616.595769579","325170.14934764","대규모점포",
"46","대규모점포","08_25_01_P","3670000","2008367009007500002","2008-10-15","","01","영업/정상","1","정상영업","","","","","042-820-8321","10119.72","305-358","대전광역시 유성구 하기동 519번지","대전광역시 유성구 북유성대로 206 (하기동)","305-358","롯데쇼핑(주)롯데마트 노은점","2026-01-06 14:02:26","U","2026-01-09 02:40:00","백화점","228791.561904026","320417.927035738","대규모점포",
"47","대규모점포","08_25_01_P","5350000","2004535010107500002","2004-08-12","","01","영업/정상","1","정상영업","","","","","055 311 2500","11125.31","","경상남도 김해시 대청동 300 롯데마트","경상남도 김해시 번화1로56번길 15, 롯데마트 (대청동)","51004","롯데쇼핑(주) 롯데마트장유점","2026-01-06 13:25:20","U","2026-01-09 02:40:00","대형마트","363984.907414338","189687.574572712","대규모점포",
"48","대규모점포","08_25_01_P","3250000","2009325008307500001","2009-11-30","","01","영업/정상","1","정상영업","","","","","678-2500","104322","600-017","부산광역시 중구 중앙동7가","부산광역시 중구 중앙대로 2 (중앙동7가)","600-017","롯데백화점 광복점","2026-01-07 13:50:37","U","2026-01-09 02:40:00","백화점","385590.814676765","179553.867031936","대규모점포",
"49","대규모점포","08_25_01_P","3250000","2011325008307500001","2011-01-05","","01","영업/정상","1","정상영업","","","","","0516782500","12347","600-017","부산광역시 중구 중앙동7가 20번지 1호","부산광역시 중구 중앙대로 2 (중앙동7가)","600-017","롯데마트 광복점","2026-01-07 13:49:26","U","2026-01-09 02:40:00","대형마트","385590.814676765","179553.867031936","대규모점포",
"50","대규모점포","08_25_01_P","3250000","2014325008307500001","2014-07-23","","01","영업/정상","1","정상영업","","","","","051-678-2500","3331.35","","","부산광역시 중구 중앙대로 2 (중앙동7가)","600-017","롯데전문점 광복점","2026-01-07 13:50:18","U","2026-01-09 02:40:00","전문점","385590.814676765","179553.867031936","대규모점포",
"51","대규모점포","08_25_01_P","4281000","2011428008307500001","2011-11-04","","01","영업/정상","1","정상영업","","","","","033-335-5601","654.25","232-948","강원특별자치도 평창군 진부면 하진부리 206번지 9호","강원특별자치도 평창군 진부면 진부시장뒷길 57-3","232-940","롯데쇼핑(주)롯데슈퍼평창진부점","2026-01-07 13:30:20","U","2026-01-09 02:40:00","복합쇼핑몰","337498.910963726","460723.341252456","준대규모점포",
"52","대규모점포","08_25_01_P","6510000","2007651001907500002","2007-08-08","","01","영업/정상","1","정상영업","","","","","064-798-2500","11235.53","","제주특별자치도 제주시 노형동 708번지 외 2필지","제주특별자치도 제주시 연북로 1 (노형동,외 2필지)","","롯데쇼핑(주) 롯데마트제주점","2026-01-07 15:11:05","U","2026-01-09 02:40:00","대형마트","151724.182129656","-1426.12446748641","대규모점포",
"53","대규모점포","08_25_01_P","3780000","2000378000007530007","1999-03-26","","01","영업/정상","1","정상영업","","","","","031-738-2500","22347.85","","경기도 성남시 분당구 수내동 14번지","경기도 성남시 분당구 황새울로200번길 45 (수내동, 롯데백화점)","13595","롯데백화점 분당점","2026-01-07 09:47:28","U","2026-01-09 02:40:00","백화점","210053.033510874","430715.591035213","대규모점포",
"54","대규모점포","08_25_01_P","3780000","2013378021907500001","2013-01-15","","01","영업/정상","1","정상영업","","","","","02-2145-8000","6214.88","463-400","경기도 성남시 분당구 삼평동 741번지","경기도 성남시 분당구 대왕판교로606번길 58 (삼평동)","","롯데마트 판교점","2026-01-07 09:40:47","U","2026-01-09 02:40:00","대형마트","209993.600292929","432609.081811328","대규모점포",
"55","대규모점포","08_25_01_P","3000000","1991300007607500001","1991-07-31","","01","영업/정상","1","정상영업","","","","","0222620209","55081.94","110-784","서울특별시 종로구 종로6가 289번지 3 호","서울특별시 종로구 종로 266 (종로6가)","110-784","동대문종합시장","2026-01-06 13:54:03","U","2026-01-09 02:40:00","그 밖의 대규모점포","200717.7490316","452011.865092338","대규모점포",
"56","대규모점포","08_25_01_P","5530000","2008553018707500001","2008-12-17","","03","폐업","3","폐업처리","2025-12-31","","","","031-8012-6613","5233","445-893","경기도 화성시 봉담읍 동화리 597번지 1호","경기도 화성시 봉담읍 동화길 81-16","445-893","하나로마트 봉담점","2026-01-07 09:07:51","U","2026-01-09 02:40:00","복합쇼핑몰","196298.667303854","412856.90918779","대규모점포",
"57","대규모점포","08_25_01_P","5370000","2015537016507500001","2015-01-21","","01","영업/정상","1","정상영업","","","","","055-680-5801","10876.03","","경상남도 거제시 옥포동 443번지 옥포아파트","경상남도 거제시 서간도길 9-9 (옥포동, 거제엘크루랜드마크,롯데마트)","53227","롯데쇼핑(주) 롯데마트 거제점","2026-01-06 13:44:04","U","2026-01-09 02:40:00","대형마트","354141.686293625","155958.799201757","대규모점포",
"58","대규모점포","08_25_01_P","3920000","2009392005707500001","2009-10-15","","01","영업/정상","1","정상영업","","","","","0318302521","8798.06","483-010","경기도 동두천시 송내동 551번지","경기도 동두천시 평화로2169번길 21 (송내동)","483-010","롯데쇼핑(주) 롯데마트 동두천점","2026-01-06 13:38:33","U","2026-01-09 02:40:00","대형마트","204589.217640042","486451.318446758","대규모점포",
"59","대규모점포","08_25_01_P","5670000","2015567047107500002","2011-04-01","","01","영업/정상","1","정상영업","","","","","055-719-5213","2459.5","","","경상남도 창원시 마산회원구 내서읍 경남대로 927 (롯데마트 삼계점)","51236","롯데마트 삼계점","2026-01-06 17:46:35","U","2026-01-09 02:40:00","그 밖의 대규모점포","336854.926637507","193664.997477032","준대규모점포",
"60","대규모점포","08_25_01_P","4000000","2025400019407500001","2026-01-06","","01","영업/정상","1","정상영업","","","","","031-371-2501","8575","","경기도 오산시 오산동 868 롯데마트오산점","경기도 오산시 경기대로 271, 롯데마트오산점 (오산동)","18135","롯데쇼핑(주)롯데마트","2026-01-06 16:41:48","U","2026-01-09 02:40:00","대형마트","206416.225089197","405292.957866229","대규모점포",
"61","대규모점포","08_25_01_P","4400000","2011440018107500001","2011-05-20","","01","영업/정상","1","정상영업","","","","","043-641-1051","8257.41","390-160","충청북도 제천시 강제동 684번지","충청북도 제천시 장평천로 11 (강제동)","","(주)이마트 제천점","2026-01-07 09:29:31","U","2026-01-09 02:40:00","대형마트","308612.065962418","403106.413353613","대규모점포",
"62","대규모점포","08_25_01_P","4400000","2012440020907500001","2012-04-20","","01","영업/정상","1","정상영업","","","","","043-640-2600","4067","","","충청북도 제천시 용두대로 111 (하소동)","390-240","롯데쇼핑(주) 롯데마트 제천점","2026-01-06 11:36:27","U","2026-01-09 02:40:00","복합쇼핑몰","306621.778539108","404931.341312042","대규모점포",
"63","대규모점포","08_25_01_P","4060000","2012406029207500006","2012-05-23","","03","폐업","3","폐업처리","2026-01-05","","","","031-948-9489","980.75","","","경기도 파주시 시청로 190 (아동동)","10850","이마트에브리데이 팜스프링점","2026-01-07 09:14:51","U","2026-01-09 02:40:00","구분없음","180355.254248507","474266.843537213","준대규모점포",
"64","대규모점포","08_25_01_P","3910000","2011391024407500002","2011-11-25","","01","영업/정상","1","정상영업","","2025-09-11","2026-09-10","2025-09-11","031-686-5601","887.6","451-885","경기도 평택시 안중읍 현화리 323번지 1호","경기도 평택시 안중읍 안중믿음길 50-6","451-885","롯데슈퍼 주식회사 미친데이 안중점","2026-01-06 17:05:25","U","2026-01-09 02:40:00","구분없음","192967.232439378","387072.994089902","준대규모점포",
"65","대규모점포","08_25_01_P","3010000","2012301010007500002","1979-12-27","","01","영업/정상","1","정상영업","","","","1997-12-27","02-772-3871","59979.25","","","서울특별시 중구 남대문로 81 (소공동)","100-721","롯데백화점 본점","2026-01-08 13:26:13","U","2026-01-10 02:40:00","백화점","198259.65357739","451392.198218657","대규모점포",
"66","대규모점포","08_25_01_P","5380000","2004538012907500001","2004-12-24","","01","영업/정상","1","정상영업","","","","","055-379-2500","8595.08","626-270","경상남도 양산시 삼호동 7B-1L외18필지","경상남도 양산시 삼호1길 34 (삼호동)","626-270","롯데쇼핑(주) 롯데마트 웅상점","2026-01-08 17:09:02","U","2026-01-10 02:40:00","대형마트","396764.399355907","214721.460538956","대규모점포",
"67","대규모점포","08_25_01_P","3510500","2010351009207500001","1997-11-08","","01","영업/정상","1","정상영업","","","","","032-728-2221","59168.33","","인천광역시 미추홀구 관교동 15번지","인천광역시 미추홀구 연남로 35 (관교동)","22242","롯데쇼핑(주)인천점","2026-01-08 14:36:43","U","2026-01-10 02:40:00","백화점","173499.267314606","437739.32138498","대규모점포",
"68","대규모점포","08_25_01_P","3080000","2006308009207500001","2006-12-14","","01","영업/정상","1","정상영업","","","","","02   9442500","45651.37","","서울특별시 강북구 미아동 70번지 6   호","서울특별시 강북구 도봉로 62 (미아동)","142-804","롯데백화점 미아점","2026-01-08 09:35:30","U","2026-01-10 02:40:00","복합쇼핑몰","202625.646264572","456875.973976242","대규모점포",
"69","대규모점포","08_25_01_P","3080000","2011308013907500005","2011-09-09","","01","영업/정상","1","정상영업","","","","","000209441510","8319.26","142-100","서울특별시 강북구 미아동 1359번지","서울특별시 강북구 삼양로 247 (미아동)","142-100","롯데쇼핑(주) 롯데마트 삼양점","2026-01-08 09:32:14","U","2026-01-10 02:40:00","복합쇼핑몰","201494.627293774","458136.342274236","대규모점포",
"70","대규모점포","08_25_01_P","3010000","2005301007107500002","1973-10-30","","02","휴업","2","휴업처리","","2025-04-01","2026-03-30","","02 7712500","13877.55","","서울특별시 중구 남대문로2가 123호","서울특별시 중구 남대문로 67 (남대문로2가)","","롯데쇼핑본점영플라자","2026-01-08 13:35:17","U","2026-01-10 02:40:00","백화점","198315.532747026","451248.141599825","대규모점포",
"71","대규모점포","08_25_01_P","4060000","2025406055207500001","2025-12-30","","01","영업/정상","1","정상영업","","","","","031-960-3194","36314","","경기도 파주시 문발동 645 롯데프리미엄아울렛","경기도 파주시 회동길 390, 롯데프리미엄아울렛 (문발동)","10881","롯데쇼핑(주) 프리미엄아울렛 파주점","2026-01-08 14:31:10","U","2026-01-10 02:40:00","복합쇼핑몰","172931.265518853","468411.848859123","대규모점포",
"72","대규모점포","08_25_01_P","3510500","2023351057907500002","2023-05-02","","01","영업/정상","1","정상영업","","","","","872-5601","165","","인천광역시 미추홀구 용현동 92-17","인천광역시 미추홀구 인하로 107 (용현동)","22208","롯데쇼핑(주)롯데슈퍼 인하대점","2026-01-08 14:40:19","U","2026-01-10 02:40:00","그 밖의 대규모점포","169860.034040713","438759.181290214","준대규모점포",
"73","대규모점포","08_25_01_P","3300000","2008330006407500001","2008-05-26","","01","영업/정상","1","정상영업","","","","","668-2500","11436.38","607-060","부산광역시 동래구 온천동 502번지 3호","부산광역시 동래구 중앙대로 1393 (온천동)","607-716","롯데쇼핑(주) 롯데마트 동래점","2026-01-08 17:48:38","U","2026-01-10 02:40:00","대형마트","389097.800933845","192260.811648263","대규모점포",
"74","대규모점포","08_25_01_P","3300000","2012330007907500001","2001-09-17","","01","영업/정상","1","정상영업","","","","","051-668-2202","29893.22","","","부산광역시 동래구 중앙대로 1393 (온천동)","607-716","롯데백화점 동래점","2026-01-08 17:45:43","U","2026-01-10 02:40:00","백화점","389097.800933845","192260.811648263","대규모점포",
"75","대규모점포","08_25_01_P","5680000","2008463008007500002","2008-11-10","","01","영업/정상","1","정상영업","","","","","041-350-7021","10356.86","343-090","충청남도 당진시 원당동 824번지","충청남도 당진시 정안로 20 (원당동)","343-090","롯데쇼핑(주) 롯데마트 당진점","2026-01-08 09:17:12","U","2026-01-10 02:40:00","대형마트","168374.445833845","378301.437167256","대규모점포",
"76","대규모점포","08_25_01_P","3700000","2010370005307500001","1999-07-14","","01","영업/정상","1","정상영업","","","","","052 228 2511","10704","680-030","울산광역시 남구 달동 830번지 1호","울산광역시 남구 삼산로 74 (달동)","","롯데마트 울산점","2026-01-09 16:30:06","U","2026-01-11 02:40:00","대형마트","409970.39080848","228450.864733161","대규모점포",
"77","대규모점포","08_25_01_P","3700000","2009370005307500001","2001-07-20","","01","영업/정상","1","정상영업","","","","","052-960-2812","29960","680-746","울산광역시 남구 삼산동 1480번지 1호 롯데백화점","울산광역시 남구 삼산로 288 (삼산동)","680-746","롯데백화점 울산점","2026-01-09 17:00:46","U","2026-01-11 02:40:00","백화점","412001.966655452","229039.563308072","대규모점포",
"78","대규모점포","08_25_01_P","5330000","2003533001507500001","2020-02-11","","01","영업/정상","1","정상영업","","","","","055 640 2520","8638.05","","경상남도 통영시 무전동 1069호","경상남도 통영시 무전대로 65 (무전동)","","롯데쇼핑(주)롯데마트통영점","2026-01-09 09:06:03","U","2026-01-11 02:40:00","복합쇼핑몰","330528.677424652","152263.189898881","대규모점포",
"79","대규모점포","08_25_01_P","3410000","2010341007107500002","1997-09-03","","01","영업/정상","1","정상영업","","","","","053 251 3391","25138.34","","대구광역시 중구 덕산동 53-3 동아쇼핑","대구광역시 중구 달구벌대로 2085, 동아쇼핑 (덕산동)","41936","동아쇼핑점","2026-01-09 14:28:49","U","2026-01-11 02:40:00","쇼핑센터","343705.561002201","264056.630948974","대규모점포",
"80","대규모점포","08_25_01_P","4830000","2012483013707500001","2012-04-27","","01","영업/정상","1","정상영업","","","","","061 339 3200","3464.47","520-130","전라남도 나주시 송월동 1106번지 2호","전라남도 나주시 내동길 15 (송월동)","520-130","롯데쇼핑(주) 롯데마트 나주점","2026-01-09 09:30:07","U","2026-01-11 02:40:00","복합쇼핑몰","173723.946573431","168292.405472667","대규모점포",
"81","대규모점포","08_25_01_P","3180000","2009318011707500003","1982-04-22","","01","영업/정상","1","정상영업","","","","","842-0008","8388.65","150-820","서울특별시 영등포구 대림1동 909번지 2호","서울특별시 영등포구 신길로 41 (대림동)","","썬프라자","2026-01-09 17:00:56","U","2026-01-11 02:40:00","쇼핑센터","191800.728214995","443809.773854649","대규모점포",
"82","대규모점포","08_25_01_P","3980000","2007398007807500001","2007-08-09","","01","영업/정상","1","정상영업","","","","","02-2145-8000","10498.3","471-010","경기도 구리시 인창동 430번지","경기도 구리시 동구릉로136번길 57 (인창동)","","롯데쇼핑(주) 롯데마트 그랑그로서리 구리점","2026-01-09 07:25:51","U","2026-01-11 02:40:00","대형마트","212367.118425352","456712.576784184","대규모점포",
"83","대규모점포","08_25_01_P","3980000","2012398010807500004","2012-05-22","","01","영업/정상","1","정상영업","","","","","031-569-5602","592.2","","","경기도 구리시 장자대로37번길 55 (교문동)","471-706","롯데슈퍼 교문점","2026-01-09 07:29:13","U","2026-01-11 02:40:00","복합쇼핑몰","211732.000146084","454218.547394414","준대규모점포",
"84","대규모점포","08_25_01_P","5710000","2011436012407500001","2011-06-10","","03","폐업","3","폐업처리","2017-05-01","","","","0432908000","15531","","충청북도 청주시 청원구 율량동 500-3번지","충청북도 청주시 청원구 충청대로 114 (율량동)","","홈플러스(주) 동청주점","2026-01-09 17:16:33","U","2026-01-11 02:40:00","대형마트","244184.944567344","351834.595747257","대규모점포",
"85","대규모점포","08_25_01_P","3910000","2009391018107500003","2009-05-28","","01","영업/정상","1","정상영업","","","","","031-8053-2521","11450.91","450-020","경기도 평택시 합정동 968번지 1호","경기도 평택시 평택5로 30 (합정동)","450-020","롯데쇼핑(주) 롯데마트 평택점","2026-01-09 17:18:20","U","2026-01-11 02:40:00","전문점","209876.420133429","387425.098329575","대규모점포",
"86","대규모점포","08_25_01_P","5600000","2026560022907500001","2026-01-12","","01","영업/정상","1","정상영업","","","","","031-533-5601","756.39","","경기도 포천시 일동면 기산리 82-33","경기도 포천시 일동면 화동로 1072, 롯데슈퍼 포천일동점","11117","롯데쇼핑(주)롯데슈퍼 포천일동점","2026-01-12 11:30:37","I","2026-01-14 00:20:02","그 밖의 대규모점포","227943.019194804","495179.808446276","준대규모점포",
"87","대규모점포","08_25_01_P","3320000","2010332007907500001","2010-04-30","","01","영업/정상","1","정상영업","","","","","051-366-2007","7653.57","","부산광역시 북구 덕천동 398-2 폴라렉스","부산광역시 북구 만덕대로 23, 폴라렉스 (덕천동)","46548","뉴코아 덕천점","2026-01-12 13:55:25","U","2026-01-14 02:40:00","복합쇼핑몰","382731.210151804","192059.745558294","대규모점포",
"88","대규모점포","08_25_01_P","3390000","2006339001507500001","2006-05-16","","01","영업/정상","1","정상영업","","","","","051 329 2511","14645","617-830","부산광역시 사상구 엄궁동 690번지","부산광역시 사상구 낙동대로 733 (엄궁동)","617-830","롯데쇼핑(주)롯데마트사상점","2026-01-12 14:33:15","U","2026-01-14 02:40:00","복합쇼핑몰","379352.805619145","182712.079140728","대규모점포",
"89","대규모점포","08_25_01_P","3150000","2011315012307500008","2011-10-05","","01","영업/정상","1","정상영업","","","","","000226055602","162.4","157-881","서울특별시 강서구 화곡1동 343번지 52호","서울특별시 강서구 강서로 43 (화곡동)","157-881","롯데쇼핑(주)롯데슈퍼화곡점","2026-01-12 14:43:17","U","2026-01-14 02:40:00","구분없음","186366.013413728","447719.836723478","준대규모점포",
"90","대규모점포","08_25_01_P","3150000","2011315012307500006","2011-10-04","","01","영업/정상","1","정상영업","","","","","000226645606","735.3","157-850","서울특별시 강서구 방화2동 533번지 9호","서울특별시 양천로6길 15","157-850","롯데쇼핑(주)롯데슈퍼개화산점","2026-01-12 14:50:12","U","2026-01-14 02:40:00","구분없음","182944.731406147","452207.427296372","준대규모점포",
"91","대규모점포","08_25_01_P","3150000","2012315014507500005","2012-03-29","","01","영업/정상","1","정상영업","","","","","000220645601","461.2","157-703","서울특별시 강서구 내발산동 719번지 6호","서울특별시 강서구 강서로 267 (내발산동)","157-280","롯데쇼핑(주)롯데슈퍼 우장산점","2026-01-12 14:47:10","U","2026-01-14 02:40:00","구분없음","185431.066605778","449714.813765198","준대규모점포",
"92","대규모점포","08_25_01_P","3150000","2012315014507500006","2012-03-29","","01","영업/정상","1","정상영업","","","","","000226635601","847.4","157-846","서울특별시 강서구 방화1동 187번지 1호","서울특별시 강서구 방화대로34길 83 (방화동)","157-846","롯데쇼핑(주)롯데슈퍼 방화점","2026-01-12 14:48:37","U","2026-01-14 02:40:00","구분없음","184102.782470646","452097.370050563","준대규모점포",
"93","대규모점포","08_25_01_P","3230000","2011323019807500001","1984-02-08","","01","영업/정상","1","정상영업","","","","","024166006","5269","138-851","서울특별시 송파구 송파1동 121번지","서울특별시 송파구 가락로 183 (송파동)","138-851","한화 송파지점","2026-01-12 09:24:51","U","2026-01-14 02:40:00","그 밖의 대규모점포","210057.912138022","444767.367639796","대규모점포",
"94","대규모점포","08_25_01_P","5020000","2006502013207500001","2006-12-01","","01","영업/정상","1","정상영업","","","","","054 222 2500","3411.57","","경상북도 포항시남구 지곡동 481번지 1호","경상북도 포항시 남구 지곡로 237 (지곡동)","","롯데쇼핑(주) 롯데마트 포항점","2026-01-12 11:26:23","U","2026-01-14 02:40:00","대형마트","409480.142751731","283289.316547036","대규모점포",
"95","대규모점포","08_25_01_P","5020000","2011502018807500005","2011-09-30","","01","영업/정상","1","정상영업","","2025-06-05","2026-06-04","","054-276-5602","1785","","경상북도 포항시 북구 죽도동 641번지 1호 외 8필지","경상북도 포항시 북구 포스코대로 277 (죽도동)","37754","롯데쇼핑(주)롯데슈퍼 포항점","2026-01-12 10:29:49","U","2026-01-14 02:40:00","복합쇼핑몰","412221.390119272","282671.390844499","준대규모점포",
"96","대규모점포","08_25_01_P","5710000","2024571023607500001","2024-05-28","","01","영업/정상","1","정상영업","","","","","043-223-3458","47307.68","","충청북도 청주시 흥덕구 가경동 1416 청주센트럴시티(터미널복합)","충청북도 청주시 흥덕구 2순환로 1225, 청주센트럴시티(터미널복합) (가경동)","28396","청주센트럴시티","2026-01-12 17:34:33","U","2026-01-14 02:40:00","쇼핑센터","238449.433440246","347396.698510935","대규모점포",
"97","대규모점포","08_25_01_P","4080000","2006408014107500002","2006-10-04","","01","영업/정상","1","정상영업","","","","","031-691-2500","13587.5","456-824","경기도 안성시 공도읍 양기리 산 2번지 13호","경기도 안성시 공도읍 서동대로 4478","456-820","롯데쇼핑(주)롯데마트안성점","2026-01-12 09:05:43","U","2026-01-14 02:40:00","대형마트","217695.637116434","389592.895375219","대규모점포",
"98","대규모점포","08_25_01_P","4020000","2005402008107500001","2005-10-28","","01","영업/정상","1","정상영업","","","","","031-390-5000","11180","435-045","경기도 군포시 산본동 1231번지","경기도 군포시 번영로 504 (산본동)","435-045","뉴코아아울렛 산본점","2026-01-12 13:29:52","U","2026-01-14 02:40:00","그 밖의 대규모점포","193729.872096481","428221.430499605","대규모점포",
"99","대규모점포","08_25_01_P","3350000","2009335008007500001","2009-07-24","","01","영업/정상","1","정상영업","","","","","051-509-7005","44990.18","","부산광역시 금정구 장전동 40","부산광역시 금정구 부산대학로63번길 2(장전동)","46241","NC 부산대점","2026-01-12 18:18:51","U","2026-01-14 02:40:00","쇼핑센터","389314.662086382","194669.898821674","대규모점포",
"100","대규모점포","08_25_01_P","5020000","2018502031107500002","2018-11-12","","01","영업/정상","1","정상영업","","","","","","542","","경상북도 포항시 북구 장성동 977번지","경상북도 포항시 북구 성실로 67-4, 1층 (장성동)","37617","롯데쇼핑(주) 롯데슈퍼 포항장성점","2026-01-12 10:34:55","U","2026-01-14 02:40:00","구분없음","413736.014340543","288021.958974305","준대규모점포",
"101","대규모점포","08_25_01_P","3820000","2026382042207500001","2026-01-12","","01","영업/정상","1","정상영업","","","","","031-849-2505","6406.64","","경기도 의정부시 장암동 38-10 롯데마트장암점","경기도 의정부시 장곡로 224, 롯데마트장암점 (장암동)","11722","롯데마트 장암점","2026-01-13 15:47:30","I","2026-01-15 00:20:35","대형마트","204630.543411273","469034.163890834","대규모점포",
"102","대규모점포","08_25_01_P","4490000","2004449023407500001","2004-04-30","","01","영업/정상","1","정상영업","","","","","041 629 8513","12126.78","331-170","충청남도 천안시 서북구 성정동 1486번지","충청남도 천안시 서북구 성정두정로 1 (성정동)","331-978","롯데쇼핑(주)롯데마트성정점","2026-01-13 13:49:58","U","2026-01-15 02:40:00","구분없음","212419.103451336","369433.656719309","대규모점포",
"103","대규모점포","08_25_01_P","4030000","2002403006007500003","2002-06-17","","01","영업/정상","1","정상영업","","","","","031 471 2521","11672","","경기도 의왕시 내손동 743호","경기도 의왕시 계원대학로 7 (내손동, 롯데마트)","437-081","롯데쇼핑(주) 롯데마트 의왕점","2026-01-13 12:56:20","U","2026-01-15 02:40:00","대형마트","197598.213989563","430907.769943711","대규모점포",
"104","대규모점포","08_25_01_P","5060000","2014506010207500001","2014-04-01","","01","영업/정상","1","정상영업","","","","2014-11-27","02-2145-8000","9111.86","","경상북도 김천시 신음동 470","경상북도 김천시 시청로 80, 1층 (신음동)","39544","롯데쇼핑(주)롯데마트김천점","2026-01-13 20:15:42","U","2026-01-15 02:40:00","대형마트","300539.27821686","293407.852900489","대규모점포",
"105","대규모점포","08_25_01_P","4030000","2019403018707500001","2019-12-04","","01","영업/정상","1","정상영업","","","","","031-8064-2732","49011.79","","경기도 의왕시 학의동 1039 롯데프리미엄아울렛 타임빌라스","경기도 의왕시 바라산로 1 (학의동)","16016","롯데쇼핑(주) 프리미엄아울렛 의왕점","2026-01-13 12:59:59","U","2026-01-15 02:40:00","복합쇼핑몰","200775.6096513","430435.021970577","대규모점포",
"106","대규모점포","08_25_01_P","3540000","2006354006107500001","2006-12-22","","01","영업/정상","1","정상영업","","","","","032 509 2500","1606.6","","인천광역시 부평구 산곡동 159-52 롯데마트 부평점","인천광역시 부평구 마장로 296, 롯데마트 부평점 (산곡동)","21362","롯데쇼핑(주)롯데마트부평점","2026-01-13 14:54:19","U","2026-01-15 02:40:00","대형마트","173767.426219215","444794.439991356","대규모점포",
"107","대규모점포","08_25_01_P","3540000","2007354006107500003","2007-12-20","","01","영업/정상","1","정상영업","","","","","363-2500","15652.92","","인천광역시 부평구 삼산동 465-1 대덕리치아노","인천광역시 부평구 길주로 623, 대덕리치아노 (삼산동)","21344","롯데쇼핑(주)롯데마트삼산점","2026-01-13 14:55:57","U","2026-01-15 02:40:00","대형마트","176238.624820895","445107.924835985","대규모점포",
"108","대규모점포","08_25_01_P","3540000","2000354004707500001","2000-02-08","","01","영업/정상","1","정상영업","","","","","032 5062500","8082","","인천광역시 부평구 부평동 738-21 부평민자역사","인천광역시 부평구 광장로 16(부평동)","21404","롯데쇼핑(주)롯데마트부평역점","2026-01-13 14:55:21","U","2026-01-15 02:40:00","대형마트","175405.11373693","443089.591009306","대규모점포",
"109","대규모점포","08_25_01_P","3930000","2007393017607500002","2007-10-29","","01","영업/정상","1","정상영업","","","","","0314052001","15823.57","","경기도 안산시 단원구 고잔동 725번지 1호","경기도 안산시 단원구 광덕대로 194 (고잔동)","15462","NC고잔점","2026-01-13 14:29:23","U","2026-01-15 02:40:00","복합쇼핑몰","184953.121683517","423556.960051606","대규모점포",
"110","대규모점포","08_25_01_P","3050000","2010305010007500002","2010-08-11","","01","영업/정상","1","정상영업","","","","","02-3706-4710","10910.6","130-851","서울특별시 동대문구 전농1동 591번지 53호","서울특별시 동대문구 왕산로 214 (전농동)","130-851","롯데쇼핑(주)롯데마트 청량리점","2026-01-13 11:03:56","U","2026-01-15 02:40:00","대형마트","204081.282117393","453187.395154017","대규모점포",
"111","대규모점포","08_25_01_P","3050000","2011305014007500002","2011-09-07","","01","영업/정상","1","정상영업","","","","","02-2248-7800","1701.2","130-020","서울특별시 동대문구 전농동 10번지 외7필지 전농sk아파트 주상가동","서울특별시 동대문구 사가정로 148 (전농동, SK아파트)","130-769","롯데쇼핑(주) 롯데슈퍼 전농점","2026-01-13 11:01:41","U","2026-01-15 02:40:00","구분없음","205271.704936121","452706.897879436","준대규모점포",
"112","대규모점포","08_25_01_P","3050000","2011305014007500003","2011-09-07","","01","영업/정상","1","정상영업","","","","","02-2242-5611","769.5","130-835","서울특별시 동대문구 장안동 94번지 27호 외1필지 예신프라자","서울특별시 동대문구 한천로46길 42 (장안동)","130-835","롯데쇼핑(주) 롯데슈퍼 장안점","2026-01-13 11:00:17","U","2026-01-15 02:40:00","복합쇼핑몰","206176.178625746","453248.09724644","준대규모점포",
"113","대규모점포","08_25_01_P","3230000","2011323019807500003","2011-08-29","","01","영업/정상","1","정상영업","","","","","2290-5853","300.01","138-908","서울특별시 송파구 잠실2동 19번지 8호","서울특별시 송파구 올림픽로 111 (잠실동)","138-908","롯데쇼핑(주)롯데슈퍼신천점","2026-01-13 18:00:13","U","2026-01-15 02:40:00","구분없음","207270.219021574","445550.277249649","준대규모점포",
"114","대규모점포","08_25_01_P","3230000","2011323019807500004","2011-08-29","","01","영업/정상","1","정상영업","","","","","2290-5853","288","138-915","서울특별시 송파구 잠실3동 35번지 2호","서울특별시 송파구 석촌호수로 61 (잠실동)","138-915","롯데쇼핑(주)롯데슈퍼잠실3동점","2026-01-13 17:47:25","U","2026-01-15 02:40:00","구분없음","207553.918225133","445383.338011122","준대규모점포",
"115","대규모점포","08_25_01_P","3230000","2011323019807500005","2011-09-05","","01","영업/정상","1","정상영업","","","","","3431-5602","172.8","138-828","서울특별시 송파구 방이2동 63번지 11호","서울특별시 송파구 올림픽로32길 20 (방이동)","138-828","롯데쇼핑(주)롯데슈퍼방이점","2026-01-13 17:54:01","U","2026-01-15 02:40:00","구분없음","209576.621957045","445779.100983519","준대규모점포",
"116","대규모점포","08_25_01_P","3230000","2012323019807500003","2012-04-05","","01","영업/정상","1","정상영업","","","","","422-9003","693","138-779","서울특별시 송파구 송파2동 121번지 한양2차아파트 1층 6,7호호","서울특별시 송파구 가락로 183, 1층 6,7호 (송파동)","138-851","롯데쇼핑(주)롯데슈퍼송파점","2026-01-13 18:01:52","U","2026-01-15 02:40:00","구분없음","210057.912138022","444767.367639796","준대규모점포",
"117","대규모점포","08_25_01_P","3230000","2012323019807500004","2012-03-30","","01","영업/정상","1","정상영업","","","","","2290-5853","203.3","138-879","서울특별시 송파구 풍납2동 400번지 5호   101호","서울특별시 송파구 강동대로9길 20 (풍납동)","138-879","롯데쇼핑(주)롯데슈퍼풍납점","2026-01-13 17:57:03","U","2026-01-15 02:40:00","구분없음","210274.185529862","447307.649759292","준대규모점포",
"118","대규모점포","08_25_01_P","4090000","2017409032207500001","2017-12-21","","01","영업/정상","1","정상영업","","","","","031-8049-2500","11900.82","","","경기도 김포시 김포한강2로 41-0 (장기동)","415-060","롯데쇼핑(주) 롯데마트 김포한강점","2026-01-13 19:03:00","U","2026-01-15 02:40:00","대형마트","171471.604963288","459839.83969575","대규모점포",
"119","대규모점포","08_25_01_P","3590000","2001359001107500001","2001-10-10","","01","영업/정상","1","정상영업","","","","","062-718-9331","18487","","광주광역시 동구 충장로4가 29번지 2호 외3필지","광주광역시 동구 중앙로 163 (충장로4가)","501-725","NC WAVE 충장점","2026-01-13 14:13:18","U","2026-01-15 02:40:00","쇼핑센터","192005.763977005","183296.861295777","대규모점포",
"120","대규모점포","08_25_01_P","4070000","2013407008807500003","2013-10-30","","01","영업/정상","1","정상영업","","","","","031-633-6898","14628","467-804","경기도 이천시 창전동 152번지 5호","경기도 이천시 영창로 165 (창전동)","467-804","(주)이랜드리테일NC이천점","2026-01-13 14:06:50","U","2026-01-15 02:40:00","쇼핑센터","239066.829966423","420094.84719581","대규모점포",
"121","대규모점포","08_25_01_P","4070000","2014407008807500001","2014-12-17","","01","영업/정상","1","정상영업","","","","","","14460.81","","경기도 이천시 안흥동 474번지 롯데캐슬 골드스카이","경기도 이천시 구만리로 191 (안흥동, 롯데캐슬 골드스카이)","17372","롯데쇼핑(주) 롯데마트 이천점","2026-01-13 13:58:30","U","2026-01-15 02:40:00","대형마트","240254.30365186","419284.62693122","대규모점포",
"122","대규모점포","08_25_01_P","5130000","2001513001707500001","2001-05-12","","01","영업/정상","1","정상영업","","","","","0220125805","12133","","경상북도 경산시 중방동 332번지 13호","경상북도 경산시 중앙로 39 (중방동)","","NC 경산점","2026-01-14 14:18:41","U","2026-01-16 02:40:00","쇼핑센터","356401.773686684","259344.674567842","대규모점포",
"123","대규모점포","08_25_01_P","4810000","2005481001907500002","2005-11-02","","01","영업/정상","1","정상영업","","","","","650-2510","7900","","전라남도 여수시 선원동 1268번지 2호","전라남도 여수시 무선로 187 (선원동)","","롯데쇼핑(주) 롯데마트 여천점","2026-01-14 15:50:55","U","2026-01-16 02:40:00","대형마트","259541.66563628","142254.373781411","대규모점포",
"124","대규모점포","08_25_01_P","3600000","2007360006807500001","2007-01-11","","01","영업/정상","1","정상영업","","","","","062 610 2500","13031","","광주광역시 서구 풍암동 423번지 2   호 월드컵경기장내","광주광역시 서구 금화로 240 (풍암동)","502-156","롯데쇼핑(주)롯데마트 월드컵점","2026-01-14 11:43:33","U","2026-01-16 02:40:00","대형마트","188791.275961965","181590.099672513","대규모점포",
"125","대규모점포","08_25_01_P","3600000","2012360008407500001","2012-04-20","","01","영업/정상","1","정상영업","","","","","062-606-2500","17553.8","502-831","광주광역시 서구 풍암동 423번지 2호","광주광역시 서구 금화로 240 (풍암동)","502-156","롯데아울렛 광주 월드컵점","2026-01-14 11:35:00","U","2026-01-16 02:40:00","쇼핑센터","188791.275961965","181590.099672513","대규모점포",
"126","대규모점포","08_25_01_P","5080000","2009508013307500001","1990-05-12","","01","영업/정상","1","정상영업","","","","","054 459 0220","5755.53","730-729","경상북도 구미시 송정동 60번지 동아백화점","경상북도 구미시 송원동로 28 (송정동, 동아백화점)","730-729","동아백화점구미점","2026-01-14 11:28:59","U","2026-01-16 02:40:00","대형마트","321336.908311758","291866.814770578","대규모점포",
"127","대규모점포","08_25_01_P","3780000","2000378000007530973","1995-09-04","","01","영업/정상","1","정상영업","","","","","031-780-3502","25663.32","","경기도 성남시 분당구 야탑동 산 357번지 1호","경기도 성남시 분당구 야탑로81번길 11 (야탑동, NC백화점)","13497","NC백화점 야탑점","2026-01-14 11:19:30","U","2026-01-16 02:40:00","백화점","211200.046775342","434263.681539619","대규모점포",
"128","대규모점포","08_25_01_P","3780000","2002378007607500001","2002-04-20","","01","영업/정상","1","정상영업","","","","","031-786-2001","20698.77","","경기도 성남시 분당구 구미동 11번지 4호 2001아울렛","경기도 성남시 분당구 미금일로154번길 20, 2001아울렛 (구미동)","13630","이천일아울렛 분당점","2026-01-14 11:20:24","U","2026-01-16 02:40:00","복합쇼핑몰","209436.079182931","427437.237499513","대규모점포",
"129","대규모점포","08_25_01_P","3100000","2005310009607500004","2005-08-26","","01","영업/정상","1","정상영업","","","","","02950 2500","48227.17","","서울특별시 노원구 상계동 713호","서울특별시 노원구 동일로 1414 (상계동)","139-708","롯데백화점 노원점","2026-01-14 14:01:11","U","2026-01-16 02:40:00","복합쇼핑몰","205320.28476675","461419.881795004","대규모점포",
"130","대규모점포","08_25_01_P","3010000","2004301007107500001","2004-06-01","","01","영업/정상","1","정상영업","","","","","02-390-2521","11090.62","","서울특별시 중구 봉래동2가 122호","서울특별시 중구 청파로 426 (봉래동2가)","100-162","롯데쇼핑(주)롯데마트 제타플렉스 서울역점","2026-01-14 09:39:36","U","2026-01-16 02:40:00","대형마트","197242.994816102","450658.947895548","대규모점포",
"131","대규모점포","08_25_01_P","3230000","2014323019807500012","2014-07-17","","01","영업/정상","1","정상영업","","","","","02-2145-8494","6665.89","","서울특별시 송파구 신천동 29번지 롯데월드타워앤드롯데월드몰","서울특별시 송파구 올림픽로 300, 롯데월드타워앤드롯데월드몰 (신천동)","05551","롯데쇼핑(주) 롯데마트 월드타워점","2026-01-14 21:52:13","U","2026-01-16 02:40:00","대형마트","209074.900840074","445657.80932984","대규모점포",
"132","대규모점포","08_25_01_P","3230000","1989323007807500015","1998-08-19","","01","영업/정상","1","정상영업","","","","","024118411","20982","","서울특별시 송파구 잠실동 40번지 1호","서울특별시 송파구 올림픽로 240 (잠실동)","138-721","롯데쇼핑(주)롯데마트 제타플렉스 잠실점","2026-01-14 21:47:39","U","2026-01-16 02:40:00","대형마트","208589.363343145","445455.90405262","대규모점포",
"133","대규모점포","08_25_01_P","3230000","2002323007807500002","2000-07-13","","01","영업/정상","1","정상영업","","","","","0220067710","17693","","서울특별시 송파구 문정동 150번지 2호","서울특별시 송파구 중대로 80 (문정동)","138-885","롯데쇼핑(주)롯데마트 송파점","2026-01-14 21:50:56","U","2026-01-16 02:40:00","대형마트","210343.699256005","443288.284974717","대규모점포",
"134","대규모점포","08_25_01_P","3600000","2000360001207500001","2000-09-04","","01","영업/정상","1","정상영업","","","","","006206022520","14073","","광주광역시 서구 치평동 1239호","광주광역시 서구 시청로 40 (치평동, 롯데마트 상무점)","502-827","롯데쇼핑(주)롯데마트맥스 상무점","2026-01-14 11:44:12","U","2026-01-16 02:40:00","대형마트","186476.010874769","183702.292924632","대규모점포",
"135","대규모점포","08_25_01_P","3990000","2005399008907500001","2005-03-24","","01","영업/정상","1","정상영업","","","","","031 579 7700","7189","","경기도 남양주시 와부읍 덕소리 501-3호","경기도 남양주시 와부읍 월문천로 33","472-901","롯데쇼핑(주)롯데마트덕소점","2026-01-14 19:15:36","U","2026-01-16 02:40:00","구분없음","218882.001813215","453620.325834171","대규모점포",
"136","대규모점포","08_25_01_P","3990000","2010399021407500001","2010-11-12","","01","영업/정상","1","정상영업","","","","","031-748-2500","8090.9","472-845","경기도 남양주시 화도읍 마석우리 255번지 24호","경기도 남양주시 화도읍 경춘로 1992","472-846","롯데쇼핑(주)롯데마트 마석점","2026-01-14 19:11:58","U","2026-01-16 02:40:00","전문점","227234.544976879","460930.696005881","대규모점포",
"137","대규모점포","08_25_01_P","4671000","2007467011207500001","2007-02-20","","01","영업/정상","1","정상영업","","","","","063-441-2520","14381","","전북특별자치도 군산시 수송동 833","전북특별자치도 군산시 수송로 185(수송동)","54091","롯데쇼핑 (주) 롯데마트군산점","2026-01-14 16:18:57","U","2026-01-16 02:40:00","구분없음","174344.898655429","273872.128355095","대규모점포",
"138","대규모점포","08_25_01_P","3310000","2012331008207500002","2012-04-30","","01","영업/정상","1","정상영업","","","","","0516365601","525.6","608-828","부산광역시 남구 문현4동 358번지 9호","부산광역시 남구 지게골로 45 (문현동)","608-828","롯데쇼핑(주)롯데슈퍼 부산문현점","2026-01-14 11:08:36","U","2026-01-16 02:40:00","그 밖의 대규모점포","388650.24444681","183818.88630021","준대규모점포",
"139","대규모점포","08_25_01_P","3400000","2014340004407500001","2014-10-21","","01","영업/정상","1","정상영업","","","","","02-771-2500","81233.42","619-902","부산광역시 기장군 기장읍 당사리 64번지 외 106필지 (동부산관광단지 내)","부산광역시 기장군 기장읍 기장해안로 147 (동부산관광단지내)","619-902","롯데몰 동부산점","2026-01-14 12:35:12","U","2026-01-16 02:40:00","전문점","401473.950698586","190354.255834345","대규모점포",
"140","대규모점포","08_25_01_P","3830000","1999383000007500004","1999-07-22","","01","영업/정상","1","정상영업","","","","","031-380-7536","41816","","경기도 안양시동안구 호계동 1039번지 3호","경기도 안양시 동안구 동안로 119 (호계동)","431-080","(주)뉴코아아울렛 평촌점","2026-01-15 11:00:34","U","2026-01-17 02:40:00","복합쇼핑몰","195607.793974827","431900.704084955","대규모점포",
"141","대규모점포","08_25_01_P","3830000","1997383006207500002","1997-12-16","","01","영업/정상","1","정상영업","","","","","031 4492001","8174","","경기도 안양시만안구 안양동 627번지 287호","경기도 안양시 만안구 안양로 275 (안양동)","","이천일아울렛 안양점","2026-01-15 11:04:11","U","2026-01-17 02:40:00","쇼핑센터","","","대규모점포",
"142","대규모점포","08_25_01_P","4810000","2006481001907500001","2006-05-12","","01","영업/정상","1","정상영업","","","","","061 640 2500","14477","","전라남도 여수시 국동 호 37-100번지 외4필지","전라남도 여수시 국포1로 36 (국동, 외 4필지)","550-806","롯데쇼핑(주) 롯데몰 여수점","2026-01-15 10:18:19","U","2026-01-17 02:40:00","대형마트","266009.018232866","136883.364567217","대규모점포",
"143","대규모점포","08_25_01_P","3110000","2007311011107500001","2007-04-11","","01","영업/정상","1","정상영업","","","","","02-3417-2001","16972.65","","서울특별시 은평구 대조동 240호","서울특별시 은평구 불광로 20 (대조동)","","엔씨백화점 불광점","2026-01-15 10:42:44","U","2026-01-17 02:40:00","쇼핑센터","193661.732383169","456379.193899276","대규모점포",
"144","대규모점포","08_25_01_P","4010000","2000401007807500001","2000-02-26","","01","영업/정상","1","정상영업","","2012-01-30","2012-09-19","2012-09-12","031 435 7500","7480","429-874","경기도 시흥시 대야동 542번지","경기도 시흥시 비둘기공원로 28 (대야동)","429-874","롯데쇼핑(주) 롯데마트 시흥점","2026-01-15 13:52:39","U","2026-01-17 02:40:00","대형마트","181520.673307238","437898.181862031","대규모점포",
"145","대규모점포","08_25_01_P","4010000","2016401023907500001","2016-09-22","","01","영업/정상","1","정상영업","","","","","02-2145-8487","13550.1","","","경기도 시흥시 서울대학로278번길 67 (정왕동, 롯데마트(시흥배곧점))","15011","롯데쇼핑(주) 롯데마트 시흥배곧점","2026-01-15 14:05:53","U","2026-01-17 02:40:00","대형마트","176109.153092015","429698.791930655","대규모점포",
"146","대규모점포","08_25_01_P","4010000","2005401011307500001","2005-03-31","","01","영업/정상","1","정상영업","","","","","031 496 7722","2512","","경기도 시흥시 정왕동 1366번지 4호","경기도 시흥시 마유로238번길 26 (정왕동)","429-853","롯데쇼핑(주) 롯데마트 시화점","2026-01-15 14:08:23","U","2026-01-17 02:40:00","대형마트","176013.580530478","426137.322631345","대규모점포",
"147","대규모점포","08_25_01_P","3100000","2009310010907500001","2009-09-21","","01","영업/정상","1","정상영업","","","","","02-948-2100","12287","139-726","서울특별시 노원구 중계2.3동 509번지 2001아울렛","서울특별시 노원구 동일로204가길 46 (중계동)","139-726","이천일아울렛 중계점","2026-01-15 10:15:19","U","2026-01-17 02:40:00","복합쇼핑몰","205931.05327036","459884.197207567","대규모점포",
"148","대규모점포","08_25_01_P","3980000","2013398010807500001","2013-12-31","","01","영업/정상","1","정상영업","","","","","025578828","19936.36","","경기도 구리시 인창동 419번지 7호 구리 복합몰(롯데아울렛 구리점)","경기도 구리시 동구릉로136번길 47, 구리 복합몰(롯데아울렛 구리점) (인창동)","11915","롯데 아울렛 구리점","2026-01-15 14:05:28","U","2026-01-17 02:40:00","쇼핑센터","212338.516597728","456623.179059563","대규모점포",
"149","대규모점포","08_25_01_P","3860000","2009386021207500004","2009-09-23","","01","영업/정상","1","정상영업","","","","","624-8119","25023.5","","경기도 부천시 원미구 상동 539-1 소풍(부천터미널)","경기도 부천시 원미구 송내대로 239, 소풍(부천터미널) (상동)","14545","뉴코아부천점","2026-01-15 13:46:55","U","2026-01-17 02:40:00","쇼핑센터","178411.442079953","444684.405331659","대규모점포",
"150","대규모점포","08_25_01_P","3340000","2006334001707500001","2006-04-19","","01","영업/정상","1","정상영업","","","","","0512095000","8342.23","","부산광역시 사하구 괴정동 961번지 1호","부산광역시 사하구 사하로 190 (괴정동)","604-811","뉴코아 아울렛 괴정점","2026-01-15 09:18:24","U","2026-01-17 02:40:00","쇼핑센터","381751.00317294","179575.519981971","대규모점포",
